"audit_rate","replicate","method","path_type","lambda","selected","audited_train_n","audited_validation_n","training_estimated_moment","validation_estimated_moment","converged","gradient_norm","log_loss","auc","accuracy","dp_score_signed","eo_score_signed","dp_score","eo_score","dp_decision_signed","eo_decision_signed","dp_decision","eo_decision"
0.01,1,"Unconstrained","exact",0,TRUE,175,57,0.00203280471984273,0.000905220124726151,TRUE,1.08513695273046e-13,0.459985191766891,0.739071040888486,0.810293137908061,0.0225450043231494,0.0156520704595688,0.0225450043231494,0.0156520704595688,0.0208172080416283,0.00671526788917332,0.0208172080416283,0.00671526788917332
0.01,1,"Oracle","exact",0,FALSE,175,57,0.00529178061490764,0.00629127250049168,TRUE,1.05052121372752e-13,0.459985191766892,0.739071040888486,0.810293137908061,0.02254500432315,0.0156520704595693,0.02254500432315,0.0156520704595693,0.0208172080416283,0.00671526788917332,0.0208172080416283,0.00671526788917332
0.01,1,"Oracle","exact",0.001,FALSE,175,57,0.00529177820905107,0.00629127012120198,TRUE,1.11021923359621e-07,0.459985190194421,0.739071040888486,0.810293137908061,0.0225449954653917,0.0156520629158549,0.0225449954653917,0.0156520629158549,0.0208172080416283,0.00671526788917332,0.0208172080416283,0.00671526788917332
0.01,1,"Oracle","exact",0.00316227766016838,FALSE,175,57,0.00529177173392345,0.00629126391448259,TRUE,3.27015255675397e-07,0.459985185613298,0.739070880024194,0.810293137908061,0.0225449720466989,0.0156520426163859,0.0225449720466989,0.0156520426163859,0.0208172080416283,0.00671526788917332,0.0208172080416283,0.00671526788917332
0.01,1,"Oracle","exact",0.01,FALSE,175,57,0.00529175136616696,0.00629124429197505,TRUE,1.02198254684685e-06,0.459985171551179,0.739071040888486,0.810293137908061,0.0225448981889969,0.0156519786441922,0.0225448981889969,0.0156519786441922,0.0208172080416283,0.00671526788917332,0.0208172080416283,0.00671526788917332
0.01,1,"Oracle","exact",0.0316227766016838,FALSE,175,57,0.00529168722448246,0.00629118250464328,TRUE,3.22121257043506e-06,0.459985127257558,0.739072166938527,0.810293137908061,0.022544665617006,0.0156517771643727,0.022544665617006,0.0156517771643727,0.0208172080416283,0.00671526788917332,0.0208172080416283,0.00671526788917332
0.01,1,"Oracle","exact",0.1,FALSE,175,57,0.00529148451496665,0.00629098721315148,TRUE,1.01779949552156e-05,0.459984987357526,0.739073936445736,0.810293137908061,0.0225439305655029,0.0156511404026737,0.0225439305655029,0.0156511404026737,0.0208172080416283,0.00671526788917332,0.0208172080416283,0.00671526788917332
0.01,1,"Oracle","exact",0.316227766016838,FALSE,175,57,0.0052877286987205,0.00628757386933509,TRUE,7.04374605439898e-06,0.459982676334325,0.739073132124277,0.810293137908061,0.0225308674490009,0.0156386715863113,0.0225308674490009,0.0156386715863113,0.0208172080416283,0.00671526788917332,0.0208172080416283,0.00671526788917332
0.01,1,"Oracle","exact",1,FALSE,175,57,0.00527881433635366,0.00627927942073684,TRUE,1.00980212214249e-05,0.459976750441284,0.739083266574652,0.810293137908061,0.0224996613374855,0.0156091517207169,0.0224996613374855,0.0156091517207169,0.0208172080416283,0.00671526788917332,0.0208172080416283,0.00671526788917332
0.01,1,"Oracle","exact",3.16227766016838,FALSE,175,57,0.0052503730703072,0.00625317992796339,TRUE,1.07983673725647e-05,0.459956840475952,0.739106591896944,0.810459693537642,0.0224021867558235,0.0155171336742858,0.0224021867558235,0.0155171336742858,0.0210930701105938,0.00706357858231177,0.0210930701105938,0.00706357858231177
0.01,1,"Oracle","exact",10,FALSE,175,57,0.00516290222934436,0.00617284288570082,TRUE,1.35711523260974e-05,0.459901923811195,0.739135708333736,0.810126582278481,0.0220998360246384,0.0152315388936607,0.0220998360246384,0.0152315388936607,0.0203968633589886,0.00581232602576331,0.0203968633589886,0.00581232602576331
0.01,1,"Oracle","exact",31.6227766016838,FALSE,175,57,0.00490507377328343,0.00593539670106781,TRUE,1.2874457926251e-05,0.459775129966012,0.739278394960443,0.810626249167222,0.0212068762215351,0.0143924036090841,0.0212068762215351,0.0143924036090841,0.0191358293110695,0.00505137437835812,0.0191358293110695,0.00505137437835812
0.01,1,"Oracle","exact",100,FALSE,175,57,0.00423818823092835,0.00531500310935873,TRUE,1.30170796508488e-05,0.459694378897102,0.739465158403068,0.80929380413058,0.0188965026603667,0.0122224372460267,0.0188965026603667,0.0122224372460267,0.0166137612152311,0.00560600554862978,0.0166137612152311,0.00560600554862978
0.01,1,"Oracle","exact",316.227766016838,FALSE,175,57,0.00296861159733483,0.00412257407593279,TRUE,9.78614051228416e-06,0.460515173956145,0.738873821266903,0.807628247834777,0.0144915803037272,0.00811319452010117,0.0144915803037272,0.00811319452010117,0.0145910046237915,0.0051290343332342,0.0145910046237915,0.0051290343332342
0.01,1,"Oracle","exact",1000,TRUE,175,57,0.0015244494976099,0.00274413819293694,TRUE,1.2719592279585e-05,0.463023210000175,0.736152319180493,0.801798800799467,0.00947083663580917,0.00346286875802315,0.00947083663580917,0.00346286875802315,0.0106896261831253,0.00101363627670348,0.0106896261831253,0.00101363627670348
0.01,1,"Oracle","exact",3162.27766016838,FALSE,175,57,0.000599471380623759,0.00184861217495315,TRUE,1.63582006081514e-05,0.465509880555462,0.732973640777168,0.796635576282478,0.00624511222118151,0.000487191790973118,0.00624511222118151,0.000487191790973118,0.00525135162557455,-0.00205682970041221,0.00525135162557455,0.00205682970041221
0.01,1,"Oracle","exact",10000,FALSE,175,57,0.000205290515412797,0.00146299919379623,TRUE,2.82394971673876e-05,0.466777514921169,0.731273305214255,0.794636908727515,0.00486644519774648,-0.000783380595229533,0.00486644519774648,0.000783380595229533,0.00484411010131736,-0.0030374315186984,0.00484411010131736,0.0030374315186984
0.01,1,"SoftProxy","exact",0,FALSE,175,57,0.00203280471984297,0.000905220124726397,TRUE,1.05052121372752e-13,0.459985191766892,0.739071040888486,0.810293137908061,0.02254500432315,0.0156520704595693,0.02254500432315,0.0156520704595693,0.0208172080416283,0.00671526788917332,0.0208172080416283,0.00671526788917332
0.01,1,"SoftProxy","exact",0.001,FALSE,175,57,0.00203280074942867,0.000905216316046928,TRUE,7.52803879572301e-08,0.459985190863711,0.739071040888486,0.810293137908061,0.0225450000773824,0.0156520673925757,0.0225450000773824,0.0156520673925757,0.0208172080416283,0.00671526788917332,0.0208172080416283,0.00671526788917332
0.01,1,"SoftProxy","exact",0.00316227766016838,FALSE,175,57,0.00203279133428393,0.000905207258388289,TRUE,2.13678447337114e-07,0.459985188040032,0.739071040888486,0.810293137908061,0.02254499069706,0.015652060710776,0.02254499069706,0.015652060710776,0.0208172080416283,0.00671526788917332,0.0208172080416283,0.00671526788917332
0.01,1,"SoftProxy","exact",0.01,FALSE,175,57,0.00203276099723505,0.000905178070351427,TRUE,6.69661745659775e-07,0.459985179425407,0.739071201752777,0.810293137908061,0.0225449601645175,0.0156520388847017,0.0225449601645175,0.0156520388847017,0.0208172080416283,0.00671526788917332,0.0208172080416283,0.00671526788917332
0.01,1,"SoftProxy","exact",0.0316227766016838,FALSE,175,57,0.00203266555857267,0.000905086243489901,TRUE,2.10936050647812e-06,0.459985152292644,0.739072006074236,0.810293137908061,0.0225448641555731,0.0156519702570421,0.0225448641555731,0.0156519702570421,0.0208172080416283,0.00671526788917332,0.0208172080416283,0.00671526788917332
0.01,1,"SoftProxy","exact",0.1,FALSE,175,57,0.0020323638491244,0.000904795953892618,TRUE,6.66410140338191e-06,0.459985066635235,0.739073936445736,0.810293137908061,0.0225445605739224,0.015651753243786,0.0225445605739224,0.015651753243786,0.0208172080416283,0.00671526788917332,0.0208172080416283,0.00671526788917332
0.01,1,"SoftProxy","exact",0.316227766016838,FALSE,175,57,0.00202916883052316,0.000901661445520137,TRUE,1.41343292729023e-05,0.459983527999659,0.739072166938527,0.810293137908061,0.0225422883320048,0.015650210890624,0.0225422883320048,0.015650210890624,0.0208172080416283,0.00671526788917332,0.0208172080416283,0.00671526788917332
0.01,1,"SoftProxy","exact",1,FALSE,175,57,0.00201767935806152,0.000890364152994988,TRUE,1.2831816272923e-05,0.459978896490226,0.739083910031819,0.810293137908061,0.0225371253533369,0.0156467736722798,0.0225371253533369,0.0156467736722798,0.0208172080416283,0.00671526788917332,0.0208172080416283,0.00671526788917332
0.01,1,"SoftProxy","exact",3.16227766016838,FALSE,175,57,0.00198375795379642,0.000857023232923187,TRUE,1.38836690401939e-05,0.459967794629871,0.739101765968194,0.810459693537642,0.0225180655787134,0.015632439504041,0.0225180655787134,0.015632439504041,0.0210930701105938,0.00706357858231177,0.0210930701105938,0.00706357858231177
0.01,1,"SoftProxy","exact",10,FALSE,175,57,0.00188462637314111,0.000759976900163966,TRUE,1.07616359979398e-05,0.459936600041666,0.73913039981211,0.810126582278481,0.0224665144408315,0.0155978198113859,0.0224665144408315,0.0155978198113859,0.0203968633589886,0.00671526788917343,0.0203968633589886,0.00671526788917343
0.01,1,"SoftProxy","exact",31.6227766016838,FALSE,175,57,0.00162846128650852,0.000508999131820562,TRUE,1.1117705648403e-05,0.459864996776851,0.739211958007985,0.80979347101932,0.022330979255122,0.0155042157979824,0.022330979255122,0.0155042157979824,0.0199896218347322,0.00657327767316884,0.0199896218347322,0.00657327767316884
0.01,1,"SoftProxy","exact",100,FALSE,175,57,0.00114041672138476,3.14270665258716e-05,TRUE,1.37253580767163e-05,0.459773017341387,0.739341936355652,0.80979347101932,0.022067793619491,0.0153224688445187,0.022067793619491,0.0153224688445187,0.0205413459726628,0.00692158836630696,0.0205413459726628,0.00692158836630696
0.01,1,"SoftProxy","exact",316.227766016838,TRUE,175,57,0.000586675651754684,0.000509783462394067,TRUE,1.39473638451403e-05,0.459743108135636,0.739372983163943,0.80979347101932,0.0217630304699312,0.0151115867632376,0.0217630304699312,0.0151115867632376,0.0201341044484064,0.00803085070685028,0.0201341044484064,0.00803085070685028
0.01,1,"SoftProxy","exact",1000,FALSE,175,57,0.000231728471069473,0.000856467871671045,TRUE,1.54578430621578e-05,0.459766334845444,0.739358505377693,0.80962691538974,0.0215635209164898,0.0149728961092137,0.0215635209164898,0.0149728961092137,0.019976518676349,0.00817284092285542,0.019976518676349,0.00817284092285542
0.01,1,"SoftProxy","exact",3162.27766016838,FALSE,175,57,7.95131566118902e-05,0.00100494709254013,TRUE,1.53714941749249e-05,0.459785467173804,0.739315393747527,0.80962691538974,0.0214771522794891,0.0149130403936987,0.0214771522794891,0.0149130403936987,0.0189913466973951,0.00706357858231188,0.0189913466973951,0.00706357858231188
0.01,1,"SoftProxy","exact",10000,FALSE,175,57,2.59297462194241e-05,0.00105730837855196,TRUE,4.25217941988015e-05,0.459793034802017,0.739321345726318,0.80929380413058,0.021447704330419,0.0148924383260324,0.021447704330419,0.0148924383260324,0.0181506573321156,0.00706357858231188,0.0181506573321156,0.00706357858231188
0.01,1,"IPW","exact",0,FALSE,175,57,0.00550242489377126,0.0236296780270857,TRUE,1.05052121372752e-13,0.459985191766892,0.739071040888486,0.810293137908061,0.02254500432315,0.0156520704595693,0.02254500432315,0.0156520704595693,0.0208172080416283,0.00671526788917332,0.0208172080416283,0.00671526788917332
0.01,1,"IPW","exact",0.001,FALSE,175,57,0.00550240282720228,0.0236296714842223,TRUE,3.72536694333206e-07,0.459985190650226,0.739070880024194,0.810293137908061,0.0225449994750873,0.0156520679787376,0.0225449994750873,0.0156520679787376,0.0208172080416283,0.00671526788917332,0.0208172080416283,0.00671526788917332
0.01,1,"IPW","exact",0.00316227766016838,FALSE,175,57,0.00550234234648053,0.0236296552460969,TRUE,1.11356471890385e-06,0.459985187230237,0.739070880024194,0.810293137908061,0.0225449940037186,0.0156520672783791,0.0225449940037186,0.0156520672783791,0.0208172080416283,0.00671526788917332,0.0208172080416283,0.00671526788917332
0.01,1,"IPW","exact",0.01,FALSE,175,57,0.00550215124721644,0.0236296042771582,TRUE,3.48605746888989e-06,0.459985177093961,0.739072006074236,0.810293137908061,0.0225449739848721,0.0156520627616189,0.0225449739848721,0.0156520627616189,0.0208172080416283,0.00671526788917332,0.0208172080416283,0.00671526788917332
0.01,1,"IPW","exact",0.0316227766016838,FALSE,175,57,0.00550154926790407,0.0236294439016215,TRUE,1.09891818003693e-05,0.459985145174618,0.739074579902902,0.810293137908061,0.0225449114630824,0.0156520489112283,0.0225449114630824,0.0156520489112283,0.0208172080416283,0.00671526788917332,0.0208172080416283,0.00671526788917332
0.01,1,"IPW","exact",0.1,FALSE,175,57,0.00548724711516523,0.0236284201974966,TRUE,1.0905252440516e-05,0.459984864713665,0.739084553488986,0.810459693537642,0.0225486347641779,0.0156553585500728,0.0225486347641779,0.0156553585500728,0.0205413459726628,0.00671526788917332,0.0205413459726628,0.00671526788917332
0.01,1,"IPW","exact",0.316227766016838,FALSE,175,57,0.00544794568207474,0.0236303415660464,TRUE,1.08611306852071e-05,0.459980637157831,0.739110935232819,0.810459693537642,0.0225534622068037,0.0156585822766441,0.0225534622068037,0.0156585822766441,0.0205413459726628,0.00671526788917332,0.0205413459726628,0.00671526788917332
0.01,1,"IPW","exact",1,FALSE,175,57,0.00533175598596457,0.0236249140095149,TRUE,1.34105929429654e-05,0.459972151507035,0.739161768348985,0.810459693537642,0.0225683206441027,0.0156707214824645,0.0225683206441027,0.0156707214824645,0.0203968633589886,0.00706357858231177,0.0203968633589886,0.00706357858231177
0.01,1,"IPW","exact",3.16227766016838,FALSE,175,57,0.00499561347729182,0.0236103210537635,TRUE,1.11494947693608e-05,0.45995412981165,0.739288207682235,0.810459693537642,0.0226134807674425,0.0157080112447702,0.0226134807674425,0.0157080112447702,0.0203968633589886,0.00706357858231177,0.0203968633589886,0.00706357858231177
0.01,1,"IPW","exact",10,FALSE,175,57,0.00416269892360758,0.0235698579814557,TRUE,1.51167873936425e-05,0.459938019324209,0.739627309609068,0.80979347101932,0.0227237770108519,0.015798577446394,0.0227237770108519,0.015798577446394,0.0195561739937091,0.00671526788917343,0.0195561739937091,0.00671526788917343
0.01,1,"IPW","exact",31.6227766016838,TRUE,175,57,0.00271597430215453,0.0235041852229008,TRUE,7.88043426578421e-06,0.460006121719521,0.740084003333108,0.80962691538974,0.0229158268955009,0.0159593840846917,0.0229158268955009,0.0159593840846917,0.0168765201258138,0.00519336459436293,0.0168765201258138,0.00519336459436293
0.01,1,"IPW","exact",100,FALSE,175,57,0.0012894573376819,0.0234328501522891,TRUE,9.20599877707905e-06,0.460199331854759,0.740301652719733,0.808461025982678,0.0230934457063462,0.0161089140506633,0.0230934457063462,0.0161089140506633,0.0173889347885956,0.00693491806005431,0.0173889347885956,0.00693491806005431
0.01,1,"IPW","exact",316.227766016838,FALSE,175,57,0.000483595419859594,0.0233898343482581,TRUE,1.20949004813941e-05,0.460361253987411,0.740324334584857,0.807295136575616,0.0231866390014581,0.0161877005525813,0.0231866390014581,0.0161877005525813,0.0179275557681433,0.00874080178687431,0.0179275557681433,0.00874080178687431
0.01,1,"IPW","exact",1000,FALSE,175,57,0.000162712997917877,0.0233736143682379,TRUE,2.90436071682396e-05,0.460436397965286,0.740323851991982,0.807461692205197,0.0232232777976481,0.016218801243052,0.0232232777976481,0.016218801243052,0.0182034178371092,0.00908911248001265,0.0182034178371092,0.00908911248001265
0.01,1,"IPW","exact",3162.27766016838,FALSE,175,57,5.23710683745514e-05,0.0233682079656365,TRUE,1.56630642336176e-05,0.46046336767465,0.740328356192149,0.807461692205197,0.0232355884313507,0.016229396966977,0.0232355884313507,0.016229396966977,0.0182034178371092,0.00908911248001265,0.0182034178371092,0.00908911248001265
0.01,1,"IPW","exact",10000,FALSE,175,57,1.66472356380729e-05,0.0233699624894843,TRUE,3.45843222127824e-05,0.460472026028675,0.740332056070858,0.807461692205197,0.0232415309808763,0.0162342063494388,0.0232415309808763,0.0162342063494388,0.0182034178371092,0.00908911248001265,0.0182034178371092,0.00908911248001265
0.01,1,"Augmented","exact",0,FALSE,175,57,0.00302603078049144,0.022785185436652,TRUE,1.05052121372752e-13,0.459985191766892,0.739071040888486,0.810293137908061,0.02254500432315,0.0156520704595693,0.02254500432315,0.0156520704595693,0.0208172080416283,0.00671526788917332,0.0208172080416283,0.00671526788917332
0.01,1,"Augmented","exact",0.001,FALSE,175,57,0.00302602035110157,0.0227851798117999,TRUE,1.47259917853955e-07,0.459985190676333,0.739071040888486,0.810293137908061,0.0225449970383567,0.0156520653279856,0.0225449970383567,0.0156520653279856,0.0208172080416283,0.00671526788917332,0.0208172080416283,0.00671526788917332
0.01,1,"Augmented","exact",0.00316227766016838,FALSE,175,57,0.00302599606348331,0.0227851690044487,TRUE,4.18126297162586e-07,0.459985187051764,0.739071040888486,0.810293137908061,0.022544981957231,0.0156520550377977,0.022544981957231,0.0156520550377977,0.0208172080416283,0.00671526788917332,0.0208172080416283,0.00671526788917332
0.01,1,"Augmented","exact",0.01,FALSE,175,57,0.0030259174132643,0.0227851331015446,TRUE,1.31292795143549e-06,0.45998517609545,0.739071523481361,0.810293137908061,0.0225449322153262,0.0156520208664694,0.0225449322153262,0.0156520208664694,0.0208172080416283,0.00671526788917332,0.0208172080416283,0.00671526788917332
0.01,1,"Augmented","exact",0.0316227766016838,FALSE,175,57,0.00302566998605598,0.0227850203223128,TRUE,4.13633238934418e-06,0.459985141588147,0.739072810395694,0.810293137908061,0.0225447758841435,0.0156519134960216,0.0225447758841435,0.0156519134960216,0.0208172080416283,0.00671526788917332,0.0208172080416283,0.00671526788917332
0.01,1,"Augmented","exact",0.1,FALSE,175,57,0.00302488775228794,0.0227846635380414,TRUE,1.30674753755817e-05,0.459985032774683,0.739074419038611,0.810293137908061,0.0225442814738117,0.0156515738916281,0.0225442814738117,0.0156515738916281,0.0208172080416283,0.00671526788917332,0.0208172080416283,0.00671526788917332
0.01,1,"Augmented","exact",0.316227766016838,FALSE,175,57,0.00301399943968204,0.0227850189289141,TRUE,1.25511126627763e-05,0.459982818632061,0.739079405831652,0.810293137908061,0.0225416204446477,0.0156502659049487,0.0225416204446477,0.0156502659049487,0.0208172080416283,0.00671526788917332,0.0208172080416283,0.00671526788917332
0.01,1,"Augmented","exact",1,FALSE,175,57,0.0029811373712123,0.0227900300311014,TRUE,1.41996322810371e-05,0.459976252760555,0.739095331396527,0.810459693537642,0.0225353459944704,0.0156464806495905,0.0225353459944704,0.0156464806495905,0.0210930701105938,0.00706357858231177,0.0210930701105938,0.00706357858231177
0.01,1,"Augmented","exact",3.16227766016838,FALSE,175,57,0.00288700952521311,0.0228004533824949,TRUE,1.2167696711655e-05,0.459960088390867,0.739125734747652,0.810293137908061,0.0225185880375576,0.0156400772792222,0.0225185880375576,0.0156400772792222,0.0208172080416283,0.00671526788917343,0.0208172080416283,0.00671526788917343
0.01,1,"Augmented","exact",10,FALSE,175,57,0.00262656842016197,0.0228277936854061,TRUE,9.65516128839065e-06,0.459921176822548,0.739190402192902,0.810293137908061,0.0224695199925203,0.0156190111849226,0.0224695199925203,0.0156190111849226,0.0208172080416283,0.00761820975258365,0.0208172080416283,0.00761820975258365
0.01,1,"Augmented","exact",31.6227766016838,FALSE,175,57,0.00204587144495198,0.0228862256313612,TRUE,1.27704959283813e-05,0.459863827641998,0.739342579812818,0.810126582278481,0.0223561484411622,0.0155682930336273,0.0223561484411622,0.0155682930336273,0.0210930701105938,0.00761820975258365,0.0210930701105938,0.00761820975258365
0.01,1,"Augmented","exact",100,TRUE,175,57,0.00120611671719328,0.0229784835985045,TRUE,8.03671906970729e-06,0.459859968602983,0.739442959130818,0.80979347101932,0.0221863925664375,0.0154943644512431,0.0221863925664375,0.0154943644512431,0.0190044498557782,0.00636695719603508,0.0190044498557782,0.00636695719603508
0.01,1,"Augmented","exact",316.227766016838,FALSE,175,57,0.000525739436474849,0.023053699003292,TRUE,1.35214351841064e-05,0.459924591289364,0.739440546166443,0.80929380413058,0.0220447360707486,0.0154326059132149,0.0220447360707486,0.0154326059132149,0.0180323810352078,0.00747621953657862,0.0180323810352078,0.00747621953657862
0.01,1,"Augmented","exact",1000,FALSE,175,57,0.000188914746704823,0.0230942747032458,TRUE,1.32028105004693e-05,0.459981025911465,0.739398560586318,0.80962691538974,0.021974873588993,0.0154024671011352,0.021974873588993,0.0154024671011352,0.017047209056254,0.00671526788917343,0.017047209056254,0.00671526788917343
0.01,1,"Augmented","exact",3162.27766016838,FALSE,175,57,6.24866771161702e-05,0.023108512861506,TRUE,1.79625106115477e-05,0.460004820682629,0.739386334900151,0.80946035976016,0.0219467010710724,0.0153896457601359,0.0219467010710724,0.0153896457601359,0.0173230711252195,0.00671526788917343,0.0173230711252195,0.00671526788917343
0.01,1,"Augmented","exact",10000,FALSE,175,57,2.00004660799146e-05,0.0231162405248101,TRUE,2.84391716513193e-05,0.460012566516966,0.73936493994936,0.80946035976016,0.0219368050594257,0.0153844771784495,0.0219368050594257,0.0153844771784495,0.0173230711252195,0.00671526788917343,0.0173230711252195,0.00671526788917343
0.01,1,"AugmentedMisspecified","exact",0,FALSE,175,57,0.00468757711720198,0.0239686522806871,TRUE,1.05052121372752e-13,0.459985191766892,0.739071040888486,0.810293137908061,0.02254500432315,0.0156520704595693,0.02254500432315,0.0156520704595693,0.0208172080416283,0.00671526788917332,0.0208172080416283,0.00671526788917332
0.01,1,"AugmentedMisspecified","exact",0.001,FALSE,175,57,0.00468756334279884,0.0239686430665594,TRUE,2.13840564403995e-07,0.459985189706952,0.739071040888486,0.810293137908061,0.0225449950018135,0.0156520642619017,0.0225449950018135,0.0156520642619017,0.0208172080416283,0.00671526788917332,0.0208172080416283,0.00671526788917332
0.01,1,"AugmentedMisspecified","exact",0.00316227766016838,FALSE,175,57,0.00468753078201908,0.0239686201188185,TRUE,6.09529797613911e-07,0.459985183191107,0.739071362617069,0.810293137908061,0.022544976449182,0.0156520527226492,0.022544976449182,0.0156520527226492,0.0208172080416283,0.00671526788917332,0.0208172080416283,0.00671526788917332
0.01,1,"AugmentedMisspecified","exact",0.01,FALSE,175,57,0.00468742571571392,0.0239685474119931,TRUE,1.91284585044915e-06,0.459985163432403,0.739072006074236,0.810293137908061,0.0225449148570468,0.0156520138475355,0.0225449148570468,0.0156520138475355,0.0208172080416283,0.00671526788917332,0.0208172080416283,0.00671526788917332
0.01,1,"AugmentedMisspecified","exact",0.0316227766016838,FALSE,175,57,0.00468709515067268,0.0239683186445332,TRUE,6.0271662701895e-06,0.459985101242594,0.739073132124277,0.810293137908061,0.022544721326532,0.0156518917492482,0.022544721326532,0.0156518917492482,0.0208172080416283,0.00671526788917332,0.0208172080416283,0.00671526788917332
0.01,1,"AugmentedMisspecified","exact",0.1,FALSE,175,57,0.00468334516097181,0.0239656462801682,TRUE,1.40101971458891e-05,0.459983936435273,0.739076027681527,0.810293137908061,0.0225440492165656,0.0156518112555959,0.0225440492165656,0.0156518112555959,0.0208172080416283,0.00671526788917332,0.0208172080416283,0.00671526788917332
0.01,1,"AugmentedMisspecified","exact",0.316227766016838,FALSE,175,57,0.00466615807355614,0.02396084676051,TRUE,9.90396890745112e-06,0.459980751626261,0.739087288181944,0.810293137908061,0.0225440004809241,0.015652825728927,0.0225440004809241,0.015652825728927,0.0208172080416283,0.00671526788917332,0.0208172080416283,0.00671526788917332
0.01,1,"AugmentedMisspecified","exact",1,FALSE,175,57,0.00461894679152281,0.023950698643562,TRUE,1.03659821774474e-05,0.459972270275685,0.73910240942536,0.810459693537642,0.0225402042856221,0.0156541239511592,0.0225402042856221,0.0156541239511592,0.0210930701105938,0.00706357858231177,0.0210930701105938,0.00706357858231177
0.01,1,"AugmentedMisspecified","exact",3.16227766016838,FALSE,175,57,0.00447735867991054,0.0239112863358095,TRUE,1.00361274268717e-05,0.459949763101678,0.739129595490652,0.809960026648901,0.0225317677097443,0.01566100291713,0.0225317677097443,0.01566100291713,0.0209616906553025,0.00782453022971696,0.0209616906553025,0.00782453022971696
0.01,1,"AugmentedMisspecified","exact",10,FALSE,175,57,0.0040845683594474,0.0238074646998891,TRUE,1.1350568549322e-05,0.459898880695523,0.739185897992735,0.810293137908061,0.0225066131596793,0.015677701156975,0.0225066131596793,0.015677701156975,0.0204099665173719,0.00692158836630696,0.0204099665173719,0.00692158836630696
0.01,1,"AugmentedMisspecified","exact",31.6227766016838,FALSE,175,57,0.00321061657629856,0.0235769557773374,TRUE,8.67926058050051e-06,0.459858523230827,0.739256678281069,0.810293137908061,0.0224455179877604,0.0157142628346648,0.0224455179877604,0.0157142628346648,0.0192803119247436,0.00616063671890155,0.0192803119247436,0.00616063671890155
0.01,1,"AugmentedMisspecified","exact",100,TRUE,175,57,0.00193689046350165,0.0232515182395943,TRUE,1.68752058235201e-05,0.459995745504166,0.739078923238777,0.809127248500999,0.0223335172299794,0.015753469619651,0.0223335172299794,0.015753469619651,0.0174413474221278,0.00595431624176823,0.0174413474221278,0.00595431624176823
0.01,1,"AugmentedMisspecified","exact",316.227766016838,FALSE,175,57,0.000868174672826748,0.0229980275081841,TRUE,1.0814140765621e-05,0.460292783067553,0.738794836899695,0.808960692871419,0.0222328742334648,0.0157900302092648,0.0222328742334648,0.0157900302092648,0.0184134162426982,0.00776019996858823,0.0184134162426982,0.00776019996858823
0.01,1,"AugmentedMisspecified","exact",1000,FALSE,175,57,0.000316923346890008,0.0228765122210218,FALSE,0.000122204357755286,0.460514089933292,0.738546784161945,0.808461025982678,0.022173230038483,0.0158039705309591,0.022173230038483,0.0158039705309591,0.0174413474221278,0.00796652044572188,0.0174413474221278,0.00796652044572188
0.01,1,"AugmentedMisspecified","exact",3162.27766016838,FALSE,175,57,0.000105752211896158,0.0228266604816413,TRUE,1.30406621061813e-05,0.46061039831323,0.738414071121321,0.808461025982678,0.0221520496959898,0.0158117755806878,0.0221520496959898,0.0158117755806878,0.0160489339189168,0.00796652044572188,0.0160489339189168,0.00796652044572188
0.01,1,"AugmentedMisspecified","exact",10000,FALSE,175,57,3.39771935168371e-05,0.0228102899307211,TRUE,3.29816731349885e-05,0.460643332095373,0.738378520112862,0.808627581612258,0.0221455525309461,0.0158156652149082,0.0221455525309461,0.0158156652149082,0.0157730718499514,0.00796652044572188,0.0157730718499514,0.00796652044572188
0.01,2,"Unconstrained","exact",0,TRUE,176,47,0.00730506974376283,0.00705183959425758,TRUE,1.08513695273046e-13,0.459985191766891,0.739071040888486,0.810293137908061,0.0225450043231494,0.0156520704595688,0.0225450043231494,0.0156520704595688,0.0208172080416283,0.00671526788917332,0.0208172080416283,0.00671526788917332
0.01,2,"Oracle","exact",0,FALSE,176,47,0.00529178061490764,0.00629127250049168,TRUE,1.05052121372752e-13,0.459985191766892,0.739071040888486,0.810293137908061,0.02254500432315,0.0156520704595693,0.02254500432315,0.0156520704595693,0.0208172080416283,0.00671526788917332,0.0208172080416283,0.00671526788917332
0.01,2,"Oracle","exact",0.001,FALSE,176,47,0.00529177820905107,0.00629127012120198,TRUE,1.11021923359621e-07,0.459985190194421,0.739071040888486,0.810293137908061,0.0225449954653917,0.0156520629158549,0.0225449954653917,0.0156520629158549,0.0208172080416283,0.00671526788917332,0.0208172080416283,0.00671526788917332
0.01,2,"Oracle","exact",0.00316227766016838,FALSE,176,47,0.00529177173392345,0.00629126391448259,TRUE,3.27015255675397e-07,0.459985185613298,0.739070880024194,0.810293137908061,0.0225449720466989,0.0156520426163859,0.0225449720466989,0.0156520426163859,0.0208172080416283,0.00671526788917332,0.0208172080416283,0.00671526788917332
0.01,2,"Oracle","exact",0.01,FALSE,176,47,0.00529175136616696,0.00629124429197505,TRUE,1.02198254684685e-06,0.459985171551179,0.739071040888486,0.810293137908061,0.0225448981889969,0.0156519786441922,0.0225448981889969,0.0156519786441922,0.0208172080416283,0.00671526788917332,0.0208172080416283,0.00671526788917332
0.01,2,"Oracle","exact",0.0316227766016838,FALSE,176,47,0.00529168722448246,0.00629118250464328,TRUE,3.22121257043506e-06,0.459985127257558,0.739072166938527,0.810293137908061,0.022544665617006,0.0156517771643727,0.022544665617006,0.0156517771643727,0.0208172080416283,0.00671526788917332,0.0208172080416283,0.00671526788917332
0.01,2,"Oracle","exact",0.1,FALSE,176,47,0.00529148451496665,0.00629098721315148,TRUE,1.01779949552156e-05,0.459984987357526,0.739073936445736,0.810293137908061,0.0225439305655029,0.0156511404026737,0.0225439305655029,0.0156511404026737,0.0208172080416283,0.00671526788917332,0.0208172080416283,0.00671526788917332
0.01,2,"Oracle","exact",0.316227766016838,FALSE,176,47,0.0052877286987205,0.00628757386933509,TRUE,7.04374605439898e-06,0.459982676334325,0.739073132124277,0.810293137908061,0.0225308674490009,0.0156386715863113,0.0225308674490009,0.0156386715863113,0.0208172080416283,0.00671526788917332,0.0208172080416283,0.00671526788917332
0.01,2,"Oracle","exact",1,FALSE,176,47,0.00527881433635366,0.00627927942073684,TRUE,1.00980212214249e-05,0.459976750441284,0.739083266574652,0.810293137908061,0.0224996613374855,0.0156091517207169,0.0224996613374855,0.0156091517207169,0.0208172080416283,0.00671526788917332,0.0208172080416283,0.00671526788917332
0.01,2,"Oracle","exact",3.16227766016838,FALSE,176,47,0.0052503730703072,0.00625317992796339,TRUE,1.07983673725647e-05,0.459956840475952,0.739106591896944,0.810459693537642,0.0224021867558235,0.0155171336742858,0.0224021867558235,0.0155171336742858,0.0210930701105938,0.00706357858231177,0.0210930701105938,0.00706357858231177
0.01,2,"Oracle","exact",10,FALSE,176,47,0.00516290222934436,0.00617284288570082,TRUE,1.35711523260974e-05,0.459901923811195,0.739135708333736,0.810126582278481,0.0220998360246384,0.0152315388936607,0.0220998360246384,0.0152315388936607,0.0203968633589886,0.00581232602576331,0.0203968633589886,0.00581232602576331
0.01,2,"Oracle","exact",31.6227766016838,FALSE,176,47,0.00490507377328343,0.00593539670106781,TRUE,1.2874457926251e-05,0.459775129966012,0.739278394960443,0.810626249167222,0.0212068762215351,0.0143924036090841,0.0212068762215351,0.0143924036090841,0.0191358293110695,0.00505137437835812,0.0191358293110695,0.00505137437835812
0.01,2,"Oracle","exact",100,FALSE,176,47,0.00423818823092835,0.00531500310935873,TRUE,1.30170796508488e-05,0.459694378897102,0.739465158403068,0.80929380413058,0.0188965026603667,0.0122224372460267,0.0188965026603667,0.0122224372460267,0.0166137612152311,0.00560600554862978,0.0166137612152311,0.00560600554862978
0.01,2,"Oracle","exact",316.227766016838,FALSE,176,47,0.00296861159733483,0.00412257407593279,TRUE,9.78614051228416e-06,0.460515173956145,0.738873821266903,0.807628247834777,0.0144915803037272,0.00811319452010117,0.0144915803037272,0.00811319452010117,0.0145910046237915,0.0051290343332342,0.0145910046237915,0.0051290343332342
0.01,2,"Oracle","exact",1000,TRUE,176,47,0.0015244494976099,0.00274413819293694,TRUE,1.2719592279585e-05,0.463023210000175,0.736152319180493,0.801798800799467,0.00947083663580917,0.00346286875802315,0.00947083663580917,0.00346286875802315,0.0106896261831253,0.00101363627670348,0.0106896261831253,0.00101363627670348
0.01,2,"Oracle","exact",3162.27766016838,FALSE,176,47,0.000599471380623759,0.00184861217495315,TRUE,1.63582006081514e-05,0.465509880555462,0.732973640777168,0.796635576282478,0.00624511222118151,0.000487191790973118,0.00624511222118151,0.000487191790973118,0.00525135162557455,-0.00205682970041221,0.00525135162557455,0.00205682970041221
0.01,2,"Oracle","exact",10000,FALSE,176,47,0.000205290515412797,0.00146299919379623,TRUE,2.82394971673876e-05,0.466777514921169,0.731273305214255,0.794636908727515,0.00486644519774648,-0.000783380595229533,0.00486644519774648,0.000783380595229533,0.00484411010131736,-0.0030374315186984,0.00484411010131736,0.0030374315186984
0.01,2,"SoftProxy","exact",0,FALSE,176,47,0.00730506974376285,0.00705183959425756,TRUE,1.05052121372752e-13,0.459985191766892,0.739071040888486,0.810293137908061,0.02254500432315,0.0156520704595693,0.02254500432315,0.0156520704595693,0.0208172080416283,0.00671526788917332,0.0208172080416283,0.00671526788917332
0.01,2,"SoftProxy","exact",0.001,FALSE,176,47,0.00730506301876911,0.00705183294706137,TRUE,2.39079488199106e-07,0.459985187540895,0.739071040888486,0.810293137908061,0.0225449897355091,0.0156520573424263,0.0225449897355091,0.0156520573424263,0.0208172080416283,0.00671526788917332,0.0208172080416283,0.00671526788917332
0.01,2,"SoftProxy","exact",0.00316227766016838,FALSE,176,47,0.00730504361030425,0.00705181372785078,TRUE,7.13326229041134e-07,0.459985175292684,0.739070880024194,0.810293137908061,0.0225449494437127,0.0156520205985956,0.0225449494437127,0.0156520205985956,0.0208172080416283,0.00671526788917332,0.0208172080416283,0.00671526788917332
0.01,2,"SoftProxy","exact",0.01,FALSE,176,47,0.00730498319041378,0.00705175391570489,TRUE,2.22636720579603e-06,0.459985137364228,0.739071523481361,0.810293137908061,0.0225448237225141,0.0156519059448768,0.0225448237225141,0.0156519059448768,0.0208172080416283,0.00671526788917332,0.0208172080416283,0.00671526788917332
0.01,2,"SoftProxy","exact",0.0316227766016838,FALSE,176,47,0.00730479284249022,0.00705156548383086,TRUE,7.01733742491656e-06,0.459985017884866,0.739072006074236,0.810293137908061,0.0225444278379003,0.0156515448705452,0.0225444278379003,0.0156515448705452,0.0208172080416283,0.00671526788917332,0.0208172080416283,0.00671526788917332
0.01,2,"SoftProxy","exact",0.1,FALSE,176,47,0.00730140650117861,0.00704820734351622,TRUE,9.62186032773444e-06,0.459983026166472,0.739073936445736,0.810293137908061,0.0225383205370472,0.0156456297523326,0.0225383205370472,0.0156456297523326,0.0208172080416283,0.00671526788917332,0.0208172080416283,0.00671526788917332
0.01,2,"SoftProxy","exact",0.316227766016838,FALSE,176,47,0.00728865297003025,0.00703546148326639,TRUE,8.10603726342346e-06,0.459978561523538,0.739080210153111,0.810293137908061,0.0225218729293789,0.0156296535426175,0.0225218729293789,0.0156296535426175,0.0208172080416283,0.00671526788917332,0.0208172080416283,0.00671526788917332
0.01,2,"SoftProxy","exact",1,FALSE,176,47,0.00725295508916627,0.00699999706212774,TRUE,1.01147797171273e-05,0.459963994407065,0.739085840403319,0.810792804796802,0.0224731111763961,0.0155825487711692,0.0224731111763961,0.0155825487711692,0.0216447942485254,0.00776019996858823,0.0216447942485254,0.00776019996858823
0.01,2,"SoftProxy","exact",3.16227766016838,FALSE,176,47,0.00714232718442771,0.00688994920437468,TRUE,1.05418410725452e-05,0.459921309201532,0.739115278568694,0.810626249167222,0.0223201327146456,0.0154349328952011,0.0223201327146456,0.0154349328952011,0.0212244495658857,0.00776019996858823,0.0212244495658857,0.00776019996858823
0.01,2,"SoftProxy","exact",10,FALSE,176,47,0.00681446998608325,0.00656371933382248,TRUE,1.22776688450889e-05,0.459815500332901,0.739191045650069,0.810293137908061,0.0218657184924617,0.0149963984129872,0.0218657184924617,0.0149963984129872,0.0210799669522113,0.00685725810517823,0.0210799669522113,0.00685725810517823
0.01,2,"SoftProxy","exact",31.6227766016838,FALSE,176,47,0.00595311955214621,0.00570639325144705,TRUE,7.52815471099358e-06,0.459679716511118,0.73924236135911,0.809960026648901,0.0206705600097283,0.0138514043379759,0.0206705600097283,0.0138514043379759,0.0184134162426983,0.00609630645777293,0.0184134162426983,0.00609630645777293
0.01,2,"SoftProxy","exact",100,FALSE,176,47,0.00426463565062174,0.00402468956076657,TRUE,1.52815638197512e-05,0.460019083236932,0.738846313473028,0.808294470353098,0.018312942400269,0.0116151726530568,0.018312942400269,0.0116151726530568,0.0153134176921628,0.00408410225381939,0.0153134176921628,0.00408410225381939
0.01,2,"SoftProxy","exact",316.227766016838,TRUE,176,47,0.00226251348890667,0.00202680187872496,TRUE,9.50418197856344e-06,0.461474521868353,0.737573876925948,0.80363091272485,0.0155048666183099,0.00898456989877583,0.0155048666183099,0.00898456989877583,0.0090872142743258,0.00221388826587043,0.0090872142743258,0.00221388826587043
0.01,2,"SoftProxy","exact",1000,FALSE,176,47,0.00091496145971079,0.000679897832946822,TRUE,1.45835053350746e-05,0.46311988584212,0.73601976700416,0.800632911392405,0.013598394724385,0.00721018968991782,0.013598394724385,0.00721018968991782,0.00685411140583592,0.000330344584174358,0.00685411140583592,0.000330344584174358
0.01,2,"SoftProxy","exact",3162.27766016838,FALSE,176,47,0.000317610458073933,8.20232013075474e-05,TRUE,1.44492211512332e-05,0.464022507830941,0.735074689290621,0.800299800133245,0.0127503091688828,0.00642247856877187,0.0127503091688828,0.00642247856877187,0.00697238770274367,-0.000430607063230948,0.00697238770274367,0.000430607063230948
0.01,2,"SoftProxy","exact",10000,FALSE,176,47,0.000103653773828384,0.000132227765638687,TRUE,2.16489391197975e-05,0.464371801308098,0.734719179206038,0.799800133244504,0.0124463030170173,0.00613922642586018,0.0124463030170173,0.00613922642586018,0.0062630777927557,-0.000985238233502717,0.0062630777927557,0.000985238233502717
0.01,2,"IPW","exact",0,FALSE,176,47,0.00145005517189256,0.0239899212613299,TRUE,1.05052121372752e-13,0.459985191766892,0.739071040888486,0.810293137908061,0.02254500432315,0.0156520704595693,0.02254500432315,0.0156520704595693,0.0208172080416283,0.00671526788917332,0.0208172080416283,0.00671526788917332
0.01,2,"IPW","exact",0.001,FALSE,176,47,0.0014500488872714,0.0239899192307897,TRUE,8.94530746803046e-08,0.45998519074737,0.739071040888486,0.810293137908061,0.0225449975471711,0.0156520644753243,0.0225449975471711,0.0156520644753243,0.0208172080416283,0.00671526788917332,0.0208172080416283,0.00671526788917332
0.01,2,"IPW","exact",0.00316227766016838,FALSE,176,47,0.00145003304978509,0.0239899155726181,TRUE,2.6138044555392e-07,0.459985187562103,0.739070880024194,0.810293137908061,0.0225449805728534,0.0156520490508657,0.0225449805728534,0.0156520490508657,0.0208172080416283,0.00671526788917332,0.0208172080416283,0.00671526788917332
0.01,2,"IPW","exact",0.01,FALSE,176,47,0.00144998245711899,0.0239899034681592,TRUE,8.18915967302673e-07,0.459985177776668,0.739071201752777,0.810293137908061,0.0225449265437431,0.0156520001041892,0.0225449265437431,0.0156520001041892,0.0208172080416283,0.00671526788917332,0.0208172080416283,0.00671526788917332
0.01,2,"IPW","exact",0.0316227766016838,FALSE,176,47,0.001449823195661,0.0239898654856426,TRUE,2.58070808169033e-06,0.459985146929107,0.739072649531402,0.810293137908061,0.0225447565067692,0.0156518460268321,0.0225447565067692,0.0156518460268321,0.0208172080416283,0.00671526788917332,0.0208172080416283,0.00671526788917332
0.01,2,"IPW","exact",0.1,FALSE,176,47,0.0014493198206114,0.0239897453180125,TRUE,8.15174058935271e-06,0.459985049520435,0.739073453852861,0.810293137908061,0.0225442190985728,0.0156513590957009,0.0225442190985728,0.0156513590957009,0.0208172080416283,0.00671526788917332,0.0208172080416283,0.00671526788917332
0.01,2,"IPW","exact",0.316227766016838,FALSE,176,47,0.00144126666918746,0.0239911497523274,TRUE,1.35924752149816e-05,0.459982810676092,0.739076027681527,0.810293137908061,0.0225367328810755,0.0156436680444292,0.0225367328810755,0.0156436680444292,0.0208172080416283,0.00671526788917332,0.0208172080416283,0.00671526788917332
0.01,2,"IPW","exact",1,FALSE,176,47,0.00141652024042736,0.0239996163443511,TRUE,7.22307708739182e-06,0.459975452216787,0.739099996460986,0.810293137908061,0.0225190087855199,0.0156248332764981,0.0225190087855199,0.0156248332764981,0.0208172080416283,0.00671526788917332,0.0208172080416283,0.00671526788917332
0.01,2,"IPW","exact",3.16227766016838,FALSE,176,47,0.00134860098442806,0.0240177410822825,TRUE,1.02212438065073e-05,0.459955982402077,0.739135386605152,0.810459693537642,0.0224685684142741,0.0155715147492436,0.0224685684142741,0.0155715147492436,0.0210930701105938,0.00706357858231177,0.0210930701105938,0.00706357858231177
0.01,2,"IPW","exact",10,FALSE,176,47,0.0011703255770623,0.0240620872310389,TRUE,1.12359511826163e-05,0.459907160018192,0.739237374566069,0.810293137908061,0.022335991329916,0.0154326413879128,0.022335991329916,0.0154326413879128,0.0208172080416285,0.00671526788917332,0.0208172080416285,0.00671526788917332
0.01,2,"IPW","exact",31.6227766016838,FALSE,176,47,0.000824806323670611,0.0241588226057169,TRUE,1.36921436366917e-05,0.459818822379091,0.73944794592386,0.810459693537642,0.0220801604009601,0.0151633337486717,0.0220801604009601,0.0151633337486717,0.0203968633589887,0.00706357858231177,0.0203968633589887,0.00706357858231177
0.01,2,"IPW","exact",100,TRUE,176,47,0.000425398564447749,0.0242681864470724,TRUE,8.20014936436984e-06,0.459728183971586,0.739677660132359,0.809960026648901,0.0217892795001564,0.0148580248343525,0.0217892795001564,0.0148580248343525,0.0205282428142802,0.00616063671890155,0.0205282428142802,0.00616063671890155
0.01,2,"IPW","exact",316.227766016838,FALSE,176,47,0.000167586095159295,0.0243382556666331,TRUE,1.39406624287975e-05,0.459677442795139,0.739817290337525,0.809960026648901,0.0215985497686773,0.0146576653559227,0.0215985497686773,0.0146576653559227,0.0217761737038162,0.00741188927545,0.0217761737038162,0.00741188927545
0.01,2,"IPW","exact",1000,FALSE,176,47,5.76978090124867e-05,0.0243630744459695,TRUE,1.46886904934503e-05,0.459657283347737,0.739874397161067,0.809960026648901,0.0215165743458193,0.0145719898837461,0.0215165743458193,0.0145719898837461,0.0217761737038162,0.00741188927545,0.0217761737038162,0.00741188927545
0.01,2,"IPW","exact",3162.27766016838,FALSE,176,47,1.87991723790803e-05,0.0243709443997868,TRUE,1.95373561403714e-05,0.459650198193344,0.739890966183109,0.809960026648901,0.0214853246263349,0.014539468731766,0.0214853246263349,0.014539468731766,0.0217761737038162,0.00741188927545,0.0217761737038162,0.00741188927545
0.01,2,"IPW","exact",10000,FALSE,176,47,5.9686794936363e-06,0.0243714530429548,TRUE,2.36435717959057e-05,0.459648232832658,0.739896274704734,0.80979347101932,0.021474073925991,0.0145279234330596,0.021474073925991,0.0145279234330596,0.0213558290211766,0.00741188927545,0.0213558290211766,0.00741188927545
0.01,2,"Augmented","exact",0,FALSE,176,47,0.00839200295703125,0.00946033156384158,TRUE,1.05052121372752e-13,0.459985191766892,0.739071040888486,0.810293137908061,0.02254500432315,0.0156520704595693,0.02254500432315,0.0156520704595693,0.0208172080416283,0.00671526788917332,0.0208172080416283,0.00671526788917332
0.01,2,"Augmented","exact",0.001,FALSE,176,47,0.0083919836580308,0.00946033374196784,TRUE,4.21152981400596e-07,0.459985186304084,0.739071040888486,0.810293137908061,0.0225449836973314,0.0156520513094826,0.0225449836973314,0.0156520513094826,0.0208172080416283,0.00671526788917332,0.0208172080416283,0.00671526788917332
0.01,2,"Augmented","exact",0.00316227766016838,FALSE,176,47,0.0083919281319558,0.00946034412883149,TRUE,1.24863487330594e-06,0.459985170959812,0.739071684345652,0.810293137908061,0.0225449239841861,0.0156519955953706,0.0225449239841861,0.0156519955953706,0.0208172080416283,0.00671526788917332,0.0208172080416283,0.00671526788917332
0.01,2,"Augmented","exact",0.01,FALSE,176,47,0.00839175577320632,0.00946037627811237,TRUE,3.89265775753602e-06,0.45998512333161,0.739072006074236,0.810293137908061,0.0225447399294619,0.0156518235548944,0.0225447399294619,0.0156518235548944,0.0208172080416283,0.00671526788917332,0.0208172080416283,0.00671526788917332
0.01,2,"Augmented","exact",0.0316227766016838,FALSE,176,47,0.00839121287254641,0.00946047785530713,TRUE,1.22677307576195e-05,0.459984973310719,0.739071845209944,0.810293137908061,0.0225441603315042,0.0156512817717644,0.0225441603315042,0.0156512817717644,0.0208172080416283,0.00671526788917332,0.0208172080416283,0.00671526788917332
0.01,2,"Augmented","exact",0.1,FALSE,176,47,0.00838008371543608,0.00946694382817704,TRUE,1.28267880180283e-05,0.459982053480838,0.739074901631486,0.810293137908061,0.0225343957028257,0.0156414578386378,0.0225343957028257,0.0156414578386378,0.0208172080416283,0.00671526788917332,0.0208172080416283,0.00671526788917332
0.01,2,"Augmented","exact",0.316227766016838,FALSE,176,47,0.00834523714982065,0.009480797749862,TRUE,7.78149335611796e-06,0.459978257756284,0.739073292988569,0.810626249167222,0.0225134979508093,0.0156217375082617,0.0225134979508093,0.0156217375082617,0.0208172080416283,0.00706357858231177,0.0208172080416283,0.00706357858231177
0.01,2,"Augmented","exact",1,FALSE,176,47,0.00824495878323412,0.00952082870428053,TRUE,1.10245991308391e-05,0.459962693147082,0.739087127317652,0.810959360426382,0.0224453903324323,0.0155563660220398,0.0224453903324323,0.0155563660220398,0.0213689321795597,0.00776019996858823,0.0213689321795597,0.00776019996858823
0.01,2,"Augmented","exact",3.16227766016838,FALSE,176,47,0.00793715806125411,0.00964683921192941,TRUE,1.10988719582323e-05,0.459920326455733,0.739120104497444,0.810293137908061,0.0222450067272202,0.0153653973420464,0.0222450067272202,0.0153653973420464,0.0206727254279541,0.00706357858231177,0.0206727254279541,0.00706357858231177
0.01,2,"Augmented","exact",10,FALSE,176,47,0.00711526520372667,0.00998766085125177,TRUE,1.41620074748732e-05,0.459859831904966,0.739168846377819,0.810626249167222,0.0216892996596204,0.0148354129515454,0.0216892996596204,0.0148354129515454,0.0185578988563729,0.00554167528750116,0.0185578988563729,0.00554167528750116
0.01,2,"Augmented","exact",31.6227766016838,FALSE,176,47,0.00539912324691995,0.0107176044112902,TRUE,1.21572695520432e-05,0.459983041373509,0.739070880024194,0.80979347101932,0.0204782797013205,0.0136819316874475,0.0204782797013205,0.0136819316874475,0.0199372092012005,0.00644461715091138,0.0199372092012005,0.00644461715091138
0.01,2,"Augmented","exact",100,TRUE,176,47,0.00311237385040005,0.0117272730517824,TRUE,1.24390432013535e-05,0.460689706105011,0.738509302781987,0.808461025982678,0.0187608412482729,0.0120514392924568,0.0187608412482729,0.0120514392924568,0.015182038236871,0.00373579156068116,0.015182038236871,0.00373579156068116
0.01,2,"Augmented","exact",316.227766016838,FALSE,176,47,0.00134742597081013,0.0125336468287992,TRUE,1.0090011202282e-05,0.461683522750193,0.737736028131947,0.806795469686875,0.0173624428823609,0.0107272980627984,0.0173624428823609,0.0107272980627984,0.0147223840790831,0.00297483991327596,0.0147223840790831,0.00297483991327596
0.01,2,"Augmented","exact",1000,FALSE,176,47,0.000484255624394876,0.0129405741014707,TRUE,2.17640275863086e-05,0.462318505276739,0.737250217971115,0.806129247168554,0.0166553842040432,0.0100578889725947,0.0166553842040432,0.0100578889725947,0.0120558333695701,0.0027685194361422,0.0120558333695701,0.0027685194361422
0.01,2,"Augmented","exact",3162.27766016838,FALSE,176,47,0.000160409371990598,0.0130928811878049,TRUE,2.76380206858346e-05,0.462581606415193,0.737018734255407,0.806295802798135,0.0163826392724095,0.00979972273209928,0.0163826392724095,0.00979972273209928,0.0131723848038149,0.00457440316296243,0.0131723848038149,0.00457440316296243
0.01,2,"Augmented","exact",10000,FALSE,176,47,5.14292148185388e-05,0.0131442518845073,TRUE,1.15902128134938e-05,0.462674283855171,0.736932832723658,0.806129247168554,0.0162967969485287,0.00971922896773147,0.0162967969485287,0.00971922896773147,0.0127520401211751,0.00457440316296243,0.0127520401211751,0.00457440316296243
0.01,2,"AugmentedMisspecified","exact",0,FALSE,176,47,0.00724478974606849,0.0051754448727869,TRUE,1.05052121372752e-13,0.459985191766892,0.739071040888486,0.810293137908061,0.02254500432315,0.0156520704595693,0.02254500432315,0.0156520704595693,0.0208172080416283,0.00671526788917332,0.0208172080416283,0.00671526788917332
0.01,2,"AugmentedMisspecified","exact",0.001,FALSE,176,47,0.00724477604336474,0.00517544498780569,TRUE,3.18932939652764e-07,0.45998518634958,0.739071040888486,0.810293137908061,0.0225449895456449,0.0156520565936943,0.0225449895456449,0.0156520565936943,0.0208172080416283,0.00671526788917332,0.0208172080416283,0.00671526788917332
0.01,2,"AugmentedMisspecified","exact",0.00316227766016838,FALSE,176,47,0.0072447373724113,0.00517545007340268,TRUE,9.41812460970417e-07,0.459985171223004,0.739071040888486,0.810293137908061,0.022544944937944,0.0156520148054833,0.022544944937944,0.0156520148054833,0.0208172080416283,0.00671526788917332,0.0208172080416283,0.00671526788917332
0.01,2,"AugmentedMisspecified","exact",0.01,FALSE,176,47,0.00724461710689352,0.00517546436029922,TRUE,2.93706126433281e-06,0.45998512419827,0.739071845209944,0.810293137908061,0.0225448084543759,0.0156518865006136,0.0225448084543759,0.0156518865006136,0.0208172080416283,0.00671526788917332,0.0208172080416283,0.00671526788917332
0.01,2,"AugmentedMisspecified","exact",0.0316227766016838,FALSE,176,47,0.00724423831595096,0.00517550964801389,TRUE,9.2568416931077e-06,0.459984976087622,0.739072166938527,0.810293137908061,0.0225443785534416,0.0156514823472828,0.0225443785534416,0.0156514823472828,0.0208172080416283,0.00671526788917332,0.0208172080416283,0.00671526788917332
0.01,2,"AugmentedMisspecified","exact",0.1,FALSE,176,47,0.00723673550888963,0.00517952369803279,TRUE,1.02157819060922e-05,0.45998211339035,0.739075223360069,0.810293137908061,0.0225363713041189,0.0156433529842986,0.0225363713041189,0.0156433529842986,0.0208172080416283,0.00671526788917332,0.0208172080416283,0.00671526788917332
0.01,2,"AugmentedMisspecified","exact",0.316227766016838,FALSE,176,47,0.00721312590400235,0.00518659496650326,TRUE,6.19222688785871e-06,0.459977360798333,0.739085196946152,0.810626249167222,0.0225190551801846,0.015626173278588,0.0225190551801846,0.015626173278588,0.0208172080416283,0.00706357858231177,0.0208172080416283,0.00706357858231177
0.01,2,"AugmentedMisspecified","exact",1,FALSE,176,47,0.00714491824831632,0.00520970585636068,TRUE,1.36727029845596e-05,0.459960329191136,0.739109165725611,0.810626249167222,0.0224627906495699,0.0155703708442929,0.0224627906495699,0.0155703708442929,0.0206727254279541,0.00741188927545,0.0206727254279541,0.00741188927545
0.01,2,"AugmentedMisspecified","exact",3.16227766016838,FALSE,176,47,0.00692986075811228,0.00528349727792992,TRUE,9.5157506802353e-06,0.459910671253524,0.739172385392235,0.810626249167222,0.0222958132410203,0.015406292458661,0.0222958132410203,0.015406292458661,0.0206727254279541,0.00741188927545,0.0206727254279541,0.00741188927545
0.01,2,"AugmentedMisspecified","exact",10,FALSE,176,47,0.00634233346410812,0.00549034225753626,TRUE,1.47022773357975e-05,0.459807881666967,0.739310567818777,0.810293137908061,0.021822024171125,0.0149386280896651,0.021822024171125,0.0149386280896651,0.0202392775869318,0.00720556879831646,0.0202392775869318,0.00720556879831646
0.01,2,"AugmentedMisspecified","exact",31.6227766016838,FALSE,176,47,0.00503030399787959,0.00597129658994051,TRUE,7.72413366157162e-06,0.459754153557833,0.73951454374061,0.80946035976016,0.0207152831539172,0.0138460147096044,0.0207152831539172,0.0138460147096044,0.0196482439738517,0.00679292784404961,0.0196482439738517,0.00679292784404961
0.01,2,"AugmentedMisspecified","exact",100,TRUE,176,47,0.00308521870918628,0.00673917369740323,TRUE,7.94820960952804e-06,0.460144487853039,0.739505213611693,0.808794137241839,0.0189504043947333,0.0120986891462584,0.0189504043947333,0.0120986891462584,0.0167189343537566,0.00463873342409116,0.0167189343537566,0.00463873342409116
0.01,2,"AugmentedMisspecified","exact",316.227766016838,FALSE,176,47,0.00140513783945707,0.00744945477294911,TRUE,1.04720893917438e-05,0.460955753407605,0.739314106833193,0.806628914057295,0.0173152881432541,0.010472851465494,0.0173152881432541,0.010472851465494,0.0143020393964434,0.00387778177668596,0.0143020393964434,0.00387778177668596
0.01,2,"AugmentedMisspecified","exact",1000,FALSE,176,47,0.000518367386138255,0.00783953714282152,TRUE,1.27528953524299e-05,0.461568614105657,0.738967605148944,0.805629580279813,0.0164148322677414,0.00957432306925654,0.0164148322677414,0.00957432306925654,0.012042730211187,0.00311683012928066,0.012042730211187,0.00311683012928066
0.01,2,"AugmentedMisspecified","exact",3162.27766016838,FALSE,176,47,0.000173068730165369,0.00799367691888538,TRUE,1.23476911364178e-05,0.461842473002656,0.738851139401778,0.805629580279813,0.0160570134645625,0.00921606387206109,0.0160570134645625,0.00921606387206109,0.011898247597513,0.00256219895900889,0.011898247597513,0.00256219895900889
0.01,2,"AugmentedMisspecified","exact",10000,FALSE,176,47,5.58604082484124e-05,0.00804572485704622,TRUE,7.27888337813404e-05,0.461940154208627,0.738781646027778,0.805629580279813,0.0159345886247598,0.00909292446883248,0.0159345886247598,0.00909292446883248,0.0127389369627925,0.00311683012928055,0.0127389369627925,0.00311683012928055
0.01,3,"Unconstrained","exact",0,TRUE,172,68,0.0200155881930134,0.0206246934928402,TRUE,1.08513695273046e-13,0.459985191766891,0.739071040888486,0.810293137908061,0.0225450043231494,0.0156520704595688,0.0225450043231494,0.0156520704595688,0.0208172080416283,0.00671526788917332,0.0208172080416283,0.00671526788917332
0.01,3,"Oracle","exact",0,FALSE,172,68,0.00529178061490764,0.00629127250049168,TRUE,1.05052121372752e-13,0.459985191766892,0.739071040888486,0.810293137908061,0.02254500432315,0.0156520704595693,0.02254500432315,0.0156520704595693,0.0208172080416283,0.00671526788917332,0.0208172080416283,0.00671526788917332
0.01,3,"Oracle","exact",0.001,FALSE,172,68,0.00529177820905107,0.00629127012120198,TRUE,1.11021923359621e-07,0.459985190194421,0.739071040888486,0.810293137908061,0.0225449954653917,0.0156520629158549,0.0225449954653917,0.0156520629158549,0.0208172080416283,0.00671526788917332,0.0208172080416283,0.00671526788917332
0.01,3,"Oracle","exact",0.00316227766016838,FALSE,172,68,0.00529177173392345,0.00629126391448259,TRUE,3.27015255675397e-07,0.459985185613298,0.739070880024194,0.810293137908061,0.0225449720466989,0.0156520426163859,0.0225449720466989,0.0156520426163859,0.0208172080416283,0.00671526788917332,0.0208172080416283,0.00671526788917332
0.01,3,"Oracle","exact",0.01,FALSE,172,68,0.00529175136616696,0.00629124429197505,TRUE,1.02198254684685e-06,0.459985171551179,0.739071040888486,0.810293137908061,0.0225448981889969,0.0156519786441922,0.0225448981889969,0.0156519786441922,0.0208172080416283,0.00671526788917332,0.0208172080416283,0.00671526788917332
0.01,3,"Oracle","exact",0.0316227766016838,FALSE,172,68,0.00529168722448246,0.00629118250464328,TRUE,3.22121257043506e-06,0.459985127257558,0.739072166938527,0.810293137908061,0.022544665617006,0.0156517771643727,0.022544665617006,0.0156517771643727,0.0208172080416283,0.00671526788917332,0.0208172080416283,0.00671526788917332
0.01,3,"Oracle","exact",0.1,FALSE,172,68,0.00529148451496665,0.00629098721315148,TRUE,1.01779949552156e-05,0.459984987357526,0.739073936445736,0.810293137908061,0.0225439305655029,0.0156511404026737,0.0225439305655029,0.0156511404026737,0.0208172080416283,0.00671526788917332,0.0208172080416283,0.00671526788917332
0.01,3,"Oracle","exact",0.316227766016838,FALSE,172,68,0.0052877286987205,0.00628757386933509,TRUE,7.04374605439898e-06,0.459982676334325,0.739073132124277,0.810293137908061,0.0225308674490009,0.0156386715863113,0.0225308674490009,0.0156386715863113,0.0208172080416283,0.00671526788917332,0.0208172080416283,0.00671526788917332
0.01,3,"Oracle","exact",1,FALSE,172,68,0.00527881433635366,0.00627927942073684,TRUE,1.00980212214249e-05,0.459976750441284,0.739083266574652,0.810293137908061,0.0224996613374855,0.0156091517207169,0.0224996613374855,0.0156091517207169,0.0208172080416283,0.00671526788917332,0.0208172080416283,0.00671526788917332
0.01,3,"Oracle","exact",3.16227766016838,FALSE,172,68,0.0052503730703072,0.00625317992796339,TRUE,1.07983673725647e-05,0.459956840475952,0.739106591896944,0.810459693537642,0.0224021867558235,0.0155171336742858,0.0224021867558235,0.0155171336742858,0.0210930701105938,0.00706357858231177,0.0210930701105938,0.00706357858231177
0.01,3,"Oracle","exact",10,FALSE,172,68,0.00516290222934436,0.00617284288570082,TRUE,1.35711523260974e-05,0.459901923811195,0.739135708333736,0.810126582278481,0.0220998360246384,0.0152315388936607,0.0220998360246384,0.0152315388936607,0.0203968633589886,0.00581232602576331,0.0203968633589886,0.00581232602576331
0.01,3,"Oracle","exact",31.6227766016838,FALSE,172,68,0.00490507377328343,0.00593539670106781,TRUE,1.2874457926251e-05,0.459775129966012,0.739278394960443,0.810626249167222,0.0212068762215351,0.0143924036090841,0.0212068762215351,0.0143924036090841,0.0191358293110695,0.00505137437835812,0.0191358293110695,0.00505137437835812
0.01,3,"Oracle","exact",100,FALSE,172,68,0.00423818823092835,0.00531500310935873,TRUE,1.30170796508488e-05,0.459694378897102,0.739465158403068,0.80929380413058,0.0188965026603667,0.0122224372460267,0.0188965026603667,0.0122224372460267,0.0166137612152311,0.00560600554862978,0.0166137612152311,0.00560600554862978
0.01,3,"Oracle","exact",316.227766016838,FALSE,172,68,0.00296861159733483,0.00412257407593279,TRUE,9.78614051228416e-06,0.460515173956145,0.738873821266903,0.807628247834777,0.0144915803037272,0.00811319452010117,0.0144915803037272,0.00811319452010117,0.0145910046237915,0.0051290343332342,0.0145910046237915,0.0051290343332342
0.01,3,"Oracle","exact",1000,TRUE,172,68,0.0015244494976099,0.00274413819293694,TRUE,1.2719592279585e-05,0.463023210000175,0.736152319180493,0.801798800799467,0.00947083663580917,0.00346286875802315,0.00947083663580917,0.00346286875802315,0.0106896261831253,0.00101363627670348,0.0106896261831253,0.00101363627670348
0.01,3,"Oracle","exact",3162.27766016838,FALSE,172,68,0.000599471380623759,0.00184861217495315,TRUE,1.63582006081514e-05,0.465509880555462,0.732973640777168,0.796635576282478,0.00624511222118151,0.000487191790973118,0.00624511222118151,0.000487191790973118,0.00525135162557455,-0.00205682970041221,0.00525135162557455,0.00205682970041221
0.01,3,"Oracle","exact",10000,FALSE,172,68,0.000205290515412797,0.00146299919379623,TRUE,2.82394971673876e-05,0.466777514921169,0.731273305214255,0.794636908727515,0.00486644519774648,-0.000783380595229533,0.00486644519774648,0.000783380595229533,0.00484411010131736,-0.0030374315186984,0.00484411010131736,0.0030374315186984
0.01,3,"SoftProxy","exact",0,FALSE,172,68,0.0200155881930137,0.0206246934928405,TRUE,1.05052121372752e-13,0.459985191766892,0.739071040888486,0.810293137908061,0.02254500432315,0.0156520704595693,0.02254500432315,0.0156520704595693,0.0208172080416283,0.00671526788917332,0.0208172080416283,0.00671526788917332
0.01,3,"SoftProxy","exact",0.001,FALSE,172,68,0.0200155140150604,0.0206246168122275,TRUE,9.73757468975661e-07,0.459985173304469,0.739070880024194,0.810293137908061,0.0225449289844116,0.0156520120785015,0.0225449289844116,0.0156520120785015,0.0208172080416283,0.00671526788917332,0.0208172080416283,0.00671526788917332
0.01,3,"SoftProxy","exact",0.00316227766016838,FALSE,172,68,0.0200153245048579,0.0206244200967844,TRUE,2.7317057013207e-06,0.459985121601087,0.739071845209944,0.810293137908061,0.0225447431915513,0.0156518667395175,0.0225447431915513,0.0156518667395175,0.0208172080416283,0.00671526788917332,0.0208172080416283,0.00671526788917332
0.01,3,"SoftProxy","exact",0.01,FALSE,172,68,0.0200147306506144,0.0206238040925595,TRUE,8.5054595178886e-06,0.459984963992207,0.739072971259986,0.810293137908061,0.0225441562529142,0.0156514073353908,0.0225441562529142,0.0156514073353908,0.0208172080416283,0.00671526788917332,0.0208172080416283,0.00671526788917332
0.01,3,"SoftProxy","exact",0.0316227766016838,FALSE,172,68,0.0200095389965084,0.0206183564486834,TRUE,1.3525156128122e-05,0.459983530770051,0.739071040888486,0.810293137908061,0.0225393547113472,0.0156473837877089,0.0225393547113472,0.0156473837877089,0.0208172080416283,0.00671526788917332,0.0208172080416283,0.00671526788917332
0.01,3,"SoftProxy","exact",0.1,FALSE,172,68,0.0199880535764411,0.0205958724707331,TRUE,1.09903323173644e-05,0.459978416177363,0.739069432245569,0.810293137908061,0.0225201168734249,0.0156292269572139,0.0225201168734249,0.0156292269572139,0.0208172080416283,0.00671526788917332,0.0208172080416283,0.00671526788917332
0.01,3,"SoftProxy","exact",0.316227766016838,FALSE,172,68,0.019928709447916,0.0205334346109402,TRUE,1.26836107534972e-05,0.459966444621998,0.739056241373652,0.810459693537642,0.0224712702056639,0.0155840427160495,0.0224712702056639,0.0155840427160495,0.0210930701105938,0.00706357858231177,0.0210930701105938,0.00706357858231177
0.01,3,"SoftProxy","exact",1,FALSE,172,68,0.019742084038848,0.0203370339505931,TRUE,8.88679147374215e-06,0.459931953163486,0.738998651957236,0.811125916055963,0.0223101104683223,0.0154365033980303,0.0223101104683223,0.0154365033980303,0.0215003116348509,0.00755387949145481,0.0215003116348509,0.00755387949145481
0.01,3,"SoftProxy","exact",3.16227766016838,FALSE,172,68,0.0191737102740395,0.0197391068715156,TRUE,1.04518472746878e-05,0.459856613335075,0.738803523571445,0.811625582944704,0.0218210348407305,0.0149891013811009,0.0218210348407305,0.0149891013811009,0.021342725862794,0.00748954923032619,0.021342725862794,0.00748954923032619
0.01,3,"SoftProxy","exact",10,FALSE,172,68,0.0175625370463189,0.0180431063757813,TRUE,1.42617758524471e-05,0.459894468403982,0.738231811878863,0.812458361092605,0.0204278188031207,0.0137305344254995,0.0204278188031207,0.0137305344254995,0.0176516936991776,0.00764486914007834,0.0176516936991776,0.00764486914007834
0.01,3,"SoftProxy","exact",31.6227766016838,FALSE,172,68,0.0138518316190148,0.0141347003969897,TRUE,1.1948803657859e-05,0.461385638814838,0.735290408305745,0.807628247834777,0.0171515920569156,0.0108636457772414,0.0171515920569156,0.0108636457772414,0.0197144555086897,0.00995438346978883,0.0197144555086897,0.00995438346978883
0.01,3,"SoftProxy","exact",100,TRUE,172,68,0.0083280733161825,0.00833667739153681,TRUE,1.58749806859459e-05,0.467238809756478,0.726376435311642,0.79746835443038,0.0120388418389143,0.00662402032408704,0.0120388418389143,0.00662402032408704,0.0135410125958458,0.00537534389160987,0.0135410125958458,0.00537534389160987
0.01,3,"SoftProxy","exact",316.227766016838,FALSE,172,68,0.00372823959515594,0.00355304129815133,TRUE,1.72341783098021e-05,0.475544279211498,0.712613369109552,0.79163890739507,0.00750418373256956,0.00300130717097324,0.00750418373256956,0.00300130717097324,0.00766929019727214,0.000847304880812194,0.00766929019727214,0.000847304880812194
0.01,3,"SoftProxy","exact",1000,FALSE,172,68,0.0013679535741459,0.00111448835110304,TRUE,1.47232872858381e-05,0.481083227591047,0.702740323208535,0.786642238507662,0.00508926993414349,0.00106197167608924,0.00508926993414349,0.00106197167608924,0.00546239364554801,0.000549994755055239,0.00546239364554801,0.000549994755055239
0.01,3,"SoftProxy","exact",3162.27766016838,FALSE,172,68,0.00045632214591601,0.000174546910472609,TRUE,1.69607940191849e-05,0.483464956790342,0.698244809713629,0.78564290473018,0.00414423466983804,0.000294769174831955,0.00414423466983804,0.000294769174831955,0.0040699801423375,-0.000494937324359679,0.0040699801423375,0.000494937324359679
0.01,3,"SoftProxy","exact",10000,FALSE,172,68,0.000146918917178819,0.000144201520234489,TRUE,2.39399411033707e-05,0.484303856136529,0.696651288040383,0.7854763491006,0.0038211861426285,3.10299489383326e-05,0.0038211861426285,3.10299489383326e-05,0.00364963545969776,-0.000494937324359679,0.00364963545969776,0.000494937324359679
0.01,3,"IPW","exact",0,FALSE,172,68,0.0249057213873845,0.0216838308373624,TRUE,1.05052121372752e-13,0.459985191766892,0.739071040888486,0.810293137908061,0.02254500432315,0.0156520704595693,0.02254500432315,0.0156520704595693,0.0208172080416283,0.00671526788917332,0.0208172080416283,0.00671526788917332
0.01,3,"IPW","exact",0.001,FALSE,172,68,0.0249055960850915,0.0216837098917829,TRUE,1.62840008032793e-06,0.459985162325653,0.739071040888486,0.810293137908061,0.0225448986793789,0.0156519848833963,0.0225448986793789,0.0156519848833963,0.0208172080416283,0.00671526788917332,0.0208172080416283,0.00671526788917332
0.01,3,"IPW","exact",0.00316227766016838,FALSE,172,68,0.0249052482685811,0.0216833898089992,TRUE,4.72738861396397e-06,0.459985081705418,0.739071684345652,0.810293137908061,0.0225446132261538,0.0156517513169285,0.0225446132261538,0.0156517513169285,0.0208172080416283,0.00671526788917332,0.0208172080416283,0.00671526788917332
0.01,3,"IPW","exact",0.01,FALSE,172,68,0.0249041720225682,0.0216823858188293,TRUE,1.47089884205681e-05,0.459984834322122,0.739073132124277,0.810293137908061,0.0225437255027371,0.0156510243966966,0.0225437255027371,0.0156510243966966,0.0208172080416283,0.00671526788917332,0.0208172080416283,0.00671526788917332
0.01,3,"IPW","exact",0.0316227766016838,FALSE,172,68,0.0248864136293062,0.0216692257810944,TRUE,1.45256429474979e-05,0.459982480284764,0.739071845209944,0.810293137908061,0.0225303133559063,0.0156385756797849,0.0225303133559063,0.0156385756797849,0.0208172080416283,0.00671526788917332,0.0208172080416283,0.00671526788917332
0.01,3,"IPW","exact",0.1,FALSE,172,68,0.0248332911718304,0.0216560899935916,TRUE,1.34628842557954e-05,0.459975397003583,0.739067341009777,0.810293137908061,0.0224990694534166,0.0156088452405871,0.0224990694534166,0.0156088452405871,0.0208172080416283,0.00671526788917332,0.0208172080416283,0.00671526788917332
0.01,3,"IPW","exact",0.316227766016838,FALSE,172,68,0.0246744855631289,0.0215986949777225,TRUE,1.0586812462512e-05,0.45995660477828,0.739058815202319,0.810459693537642,0.0223958224078293,0.015511512556495,0.0223958224078293,0.015511512556495,0.0210930701105938,0.00706357858231177,0.0210930701105938,0.00706357858231177
0.01,3,"IPW","exact",1,FALSE,172,68,0.0241861835331137,0.0214176951027577,TRUE,1.32876073859599e-05,0.459910021055506,0.739016668757903,0.810959360426382,0.0220829445291835,0.0152178504654803,0.0220829445291835,0.0152178504654803,0.0224723804554213,0.00935976321827492,0.0224723804554213,0.00935976321827492
0.01,3,"IPW","exact",3.16227766016838,FALSE,172,68,0.0227528493321107,0.0208753934928931,TRUE,9.59867910786684e-06,0.459855639038249,0.738843257051486,0.811958694203864,0.0211646358416475,0.0143603467771505,0.0211646358416475,0.0143603467771505,0.02259065675233,0.0108949962068327,0.02259065675233,0.0108949962068327
0.01,3,"IPW","exact",10,FALSE,172,68,0.0190625625137849,0.0195669448158042,TRUE,1.29298503491621e-05,0.460311392493736,0.737890457851947,0.80979347101932,0.0187931407887933,0.0121893911586096,0.0187931407887933,0.0121893911586096,0.0205285906857419,0.0107020054234466,0.0205285906857419,0.0107020054234466
0.01,3,"IPW","exact",31.6227766016838,TRUE,172,68,0.0118572770674991,0.0176466666040825,TRUE,1.64027008657846e-05,0.463314049170511,0.733961186663707,0.807461692205197,0.0148007592589321,0.0087472287922935,0.0148007592589321,0.0087472287922935,0.0175206621153484,0.00841915048123076,0.0175206621153484,0.00841915048123076
0.01,3,"IPW","exact",100,FALSE,172,68,0.00545344742741874,0.0155027692815775,TRUE,1.38587534665445e-05,0.468185463964345,0.727185743563015,0.802964690206529,0.0110900176811473,0.00560422201701927,0.0110900176811473,0.00560422201701927,0.0117410096969166,0.00390444116418087,0.0117410096969166,0.00390444116418087
0.01,3,"IPW","exact",316.227766016838,FALSE,172,68,0.00205038275634175,0.0141124419535393,TRUE,7.78343529651598e-06,0.471748719838554,0.721748691368987,0.799800133244504,0.00880844145985593,0.00364659700545822,0.00880844145985593,0.00364659700545822,0.0105458393123743,0.00238253786937004,0.0105458393123743,0.00238253786937004
0.01,3,"IPW","exact",1000,FALSE,172,68,0.000690748481720562,0.0135263512312039,TRUE,9.47517271458336e-06,0.473378078005466,0.719158293680285,0.798634243837442,0.0078535032598761,0.0028222619858147,0.0078535032598761,0.0028222619858147,0.0095475641750371,0.00182790669909827,0.0095475641750371,0.00182790669909827
0.01,3,"IPW","exact",3162.27766016838,FALSE,172,68,0.000223027788005393,0.0133316114963019,TRUE,2.79654844411726e-05,0.473964136962373,0.718177343229705,0.797968021319121,0.00752295174366358,0.00253586507577852,0.00752295174366358,0.00253586507577852,0.00925859894768877,0.00182790669909827,0.00925859894768877,0.00182790669909827
0.01,3,"IPW","exact",10000,FALSE,172,68,7.10365844093664e-05,0.0132674548399754,TRUE,1.22099334499095e-05,0.474157849297493,0.717853201681997,0.79763491005996,0.00741409996250253,0.00244184369078138,0.00741409996250253,0.00244184369078138,0.00911411633401471,0.00182790669909827,0.00911411633401471,0.00182790669909827
0.01,3,"Augmented","exact",0,FALSE,172,68,0.0233187678949108,0.0255923603344749,TRUE,1.05052121372752e-13,0.459985191766892,0.739071040888486,0.810293137908061,0.02254500432315,0.0156520704595693,0.02254500432315,0.0156520704595693,0.0208172080416283,0.00671526788917332,0.0208172080416283,0.00671526788917332
0.01,3,"Augmented","exact",0.001,FALSE,172,68,0.023318672825111,0.0255923130142718,TRUE,1.32754598279406e-06,0.459985163752159,0.739070880024194,0.810293137908061,0.0225449174634148,0.0156520030013986,0.0225449174634148,0.0156520030013986,0.0208172080416283,0.00671526788917332,0.0208172080416283,0.00671526788917332
0.01,3,"Augmented","exact",0.00316227766016838,FALSE,172,68,0.0233184139019772,0.0255921918686891,TRUE,3.82840196092469e-06,0.459985086221948,0.739071362617069,0.810293137908061,0.0225446909264465,0.0156518255185374,0.0225446909264465,0.0156518255185374,0.0208172080416283,0.00671526788917332,0.0208172080416283,0.00671526788917332
0.01,3,"Augmented","exact",0.01,FALSE,172,68,0.0233176106784348,0.025591814526968,TRUE,1.19135331802995e-05,0.459984848625808,0.739071040888486,0.810293137908061,0.022543982437075,0.0156512699625332,0.022543982437075,0.0156512699625332,0.0208172080416283,0.00671526788917332,0.0208172080416283,0.00671526788917332
0.01,3,"Augmented","exact",0.0316227766016838,FALSE,172,68,0.0233049657101599,0.0255895743341451,TRUE,1.40156414940022e-05,0.459982796337202,0.739062997673902,0.810293137908061,0.0225342521727785,0.0156424281864492,0.0225342521727785,0.0156424281864492,0.0208172080416283,0.00671526788917332,0.0208172080416283,0.00671526788917332
0.01,3,"Augmented","exact",0.1,FALSE,172,68,0.0232633362544823,0.0255863057828693,TRUE,1.19956063401062e-05,0.459976758357148,0.739060745573819,0.810293137908061,0.0225141186832311,0.015624022443737,0.0225141186832311,0.015624022443737,0.0208172080416283,0.00671526788917332,0.0208172080416283,0.00671526788917332
0.01,3,"Augmented","exact",0.316227766016838,FALSE,172,68,0.0231418964694383,0.0255772867040554,TRUE,1.30027678099119e-05,0.459963555821981,0.739028090122611,0.810626249167222,0.0224494854642912,0.0155654285612944,0.0224494854642912,0.0155654285612944,0.0213689321795596,0.00741188927545,0.0213689321795596,0.00741188927545
0.01,3,"Augmented","exact",1,FALSE,172,68,0.0227674355497834,0.0255458096266036,TRUE,1.27478520753652e-05,0.459924608438897,0.738931893276194,0.811125916055963,0.0222386145549164,0.0153743714926561,0.0222386145549164,0.0153743714926561,0.0213558290211766,0.00790219018459304,0.0213558290211766,0.00790219018459304
0.01,3,"Augmented","exact",3.16227766016838,FALSE,172,68,0.0216604647880541,0.0254477932433808,TRUE,8.05718563097431e-06,0.459878562772989,0.738690596838695,0.811292471685543,0.0216203008775135,0.0148161672137097,0.0216203008775135,0.0148161672137097,0.0216054847733762,0.00999205434342276,0.0216054847733762,0.00999205434342276
0.01,3,"Augmented","exact",10,FALSE,172,68,0.0187823060379525,0.025106792419896,TRUE,1.16890382597097e-05,0.460229772975735,0.737598650026864,0.810959360426382,0.0199735391648659,0.013359267362989,0.0199735391648659,0.013359267362989,0.0177830731544695,0.00930876265089364,0.0177830731544695,0.00930876265089364
0.01,3,"Augmented","exact",31.6227766016838,FALSE,172,68,0.0132715594344932,0.0240778056404779,TRUE,1.16128555114147e-05,0.462803331361097,0.733712490468791,0.805463024650233,0.0166340491661799,0.0105181515344457,0.0166340491661799,0.0105181515344457,0.0172316968879996,0.00973473329890806,0.0172316968879996,0.00973473329890806
0.01,3,"Augmented","exact",100,TRUE,172,68,0.00694206890479818,0.0221822656801641,TRUE,9.0935712275023e-06,0.468909899317291,0.725042548605146,0.796968687541639,0.0124365507394877,0.0071189393919715,0.0124365507394877,0.0071189393919715,0.0116885970633852,0.00563266493612469,0.0116885970633852,0.00563266493612469
0.01,3,"Augmented","exact",316.227766016838,FALSE,172,68,0.00279075340789094,0.0205159998886459,TRUE,2.00740587860552e-05,0.474806826449235,0.715728345253377,0.794137241838774,0.00946497994611561,0.00477849358279958,0.00946497994611561,0.00477849358279958,0.00927170210607153,0.0041750919024427,0.00927170210607153,0.0041750919024427
0.01,3,"Augmented","exact",1000,FALSE,172,68,0.000967870426680683,0.0196819947431917,TRUE,1.04047639481266e-05,0.477888895595663,0.710646320551057,0.79180546302465,0.00811415164816864,0.0037173677926341,0.00811415164816864,0.0037173677926341,0.00607963357539365,0.000137353800788276,0.00607963357539365,0.000137353800788276
0.01,3,"Augmented","exact",3162.27766016838,FALSE,172,68,0.000315859897817473,0.0193669358520923,TRUE,1.05649437236073e-05,0.47906652635084,0.708652407655853,0.790972684876749,0.00762317933978929,0.00333071146360053,0.00762317933978929,0.00333071146360053,0.00357066863793842,-0.000559267585488299,0.00357066863793842,0.000559267585488299
0.01,3,"Augmented","exact",10000,FALSE,172,68,0.00010088815229833,0.0192599255770209,TRUE,2.8965772071855e-05,0.47946345964892,0.70801586765373,0.790639573617588,0.00746073316372564,0.00320282865653243,0.00746073316372564,0.00320282865653243,0.00272997927265894,-0.000559267585488299,0.00272997927265894,0.000559267585488299
0.01,3,"AugmentedMisspecified","exact",0,FALSE,172,68,0.017356126716738,0.0201168958076499,TRUE,1.05052121372752e-13,0.459985191766892,0.739071040888486,0.810293137908061,0.02254500432315,0.0156520704595693,0.02254500432315,0.0156520704595693,0.0208172080416283,0.00671526788917332,0.0208172080416283,0.00671526788917332
0.01,3,"AugmentedMisspecified","exact",0.001,FALSE,172,68,0.0173560858097642,0.0201168917366696,TRUE,8.04580402049643e-07,0.459985177376755,0.739070880024194,0.810293137908061,0.0225449590678364,0.0156520333863115,0.0225449590678364,0.0156520333863115,0.0208172080416283,0.00671526788917332,0.0208172080416283,0.00671526788917332
0.01,3,"AugmentedMisspecified","exact",0.00316227766016838,FALSE,172,68,0.0173559710251522,0.0201168843090673,TRUE,2.35976515111069e-06,0.459985138146042,0.739071040888486,0.810293137908061,0.0225448347166496,0.0156519302992779,0.0225448347166496,0.0156519302992779,0.0208172080416283,0.00671526788917332,0.0208172080416283,0.00671526788917332
0.01,3,"AugmentedMisspecified","exact",0.01,FALSE,172,68,0.0173556157285769,0.0201168611575986,TRUE,7.35465019646858e-06,0.459985017587678,0.739072006074236,0.810293137908061,0.0225444488465499,0.0156516099796682,0.0225444488465499,0.0156516099796682,0.0208172080416283,0.00671526788917332,0.0208172080416283,0.00671526788917332
0.01,3,"AugmentedMisspecified","exact",0.0316227766016838,FALSE,172,68,0.0173508281721796,0.0201172048551706,TRUE,1.37174352438829e-05,0.459983781030107,0.739069914838444,0.810293137908061,0.0225395052259095,0.0156471945243577,0.0225395052259095,0.0156471945243577,0.0208172080416283,0.00671526788917332,0.0208172080416283,0.00671526788917332
0.01,3,"AugmentedMisspecified","exact",0.1,FALSE,172,68,0.017326830597338,0.0201196103268672,TRUE,1.29412226059875e-05,0.459979664772662,0.739067501874069,0.810293137908061,0.0225225472233677,0.0156311950487598,0.0225225472233677,0.0156311950487598,0.0208172080416283,0.00671526788917332,0.0208172080416283,0.00671526788917332
0.01,3,"AugmentedMisspecified","exact",0.316227766016838,FALSE,172,68,0.0172627177528416,0.0201281320416035,TRUE,1.14718915101836e-05,0.459970754187413,0.739038707165861,0.810293137908061,0.0224782542235785,0.0155895656386624,0.0224782542235785,0.0155895656386624,0.0208172080416283,0.00671526788917332,0.0208172080416283,0.00671526788917332
0.01,3,"AugmentedMisspecified","exact",1,FALSE,172,68,0.0170648408252063,0.0201510670282957,TRUE,1.02735770828121e-05,0.459945978499663,0.738962940084486,0.811292471685543,0.0223338710581731,0.0154551762865178,0.0223338710581731,0.0154551762865178,0.0212244495658857,0.00755387949145481,0.0212244495658857,0.00755387949145481
0.01,3,"AugmentedMisspecified","exact",3.16227766016838,FALSE,172,68,0.0164681318176563,0.0202223611124065,TRUE,8.61807613735741e-06,0.459894962631997,0.73870941796082,0.811958694203864,0.0218968368436321,0.0150484982880031,0.0218968368436321,0.0150484982880031,0.0217761737038162,0.00859881157086961,0.0217761737038162,0.00859881157086961
0.01,3,"AugmentedMisspecified","exact",10,FALSE,172,68,0.0148380315722658,0.0203637567811205,TRUE,1.25492228603213e-05,0.459964586046821,0.737979898398113,0.813124583610926,0.0206928933398427,0.0139456266846152,0.0206928933398427,0.0139456266846152,0.0204889333391314,0.00937309291202237,0.0204889333391314,0.00937309291202237
0.01,3,"AugmentedMisspecified","exact",31.6227766016838,FALSE,172,68,0.011313270876078,0.0204302336357251,TRUE,1.3701261404982e-05,0.461150298297848,0.735152547607787,0.810626249167222,0.0180503119708657,0.0116165521817787,0.0180503119708657,0.0116165521817787,0.0160754881071448,0.00778685935608303,0.0160754881071448,0.00778685935608303
0.01,3,"AugmentedMisspecified","exact",100,TRUE,172,68,0.00636800741683988,0.0198498573538555,TRUE,1.51887096093877e-05,0.465104556359337,0.728606818715595,0.804796802131912,0.0144494888672472,0.00869368679706606,0.0144494888672472,0.00869368679706606,0.0121479033497122,0.0054130147652437,0.0121479033497122,0.0054130147652437
0.01,3,"AugmentedMisspecified","exact",316.227766016838,FALSE,172,68,0.00268756366020073,0.0189364691110221,TRUE,7.2689171912537e-06,0.469779948887773,0.721516564196113,0.800632911392405,0.0117038300019313,0.00660395701774141,0.0117038300019313,0.00660395701774141,0.00781307706802326,0.00227821852699928,0.00781307706802326,0.00227821852699928
0.01,3,"AugmentedMisspecified","exact",1000,FALSE,172,68,0.000959156559889875,0.018353611653853,TRUE,1.45418563013907e-05,0.472532075455744,0.717285189868124,0.798467688207861,0.010304504979515,0.00555454450894832,0.010304504979515,0.00555454450894832,0.00391169862735707,-0.00071458749524056,0.00391169862735707,0.00071458749524056
0.01,3,"AugmentedMisspecified","exact",3162.27766016838,FALSE,172,68,0.000316497825828102,0.0181102456599518,TRUE,1.9724945723925e-05,0.473652201981445,0.715553164039753,0.798301132578281,0.0097655594636683,0.0051524341212148,0.0097655594636683,0.0051524341212148,0.00279514719311191,-0.00161752935865045,0.00279514719311191,0.00161752935865045
0.01,3,"AugmentedMisspecified","exact",10000,FALSE,172,68,0.000101526923895151,0.0180262731861325,TRUE,1.26361611894249e-05,0.474038290140412,0.714970191846754,0.798134576948701,0.00958136243929797,0.00501480546454192,0.00958136243929797,0.00501480546454192,0.00321549187575165,-0.00106289818837868,0.00321549187575165,0.00106289818837868
0.02,1,"Unconstrained","exact",0,TRUE,383,136,0.00339871701186733,0.00323269254523182,TRUE,1.08513695273046e-13,0.459985191766891,0.739071040888486,0.810293137908061,0.0225450043231494,0.0156520704595688,0.0225450043231494,0.0156520704595688,0.0208172080416283,0.00671526788917332,0.0208172080416283,0.00671526788917332
0.02,1,"Oracle","exact",0,FALSE,383,136,0.00529178061490764,0.00629127250049168,TRUE,1.05052121372752e-13,0.459985191766892,0.739071040888486,0.810293137908061,0.02254500432315,0.0156520704595693,0.02254500432315,0.0156520704595693,0.0208172080416283,0.00671526788917332,0.0208172080416283,0.00671526788917332
0.02,1,"Oracle","exact",0.001,FALSE,383,136,0.00529177820905107,0.00629127012120198,TRUE,1.11021923359621e-07,0.459985190194421,0.739071040888486,0.810293137908061,0.0225449954653917,0.0156520629158549,0.0225449954653917,0.0156520629158549,0.0208172080416283,0.00671526788917332,0.0208172080416283,0.00671526788917332
0.02,1,"Oracle","exact",0.00316227766016838,FALSE,383,136,0.00529177173392345,0.00629126391448259,TRUE,3.27015255675397e-07,0.459985185613298,0.739070880024194,0.810293137908061,0.0225449720466989,0.0156520426163859,0.0225449720466989,0.0156520426163859,0.0208172080416283,0.00671526788917332,0.0208172080416283,0.00671526788917332
0.02,1,"Oracle","exact",0.01,FALSE,383,136,0.00529175136616696,0.00629124429197505,TRUE,1.02198254684685e-06,0.459985171551179,0.739071040888486,0.810293137908061,0.0225448981889969,0.0156519786441922,0.0225448981889969,0.0156519786441922,0.0208172080416283,0.00671526788917332,0.0208172080416283,0.00671526788917332
0.02,1,"Oracle","exact",0.0316227766016838,FALSE,383,136,0.00529168722448246,0.00629118250464328,TRUE,3.22121257043506e-06,0.459985127257558,0.739072166938527,0.810293137908061,0.022544665617006,0.0156517771643727,0.022544665617006,0.0156517771643727,0.0208172080416283,0.00671526788917332,0.0208172080416283,0.00671526788917332
0.02,1,"Oracle","exact",0.1,FALSE,383,136,0.00529148451496665,0.00629098721315148,TRUE,1.01779949552156e-05,0.459984987357526,0.739073936445736,0.810293137908061,0.0225439305655029,0.0156511404026737,0.0225439305655029,0.0156511404026737,0.0208172080416283,0.00671526788917332,0.0208172080416283,0.00671526788917332
0.02,1,"Oracle","exact",0.316227766016838,FALSE,383,136,0.0052877286987205,0.00628757386933509,TRUE,7.04374605439898e-06,0.459982676334325,0.739073132124277,0.810293137908061,0.0225308674490009,0.0156386715863113,0.0225308674490009,0.0156386715863113,0.0208172080416283,0.00671526788917332,0.0208172080416283,0.00671526788917332
0.02,1,"Oracle","exact",1,FALSE,383,136,0.00527881433635366,0.00627927942073684,TRUE,1.00980212214249e-05,0.459976750441284,0.739083266574652,0.810293137908061,0.0224996613374855,0.0156091517207169,0.0224996613374855,0.0156091517207169,0.0208172080416283,0.00671526788917332,0.0208172080416283,0.00671526788917332
0.02,1,"Oracle","exact",3.16227766016838,FALSE,383,136,0.0052503730703072,0.00625317992796339,TRUE,1.07983673725647e-05,0.459956840475952,0.739106591896944,0.810459693537642,0.0224021867558235,0.0155171336742858,0.0224021867558235,0.0155171336742858,0.0210930701105938,0.00706357858231177,0.0210930701105938,0.00706357858231177
0.02,1,"Oracle","exact",10,FALSE,383,136,0.00516290222934436,0.00617284288570082,TRUE,1.35711523260974e-05,0.459901923811195,0.739135708333736,0.810126582278481,0.0220998360246384,0.0152315388936607,0.0220998360246384,0.0152315388936607,0.0203968633589886,0.00581232602576331,0.0203968633589886,0.00581232602576331
0.02,1,"Oracle","exact",31.6227766016838,FALSE,383,136,0.00490507377328343,0.00593539670106781,TRUE,1.2874457926251e-05,0.459775129966012,0.739278394960443,0.810626249167222,0.0212068762215351,0.0143924036090841,0.0212068762215351,0.0143924036090841,0.0191358293110695,0.00505137437835812,0.0191358293110695,0.00505137437835812
0.02,1,"Oracle","exact",100,FALSE,383,136,0.00423818823092835,0.00531500310935873,TRUE,1.30170796508488e-05,0.459694378897102,0.739465158403068,0.80929380413058,0.0188965026603667,0.0122224372460267,0.0188965026603667,0.0122224372460267,0.0166137612152311,0.00560600554862978,0.0166137612152311,0.00560600554862978
0.02,1,"Oracle","exact",316.227766016838,FALSE,383,136,0.00296861159733483,0.00412257407593279,TRUE,9.78614051228416e-06,0.460515173956145,0.738873821266903,0.807628247834777,0.0144915803037272,0.00811319452010117,0.0144915803037272,0.00811319452010117,0.0145910046237915,0.0051290343332342,0.0145910046237915,0.0051290343332342
0.02,1,"Oracle","exact",1000,TRUE,383,136,0.0015244494976099,0.00274413819293694,TRUE,1.2719592279585e-05,0.463023210000175,0.736152319180493,0.801798800799467,0.00947083663580917,0.00346286875802315,0.00947083663580917,0.00346286875802315,0.0106896261831253,0.00101363627670348,0.0106896261831253,0.00101363627670348
0.02,1,"Oracle","exact",3162.27766016838,FALSE,383,136,0.000599471380623759,0.00184861217495315,TRUE,1.63582006081514e-05,0.465509880555462,0.732973640777168,0.796635576282478,0.00624511222118151,0.000487191790973118,0.00624511222118151,0.000487191790973118,0.00525135162557455,-0.00205682970041221,0.00525135162557455,0.00205682970041221
0.02,1,"Oracle","exact",10000,FALSE,383,136,0.000205290515412797,0.00146299919379623,TRUE,2.82394971673876e-05,0.466777514921169,0.731273305214255,0.794636908727515,0.00486644519774648,-0.000783380595229533,0.00486644519774648,0.000783380595229533,0.00484411010131736,-0.0030374315186984,0.00484411010131736,0.0030374315186984
0.02,1,"SoftProxy","exact",0,FALSE,383,136,0.00339871701186743,0.00323269254523192,TRUE,1.05052121372752e-13,0.459985191766892,0.739071040888486,0.810293137908061,0.02254500432315,0.0156520704595693,0.02254500432315,0.0156520704595693,0.0208172080416283,0.00671526788917332,0.0208172080416283,0.00671526788917332
0.02,1,"SoftProxy","exact",0.001,FALSE,383,136,0.00339871507995568,0.00323269059268761,TRUE,8.84112298080975e-08,0.45998519106425,0.739071040888486,0.810293137908061,0.0225449997640674,0.0156520662580316,0.0225449997640674,0.0156520662580316,0.0208172080416283,0.00671526788917332,0.0208172080416283,0.00671526788917332
0.02,1,"SoftProxy","exact",0.00316227766016838,FALSE,383,136,0.00339870946460731,0.0032326848918134,TRUE,2.63767771033914e-07,0.45998518894622,0.739071040888486,0.810293137908061,0.0225449870229589,0.0156520543874391,0.0225449870229589,0.0156520543874391,0.0208172080416283,0.00671526788917332,0.0208172080416283,0.00671526788917332
0.02,1,"SoftProxy","exact",0.01,FALSE,383,136,0.00339869199543905,0.00323266717087698,TRUE,8.23137931879423e-07,0.459985182345769,0.739071201752777,0.810293137908061,0.022544947242523,0.015652017339516,0.022544947242523,0.015652017339516,0.0208172080416283,0.00671526788917332,0.0208172080416283,0.00671526788917332
0.02,1,"SoftProxy","exact",0.0316227766016838,FALSE,383,136,0.00339863696327504,0.00323261134592577,TRUE,2.59462305791084e-06,0.459985161521675,0.739071845209944,0.810293137908061,0.0225448219428386,0.0156519006367891,0.0225448219428386,0.0156519006367891,0.0208172080416283,0.00671526788917332,0.0208172080416283,0.00671526788917332
0.02,1,"SoftProxy","exact",0.1,FALSE,383,136,0.0033984630853347,0.00323243496686053,TRUE,8.19791168855554e-06,0.459985095727636,0.739072810395694,0.810293137908061,0.0225444259994965,0.0156515318679911,0.0225444259994965,0.0156515318679911,0.0208172080416283,0.00671526788917332,0.0208172080416283,0.00671526788917332
0.02,1,"SoftProxy","exact",0.316227766016838,FALSE,383,136,0.00339531412006071,0.00322923050800313,TRUE,1.29119084647566e-05,0.459983695545302,0.739080692745986,0.810293137908061,0.0225378689032014,0.0156451966316445,0.0225378689032014,0.0156451966316445,0.0208172080416283,0.00671526788917332,0.0208172080416283,0.00671526788917332
0.02,1,"SoftProxy","exact",1,FALSE,383,136,0.0033852898856222,0.00321911188509214,TRUE,1.38357886642062e-05,0.459977800520805,0.739087288181944,0.810293137908061,0.0225170816291022,0.0156246378939247,0.0225170816291022,0.0156246378939247,0.0208172080416283,0.00671526788917332,0.0208172080416283,0.00671526788917332
0.02,1,"SoftProxy","exact",3.16227766016838,FALSE,383,136,0.00335433004594035,0.00318803191687283,TRUE,8.90123583438901e-06,0.45996062845479,0.739107878811277,0.810626249167222,0.0224564355642494,0.0155628136901274,0.0224564355642494,0.0155628136901274,0.0208172080416285,0.00706357858231177,0.0208172080416285,0.00706357858231177
0.02,1,"SoftProxy","exact",10,FALSE,383,136,0.00326169163653102,0.00309486753982455,TRUE,8.09132328585237e-06,0.459915551617807,0.739165629091985,0.809960026648901,0.0222720284057697,0.0153772679837914,0.0222720284057697,0.0153772679837914,0.0211061732689769,0.00747621953657862,0.0211061732689769,0.00747621953657862
0.02,1,"SoftProxy","exact",31.6227766016838,FALSE,383,136,0.00300004789105946,0.00283173349568468,TRUE,1.19769790337498e-05,0.459807180665054,0.739281451381985,0.810293137908061,0.0217510927559104,0.0148531782795732,0.0217510927559104,0.0148531782795732,0.0211061732689769,0.00782453022971685,0.0211061732689769,0.00782453022971685
0.02,1,"SoftProxy","exact",100,FALSE,383,136,0.00239256462722945,0.00222087961536186,TRUE,1.49439590835893e-05,0.45968310209544,0.739560068335151,0.810626249167222,0.0205437402724383,0.0136413957397479,0.0205437402724383,0.0136413957397479,0.0195692771520923,0.00852115161599354,0.0195692771520923,0.00852115161599354
0.02,1,"SoftProxy","exact",316.227766016838,TRUE,383,136,0.0014581491923787,0.0012813875028333,TRUE,1.35239036370339e-05,0.45983934613406,0.73945566740986,0.811792138574284,0.0186966437249354,0.0117945668661511,0.0186966437249354,0.0117945668661511,0.0166268643736144,0.00644461715091138,0.0166268643736144,0.00644461715091138
0.02,1,"SoftProxy","exact",1000,FALSE,383,136,0.000651599491344915,0.00046986149664584,TRUE,1.28063048049792e-05,0.460315684152246,0.738875108181236,0.810626249167222,0.0171016094639919,0.0102035742528321,0.0171016094639919,0.0102035742528321,0.0123182444086914,0.00470306368522,0.0123182444086914,0.00470306368522
0.02,1,"SoftProxy","exact",3162.27766016838,FALSE,383,136,0.000237086480828827,5.2260491087363e-05,TRUE,1.82150108101988e-05,0.460681883677665,0.738450748179821,0.810459693537642,0.0162843935066967,0.00938951512393338,0.0162843935066967,0.00938951512393338,0.0153789334840776,0.00560600554862978,0.0153789334840776,0.00560600554862978
0.02,1,"SoftProxy","exact",10000,FALSE,383,136,7.8719634183838e-05,0.000107386408697136,TRUE,2.34527899201888e-05,0.460843116875899,0.73822762940728,0.810293137908061,0.0159717401348236,0.00907880655998694,0.0159717401348236,0.00907880655998694,0.015103071415112,0.00525769485549155,0.015103071415112,0.00525769485549155
0.02,1,"IPW","exact",0,FALSE,383,136,0.00580894098863909,0.000403334710145731,TRUE,1.05052121372752e-13,0.459985191766892,0.739071040888486,0.810293137908061,0.02254500432315,0.0156520704595693,0.02254500432315,0.0156520704595693,0.0208172080416283,0.00671526788917332,0.0208172080416283,0.00671526788917332
0.02,1,"IPW","exact",0.001,FALSE,383,136,0.00580893240823747,0.000403326273333308,TRUE,2.59365806923346e-07,0.459985190789817,0.739071040888486,0.810293137908061,0.0225449931136793,0.0156520604836634,0.0225449931136793,0.0156520604836634,0.0208172080416283,0.00671526788917332,0.0208172080416283,0.00671526788917332
0.02,1,"IPW","exact",0.00316227766016838,FALSE,383,136,0.00580890702613338,0.000403306035118108,TRUE,7.86080274012962e-07,0.459985188047072,0.739071201752777,0.810293137908061,0.0225449619145683,0.0156520324262092,0.0225449619145683,0.0156520324262092,0.0208172080416283,0.00671526788917332,0.0208172080416283,0.00671526788917332
0.02,1,"IPW","exact",0.01,FALSE,383,136,0.00580882779977274,0.00040324059008265,TRUE,2.46113840412076e-06,0.459985179620176,0.739071684345652,0.810293137908061,0.0225448645478517,0.0156519448764603,0.0225448645478517,0.0156519448764603,0.0208172080416283,0.00671526788917332,0.0208172080416283,0.00671526788917332
0.02,1,"IPW","exact",0.0316227766016838,FALSE,383,136,0.00580857804575099,0.000403034634838953,TRUE,7.7629092321662e-06,0.45998515306068,0.739072810395694,0.810293137908061,0.0225445578758207,0.0156516690998466,0.0225445578758207,0.0156516690998466,0.0208172080416283,0.00671526788917332,0.0208172080416283,0.00671526788917332
0.02,1,"IPW","exact",0.1,FALSE,383,136,0.00579992171212335,0.000398755656843267,TRUE,1.05330473010734e-05,0.459984586621108,0.739072327802819,0.810293137908061,0.0225375219438789,0.0156449144529737,0.0225375219438789,0.0156449144529737,0.0208172080416283,0.00671526788917332,0.0208172080416283,0.00671526788917332
0.02,1,"IPW","exact",0.316227766016838,FALSE,383,136,0.00577230297873058,0.00039522732909347,TRUE,1.21687716419847e-05,0.459983243126694,0.739073292988569,0.810293137908061,0.0225252610582422,0.0156333778126286,0.0225252610582422,0.0156333778126286,0.0208172080416283,0.00671526788917332,0.0208172080416283,0.00671526788917332
0.02,1,"IPW","exact",1,FALSE,383,136,0.0056911363136298,0.000371463887568032,TRUE,1.48273924569304e-05,0.459978651130594,0.739069432245569,0.810293137908061,0.0224832260946144,0.0155950535795343,0.0224832260946144,0.0155950535795343,0.0208172080416283,0.00671526788917332,0.0208172080416283,0.00671526788917332
0.02,1,"IPW","exact",3.16227766016838,FALSE,383,136,0.00541683163581604,0.000323178814880904,TRUE,1.16782230498842e-05,0.459978591817051,0.739063158538194,0.810126582278481,0.022352854696694,0.0154700634711417,0.022352854696694,0.0154700634711417,0.0201341044484062,0.00657327767316884,0.0201341044484062,0.00657327767316884
0.02,1,"IPW","exact",10,FALSE,383,136,0.00471845480646663,0.000183072094568931,TRUE,1.15627395448151e-05,0.459997915463973,0.738989321828319,0.810959360426382,0.0220145850199339,0.0151509028758861,0.0220145850199339,0.0151509028758861,0.0212506558826513,0.00907578278626531,0.0212506558826513,0.00907578278626531
0.02,1,"IPW","exact",31.6227766016838,FALSE,383,136,0.00333766666986325,0.000104572907893527,TRUE,1.18182318774202e-05,0.460149109856293,0.738729365132986,0.811125916055963,0.0213451132655169,0.0145177579713778,0.0213451132655169,0.0145177579713778,0.0187416909451956,0.00761820975258365,0.0187416909451956,0.00761820975258365
0.02,1,"IPW","exact",100,TRUE,383,136,0.00173087721937762,0.000456566747270446,TRUE,1.39672234036032e-05,0.460512265584614,0.73806547820128,0.810626249167222,0.0205643535548004,0.013779718489806,0.0205643535548004,0.013779718489806,0.0180323810352077,0.00706357858231177,0.0180323810352077,0.00706357858231177
0.02,1,"IPW","exact",316.227766016838,FALSE,383,136,0.000685872313311267,0.000699468682447162,TRUE,1.01929228897221e-05,0.460856514045343,0.737428616470573,0.80929380413058,0.0200480133748143,0.0132870536203397,0.0200480133748143,0.0132870536203397,0.019017553014161,0.00677959815030216,0.019017553014161,0.00677959815030216
0.02,1,"IPW","exact",1000,FALSE,383,136,0.000235800683764625,0.000810146784560147,TRUE,9.85207231786716e-06,0.461031629117643,0.737136969509782,0.80946035976016,0.0198234063785893,0.0130726662641554,0.0198234063785893,0.0130726662641554,0.0187416909451956,0.00677959815030216,0.0187416909451956,0.00677959815030216
0.02,1,"IPW","exact",3162.27766016838,FALSE,383,136,7.67538912047452e-05,0.000851723746986281,TRUE,1.74255468271759e-05,0.461096480326819,0.737006830297824,0.80946035976016,0.0197444530103743,0.0129974911334366,0.0197444530103743,0.0129974911334366,0.0180454841935903,0.00677959815030216,0.0180454841935903,0.00677959815030216
0.02,1,"IPW","exact",10000,FALSE,383,136,2.44507927497814e-05,0.000864282862032159,TRUE,2.61615847179658e-05,0.461118163223616,0.736968544596408,0.80979347101932,0.0197184821894644,0.0129729551368263,0.0197184821894644,0.0129729551368263,0.0179010015799161,0.00657327767316884,0.0179010015799161,0.00657327767316884
0.02,1,"Augmented","exact",0,FALSE,383,136,0.00483367508198836,0.00165559859107567,TRUE,1.05052121372752e-13,0.459985191766892,0.739071040888486,0.810293137908061,0.02254500432315,0.0156520704595693,0.02254500432315,0.0156520704595693,0.0208172080416283,0.00671526788917332,0.0208172080416283,0.00671526788917332
0.02,1,"Augmented","exact",0.001,FALSE,383,136,0.00483366919633895,0.00165560232089355,TRUE,1.7416388534925e-07,0.459985189278153,0.739071040888486,0.810293137908061,0.0225449967080532,0.0156520634130055,0.0225449967080532,0.0156520634130055,0.0208172080416283,0.00671526788917332,0.0208172080416283,0.00671526788917332
0.02,1,"Augmented","exact",0.00316227766016838,FALSE,383,136,0.00483365254458525,0.00165560795668373,TRUE,5.1641129146643e-07,0.459985182306183,0.739070880024194,0.810293137908061,0.0225449732164791,0.0156520417954892,0.0225449732164791,0.0156520417954892,0.0208172080416283,0.00671526788917332,0.0208172080416283,0.00671526788917332
0.02,1,"Augmented","exact",0.01,FALSE,383,136,0.00483360067494602,0.00165562772237062,TRUE,1.61187961717594e-06,0.459985160578146,0.739071684345652,0.810293137908061,0.0225449012825613,0.0156519753882486,0.0225449012825613,0.0156519753882486,0.0208172080416283,0.00671526788917332,0.0208172080416283,0.00671526788917332
0.02,1,"Augmented","exact",0.0316227766016838,FALSE,383,136,0.00483343728923855,0.00165568967063828,TRUE,5.08113137933233e-06,0.459985092120361,0.739071684345652,0.810293137908061,0.0225446745932749,0.015651766113241,0.0225446745932749,0.015651766113241,0.0208172080416283,0.00671526788917332,0.0208172080416283,0.00671526788917332
0.02,1,"Augmented","exact",0.1,FALSE,383,136,0.00483292102233569,0.00165588582976335,TRUE,1.60538719859067e-05,0.459984875865666,0.739071684345652,0.810293137908061,0.0225439584926863,0.0156511050036667,0.0225439584926863,0.0156511050036667,0.0208172080416283,0.00671526788917332,0.0208172080416283,0.00671526788917332
0.02,1,"Augmented","exact",0.316227766016838,FALSE,383,136,0.00482167464334782,0.00165208565242723,TRUE,1.24296876521868e-05,0.459979966305245,0.739082462253194,0.810293137908061,0.0225270461500432,0.0156348319810787,0.0225270461500432,0.0156348319810787,0.0208172080416283,0.00671526788917332,0.0208172080416283,0.00671526788917332
0.02,1,"Augmented","exact",1,FALSE,383,136,0.00479176855012244,0.00164847619298495,TRUE,1.10537928290236e-05,0.459969598441387,0.739088414231986,0.810293137908061,0.0224899331063912,0.0155983216294574,0.0224899331063912,0.0155983216294574,0.0208172080416283,0.00671526788917332,0.0208172080416283,0.00671526788917332
0.02,1,"Augmented","exact",3.16227766016838,FALSE,383,136,0.00469251160898903,0.00163337672512283,TRUE,8.84989407216399e-06,0.459943760037476,0.739111256961402,0.810626249167222,0.022364689821358,0.015476105920922,0.022364689821358,0.015476105920922,0.0208172080416283,0.00706357858231177,0.0208172080416283,0.00706357858231177
0.02,1,"Augmented","exact",10,FALSE,383,136,0.00441310559590767,0.00158951667113342,TRUE,1.07191396564469e-05,0.459873681090575,0.739112222147152,0.810792804796802,0.0220097657668689,0.0151305632859927,0.0220097657668689,0.0151305632859927,0.0203968633589887,0.00741188927545,0.0203968633589887,0.00741188927545
0.02,1,"Augmented","exact",31.6227766016838,FALSE,383,136,0.0037137770064525,0.00148225862940673,TRUE,1.23326137868503e-05,0.459756027922881,0.739217105665319,0.811125916055963,0.0211298477659996,0.0142738177883306,0.0211298477659996,0.0142738177883306,0.0187154846284299,0.0075538794914547,0.0187154846284299,0.0075538794914547
0.02,1,"Augmented","exact",100,FALSE,383,136,0.00247715459746549,0.00129303013747595,TRUE,1.16149198572626e-05,0.459769771978708,0.739086483860486,0.811125916055963,0.0195928995351358,0.0127790546344776,0.0195928995351358,0.0127790546344776,0.0168896232841966,0.0076958697074595,0.0168896232841966,0.0076958697074595
0.02,1,"Augmented","exact",316.227766016838,TRUE,383,136,0.00121392770497677,0.00109478252024552,TRUE,1.51256987946525e-05,0.460072263468588,0.738538097490195,0.810626249167222,0.018034999005674,0.0112636743480715,0.018034999005674,0.0112636743480715,0.013947210505718,0.00568366550350585,0.013947210505718,0.00568366550350585
0.02,1,"Augmented","exact",1000,FALSE,383,136,0.000466803794553227,0.000969893398230084,TRUE,2.13383174907007e-05,0.460399320715165,0.738002258534655,0.810459693537642,0.0171097755313,0.0103620690184905,0.0171097755313,0.0103620690184905,0.0144858314852658,0.00582565571951088,0.0144858314852658,0.00582565571951088
0.02,1,"Augmented","exact",3162.27766016838,FALSE,383,136,0.000158619510169312,0.00091726426338047,TRUE,1.86703746162002e-05,0.460562433905274,0.737743267025072,0.810792804796802,0.0167322831429975,0.00999544758525894,0.0167322831429975,0.00999544758525894,0.0137896247336606,0.00527102454923922,0.0137896247336606,0.00527102454923922
0.02,1,"Augmented","exact",10000,FALSE,383,136,5.13143270017703e-05,0.000897620517638407,TRUE,1.65396134500841e-05,0.460625323722215,0.737645944128614,0.810792804796802,0.0165993657551075,0.0098653935230163,0.0165993657551075,0.0098653935230163,0.0144858314852658,0.00527102454923922,0.0144858314852658,0.00527102454923922
0.02,1,"AugmentedMisspecified","exact",0,FALSE,383,136,0.00503255296589063,0.000716106618721812,TRUE,1.05052121372752e-13,0.459985191766892,0.739071040888486,0.810293137908061,0.02254500432315,0.0156520704595693,0.02254500432315,0.0156520704595693,0.0208172080416283,0.00671526788917332,0.0208172080416283,0.00671526788917332
0.02,1,"AugmentedMisspecified","exact",0.001,FALSE,383,136,0.00503254753682454,0.000716106519917233,TRUE,1.76955881758945e-07,0.459985189776963,0.739071040888486,0.810293137908061,0.0225449959724374,0.0156520629549972,0.0225449959724374,0.0156520629549972,0.0208172080416283,0.00671526788917332,0.0208172080416283,0.00671526788917332
0.02,1,"AugmentedMisspecified","exact",0.00316227766016838,FALSE,383,136,0.0050325318423422,0.000716103786288852,TRUE,5.27308795789292e-07,0.459985184204357,0.739070880024194,0.810293137908061,0.0225449712738602,0.015652040721002,0.0225449712738602,0.015652040721002,0.0208172080416283,0.00671526788917332,0.0208172080416283,0.00671526788917332
0.02,1,"AugmentedMisspecified","exact",0.01,FALSE,383,136,0.00503248305643027,0.000716095925745036,TRUE,1.6457168977293e-06,0.459985166892089,0.739071684345652,0.810293137908061,0.0225448950603894,0.0156519719962669,0.0225448950603894,0.0156519719962669,0.0208172080416283,0.00671526788917332,0.0208172080416283,0.00671526788917332
0.02,1,"AugmentedMisspecified","exact",0.0316227766016838,FALSE,383,136,0.00503232936368312,0.00071607096579468,TRUE,5.18783992289946e-06,0.459985112353672,0.739071684345652,0.810293137908061,0.0225446549312892,0.015651755450155,0.0225446549312892,0.015651755450155,0.0208172080416283,0.00671526788917332,0.0208172080416283,0.00671526788917332
0.02,1,"AugmentedMisspecified","exact",0.1,FALSE,383,136,0.00503184375266973,0.000715992262796899,TRUE,1.63909170236726e-05,0.45998494008066,0.739072166938527,0.810293137908061,0.0225438962730772,0.0156510712919173,0.0225438962730772,0.0156510712919173,0.0208172080416283,0.00671526788917332,0.0208172080416283,0.00671526788917332
0.02,1,"AugmentedMisspecified","exact",0.316227766016838,FALSE,383,136,0.00502039438833266,0.000707812190092022,TRUE,1.17814470672151e-05,0.459981325397805,0.739073292988569,0.810293137908061,0.0225263425068332,0.015634377223773,0.0225263425068332,0.015634377223773,0.0208172080416283,0.00671526788917332,0.0208172080416283,0.00671526788917332
0.02,1,"AugmentedMisspecified","exact",1,FALSE,383,136,0.004990130610237,0.000691018205867884,TRUE,1.12824288911921e-05,0.45997362315705,0.739079727560236,0.810293137908061,0.0224876587729615,0.015596829962612,0.0224876587729615,0.015596829962612,0.0208172080416283,0.00671526788917332,0.0208172080416283,0.00671526788917332
0.02,1,"AugmentedMisspecified","exact",3.16227766016838,FALSE,383,136,0.00489081388204035,0.000636491556904722,TRUE,1.37710411511948e-05,0.459956744368161,0.739088253367694,0.810459693537642,0.0223589576241101,0.0154722158031924,0.0223589576241101,0.0154722158031924,0.0212375527242681,0.00761820975258365,0.0212375527242681,0.00761820975258365
0.02,1,"AugmentedMisspecified","exact",10,FALSE,383,136,0.00460949353402556,0.000481699636442101,TRUE,9.91063313707603e-06,0.45991162425633,0.739031790001319,0.810792804796802,0.0219900533089266,0.0151179959454694,0.0219900533089266,0.0151179959454694,0.0205413459726628,0.00796652044572188,0.0205413459726628,0.00796652044572188
0.02,1,"AugmentedMisspecified","exact",31.6227766016838,FALSE,383,136,0.003907623890754,9.29282317504554e-05,TRUE,1.02465447114027e-05,0.459865506642494,0.738947175383903,0.810959360426382,0.0210671985774498,0.0142287373239134,0.0210671985774498,0.0142287373239134,0.0191358293110696,0.00810851066172658,0.0191358293110696,0.00810851066172658
0.02,1,"AugmentedMisspecified","exact",100,FALSE,383,136,0.0026532172825665,0.000605402047213368,TRUE,6.86263362929806e-06,0.460035930475978,0.73847680819507,0.812291805463025,0.0193984785501078,0.0126186422060437,0.0193984785501078,0.0126186422060437,0.0181506573321161,0.0074895492303263,0.0181506573321161,0.0074895492303263
0.02,1,"AugmentedMisspecified","exact",316.227766016838,TRUE,383,136,0.0013320346038762,0.00135735041503513,TRUE,9.40741216343664e-06,0.460573991478863,0.737328558881157,0.811792138574284,0.0175961015562894,0.0108741459600536,0.0175961015562894,0.0108741459600536,0.0131196242988215,0.00457440316296254,0.0131196242988215,0.00457440316296254
0.02,1,"AugmentedMisspecified","exact",1000,FALSE,383,136,0.000520592233239973,0.00183138860078731,TRUE,1.46008300592656e-05,0.461098042732189,0.736318652858076,0.811459027315123,0.0164655909688561,0.00977548914817805,0.0164655909688561,0.00977548914817805,0.011727210795611,0.00332315060641408,0.011727210795611,0.00332315060641408
0.02,1,"AugmentedMisspecified","exact",3162.27766016838,FALSE,383,136,0.000178248363772283,0.00203408248740928,TRUE,3.12932977479042e-05,0.46136662915719,0.73581418243941,0.810959360426382,0.0159813998381211,0.00930439220726531,0.0159813998381211,0.00930439220726531,0.0120030728645766,0.00297483991327596,0.0120030728645766,0.00297483991327596
0.02,1,"AugmentedMisspecified","exact",10000,FALSE,383,136,5.77901980819896e-05,0.00210521447728533,TRUE,1.26600390507485e-05,0.461467927474731,0.735626132082453,0.810626249167222,0.0158113097189286,0.00913835737878166,0.0158113097189286,0.00913835737878166,0.0125547970025073,0.00297483991327596,0.0125547970025073,0.00297483991327596
0.02,2,"Unconstrained","exact",0,TRUE,382,124,4.37946457373148e-05,0.000168593937398202,TRUE,1.08513695273046e-13,0.459985191766891,0.739071040888486,0.810293137908061,0.0225450043231494,0.0156520704595688,0.0225450043231494,0.0156520704595688,0.0208172080416283,0.00671526788917332,0.0208172080416283,0.00671526788917332
0.02,2,"Oracle","exact",0,FALSE,382,124,0.00529178061490764,0.00629127250049168,TRUE,1.05052121372752e-13,0.459985191766892,0.739071040888486,0.810293137908061,0.02254500432315,0.0156520704595693,0.02254500432315,0.0156520704595693,0.0208172080416283,0.00671526788917332,0.0208172080416283,0.00671526788917332
0.02,2,"Oracle","exact",0.001,FALSE,382,124,0.00529177820905107,0.00629127012120198,TRUE,1.11021923359621e-07,0.459985190194421,0.739071040888486,0.810293137908061,0.0225449954653917,0.0156520629158549,0.0225449954653917,0.0156520629158549,0.0208172080416283,0.00671526788917332,0.0208172080416283,0.00671526788917332
0.02,2,"Oracle","exact",0.00316227766016838,FALSE,382,124,0.00529177173392345,0.00629126391448259,TRUE,3.27015255675397e-07,0.459985185613298,0.739070880024194,0.810293137908061,0.0225449720466989,0.0156520426163859,0.0225449720466989,0.0156520426163859,0.0208172080416283,0.00671526788917332,0.0208172080416283,0.00671526788917332
0.02,2,"Oracle","exact",0.01,FALSE,382,124,0.00529175136616696,0.00629124429197505,TRUE,1.02198254684685e-06,0.459985171551179,0.739071040888486,0.810293137908061,0.0225448981889969,0.0156519786441922,0.0225448981889969,0.0156519786441922,0.0208172080416283,0.00671526788917332,0.0208172080416283,0.00671526788917332
0.02,2,"Oracle","exact",0.0316227766016838,FALSE,382,124,0.00529168722448246,0.00629118250464328,TRUE,3.22121257043506e-06,0.459985127257558,0.739072166938527,0.810293137908061,0.022544665617006,0.0156517771643727,0.022544665617006,0.0156517771643727,0.0208172080416283,0.00671526788917332,0.0208172080416283,0.00671526788917332
0.02,2,"Oracle","exact",0.1,FALSE,382,124,0.00529148451496665,0.00629098721315148,TRUE,1.01779949552156e-05,0.459984987357526,0.739073936445736,0.810293137908061,0.0225439305655029,0.0156511404026737,0.0225439305655029,0.0156511404026737,0.0208172080416283,0.00671526788917332,0.0208172080416283,0.00671526788917332
0.02,2,"Oracle","exact",0.316227766016838,FALSE,382,124,0.0052877286987205,0.00628757386933509,TRUE,7.04374605439898e-06,0.459982676334325,0.739073132124277,0.810293137908061,0.0225308674490009,0.0156386715863113,0.0225308674490009,0.0156386715863113,0.0208172080416283,0.00671526788917332,0.0208172080416283,0.00671526788917332
0.02,2,"Oracle","exact",1,FALSE,382,124,0.00527881433635366,0.00627927942073684,TRUE,1.00980212214249e-05,0.459976750441284,0.739083266574652,0.810293137908061,0.0224996613374855,0.0156091517207169,0.0224996613374855,0.0156091517207169,0.0208172080416283,0.00671526788917332,0.0208172080416283,0.00671526788917332
0.02,2,"Oracle","exact",3.16227766016838,FALSE,382,124,0.0052503730703072,0.00625317992796339,TRUE,1.07983673725647e-05,0.459956840475952,0.739106591896944,0.810459693537642,0.0224021867558235,0.0155171336742858,0.0224021867558235,0.0155171336742858,0.0210930701105938,0.00706357858231177,0.0210930701105938,0.00706357858231177
0.02,2,"Oracle","exact",10,FALSE,382,124,0.00516290222934436,0.00617284288570082,TRUE,1.35711523260974e-05,0.459901923811195,0.739135708333736,0.810126582278481,0.0220998360246384,0.0152315388936607,0.0220998360246384,0.0152315388936607,0.0203968633589886,0.00581232602576331,0.0203968633589886,0.00581232602576331
0.02,2,"Oracle","exact",31.6227766016838,FALSE,382,124,0.00490507377328343,0.00593539670106781,TRUE,1.2874457926251e-05,0.459775129966012,0.739278394960443,0.810626249167222,0.0212068762215351,0.0143924036090841,0.0212068762215351,0.0143924036090841,0.0191358293110695,0.00505137437835812,0.0191358293110695,0.00505137437835812
0.02,2,"Oracle","exact",100,FALSE,382,124,0.00423818823092835,0.00531500310935873,TRUE,1.30170796508488e-05,0.459694378897102,0.739465158403068,0.80929380413058,0.0188965026603667,0.0122224372460267,0.0188965026603667,0.0122224372460267,0.0166137612152311,0.00560600554862978,0.0166137612152311,0.00560600554862978
0.02,2,"Oracle","exact",316.227766016838,FALSE,382,124,0.00296861159733483,0.00412257407593279,TRUE,9.78614051228416e-06,0.460515173956145,0.738873821266903,0.807628247834777,0.0144915803037272,0.00811319452010117,0.0144915803037272,0.00811319452010117,0.0145910046237915,0.0051290343332342,0.0145910046237915,0.0051290343332342
0.02,2,"Oracle","exact",1000,TRUE,382,124,0.0015244494976099,0.00274413819293694,TRUE,1.2719592279585e-05,0.463023210000175,0.736152319180493,0.801798800799467,0.00947083663580917,0.00346286875802315,0.00947083663580917,0.00346286875802315,0.0106896261831253,0.00101363627670348,0.0106896261831253,0.00101363627670348
0.02,2,"Oracle","exact",3162.27766016838,FALSE,382,124,0.000599471380623759,0.00184861217495315,TRUE,1.63582006081514e-05,0.465509880555462,0.732973640777168,0.796635576282478,0.00624511222118151,0.000487191790973118,0.00624511222118151,0.000487191790973118,0.00525135162557455,-0.00205682970041221,0.00525135162557455,0.00205682970041221
0.02,2,"Oracle","exact",10000,FALSE,382,124,0.000205290515412797,0.00146299919379623,TRUE,2.82394971673876e-05,0.466777514921169,0.731273305214255,0.794636908727515,0.00486644519774648,-0.000783380595229533,0.00486644519774648,0.000783380595229533,0.00484411010131736,-0.0030374315186984,0.00484411010131736,0.0030374315186984
0.02,2,"SoftProxy","exact",0,FALSE,382,124,4.37946457372384e-05,0.00016859393739829,TRUE,1.05052121372752e-13,0.459985191766892,0.739071040888486,0.810293137908061,0.02254500432315,0.0156520704595693,0.02254500432315,0.0156520704595693,0.0208172080416283,0.00671526788917332,0.0208172080416283,0.00671526788917332
0.02,2,"SoftProxy","exact",0.001,FALSE,382,124,4.37946443919568e-05,0.000168593938804664,TRUE,1.68871112365113e-09,0.459985191766807,0.739071040888486,0.810293137908061,0.0225450043252058,0.0156520704611824,0.0225450043252058,0.0156520704611824,0.0208172080416283,0.00671526788917332,0.0208172080416283,0.00671526788917332
0.02,2,"SoftProxy","exact",0.00316227766016838,FALSE,382,124,4.37945385854477e-05,0.000168594049412202,TRUE,4.09723526514501e-09,0.459985191760148,0.739071040888486,0.810293137908061,0.022545004486316,0.015652070587644,0.022545004486316,0.015652070587644,0.0208172080416283,0.00671526788917332,0.0208172080416283,0.00671526788917332
0.02,2,"SoftProxy","exact",0.01,FALSE,382,124,4.37942455614882e-05,0.00016859435538598,TRUE,1.22123747493834e-08,0.459985191742474,0.739071040888486,0.810293137908061,0.0225450048881307,0.0156520709064046,0.0225450048881307,0.0156520709064046,0.0208172080416283,0.00671526788917332,0.0208172080416283,0.00671526788917332
0.02,2,"SoftProxy","exact",0.0316227766016838,FALSE,382,124,4.37933211849406e-05,0.000168595320808241,TRUE,3.81771345264605e-08,0.459985191681955,0.739071040888486,0.810293137908061,0.0225450061769477,0.0156520719283547,0.0225450061769477,0.0156520719283547,0.0208172080416283,0.00671526788917332,0.0208172080416283,0.00671526788917332
0.02,2,"SoftProxy","exact",0.1,FALSE,382,124,4.37904096884409e-05,0.000168598361580269,TRUE,1.20312083635034e-07,0.459985191490799,0.739071040888486,0.810293137908061,0.0225450102343889,0.0156520751460411,0.0225450102343889,0.0156520751460411,0.0208172080416283,0.00671526788917332,0.0208172080416283,0.00671526788917332
0.02,2,"SoftProxy","exact",0.316227766016838,FALSE,382,124,4.3781209630134e-05,0.000168607970178806,TRUE,3.80048418827524e-07,0.459985190886273,0.739070880024194,0.810293137908061,0.0225450230600422,0.0156520853170032,0.0225450230600422,0.0156520853170032,0.0208172080416283,0.00671526788917332,0.0208172080416283,0.00671526788917332
0.02,2,"SoftProxy","exact",1,FALSE,382,124,4.37521293596012e-05,0.000168638341805702,TRUE,1.20064187946439e-06,0.459985188976044,0.739071040888486,0.810293137908061,0.0225450636014292,0.0156521174668941,0.0225450636014292,0.0156521174668941,0.0208172080416283,0.00671526788917332,0.0208172080416283,0.00671526788917332
0.02,2,"SoftProxy","exact",3.16227766016838,FALSE,382,124,4.3660241865599e-05,0.000168734309693228,TRUE,3.78750900881433e-06,0.459985182944572,0.739071523481361,0.810293137908061,0.0225451916990285,0.0156522190505086,0.0225451916990285,0.0156522190505086,0.0208172080416283,0.00671526788917332,0.0208172080416283,0.00671526788917332
0.02,2,"SoftProxy","exact",10,FALSE,382,124,4.33703483873685e-05,0.00016903707599336,TRUE,1.18870262889974e-05,0.459985163957462,0.739071040888486,0.810293137908061,0.0225455957668389,0.015652539489838,0.0225455957668389,0.015652539489838,0.0208172080416283,0.00671526788917332,0.0208172080416283,0.00671526788917332
0.02,2,"SoftProxy","exact",31.6227766016838,FALSE,382,124,3.88001935281047e-05,0.000173800447863571,TRUE,1.70008017292903e-05,0.459984568791579,0.739076188545819,0.810459693537642,0.0225504295056659,0.0156566010773723,0.0225504295056659,0.0156566010773723,0.0205413459726628,0.00671526788917332,0.0205413459726628,0.00671526788917332
0.02,2,"SoftProxy","exact",100,FALSE,382,124,2.97257687211792e-05,0.000183270321486831,TRUE,1.64855046900736e-05,0.459982910705902,0.739085679539027,0.810459693537642,0.0225614686231376,0.0156658581860374,0.0225614686231376,0.0156658581860374,0.0205413459726628,0.00671526788917332,0.0205413459726628,0.00671526788917332
0.02,2,"SoftProxy","exact",316.227766016838,TRUE,382,124,1.71449007235983e-05,0.000196303971223479,TRUE,9.60330969537294e-06,0.459982457396956,0.739085036081861,0.810459693537642,0.0225736377660634,0.0156754281324909,0.0225736377660634,0.0156754281324909,0.0205413459726628,0.00671526788917332,0.0205413459726628,0.00671526788917332
0.02,2,"SoftProxy","exact",1000,FALSE,382,124,7.48530021997844e-06,0.000206416579130118,TRUE,1.67931985157164e-05,0.459980659293835,0.739086644724777,0.810626249167222,0.0225848609519624,0.0156848368290464,0.0225848609519624,0.0156848368290464,0.0208172080416283,0.00706357858231177,0.0208172080416283,0.00706357858231177
0.02,2,"SoftProxy","exact",3162.27766016838,FALSE,382,124,2.7459596698529e-06,0.000211353203572552,TRUE,1.47654926268313e-05,0.459980375798637,0.739083266574652,0.810626249167222,0.0225898693913361,0.0156889398797188,0.0225898693913361,0.0156889398797188,0.0208172080416283,0.00706357858231177,0.0208172080416283,0.00706357858231177
0.02,2,"SoftProxy","exact",10000,FALSE,382,124,9.33290613410114e-07,0.000213244684858241,TRUE,1.74457688529824e-05,0.459980139602703,0.739080853610277,0.810626249167222,0.0225919495352443,0.0156906719795056,0.0225919495352443,0.0156906719795056,0.0208172080416283,0.00706357858231177,0.0208172080416283,0.00706357858231177
0.02,2,"IPW","exact",0,FALSE,382,124,0.00372046992210871,0.00198055440721473,TRUE,1.05052121372752e-13,0.459985191766892,0.739071040888486,0.810293137908061,0.02254500432315,0.0156520704595693,0.02254500432315,0.0156520704595693,0.0208172080416283,0.00671526788917332,0.0208172080416283,0.00671526788917332
0.02,2,"IPW","exact",0.001,FALSE,382,124,0.00372045912596891,0.00198054563739169,TRUE,1.77008195065662e-07,0.459985190979376,0.739070719159902,0.810293137908061,0.0225449944283123,0.0156520631298527,0.0225449944283123,0.0156520631298527,0.0208172080416283,0.00671526788917332,0.0208172080416283,0.00671526788917332
0.02,2,"IPW","exact",0.00316227766016838,FALSE,382,124,0.00372043200563403,0.00198053202872757,TRUE,5.07564530481431e-07,0.459985188696339,0.739071040888486,0.810293137908061,0.0225449717713535,0.0156520464152818,0.0225449717713535,0.0156520464152818,0.0208172080416283,0.00671526788917332,0.0208172080416283,0.00671526788917332
0.02,2,"IPW","exact",0.01,FALSE,382,124,0.00372034580961436,0.0019804833545351,TRUE,1.58531904322776e-06,0.459985182039834,0.739071523481361,0.810293137908061,0.0225448990393371,0.0156519926805518,0.0225448990393371,0.0156519926805518,0.0208172080416283,0.00671526788917332,0.0208172080416283,0.00671526788917332
0.02,2,"IPW","exact",0.0316227766016838,FALSE,382,124,0.0037200745689368,0.00198033058964029,TRUE,4.99314717391226e-06,0.459985161111342,0.739072327802819,0.810293137908061,0.0225446703029184,0.0156518236886244,0.0225446703029184,0.0156518236886244,0.0208172080416283,0.00671526788917332,0.0208172080416283,0.00671526788917332
0.02,2,"IPW","exact",0.1,FALSE,382,124,0.00371921730169486,0.00197984682040476,TRUE,1.57723188411406e-05,0.45998509518762,0.739074740767194,0.810293137908061,0.0225439471553722,0.0156512894140505,0.0225439471553722,0.0156512894140505,0.0208172080416283,0.00671526788917332,0.0208172080416283,0.00671526788917332
0.02,2,"IPW","exact",0.316227766016838,FALSE,382,124,0.00370782998163746,0.00197889948837179,TRUE,1.42086803255803e-05,0.459985593561064,0.739079727560236,0.810293137908061,0.0225388160716447,0.0156473935047726,0.0225388160716447,0.0156473935047726,0.0208172080416283,0.00671526788917332,0.0208172080416283,0.00671526788917332
0.02,2,"IPW","exact",1,FALSE,382,124,0.00367572028706563,0.00196742520934442,TRUE,1.09651023674031e-05,0.459982390877836,0.739095813989402,0.810459693537642,0.0225242311151943,0.0156357791328182,0.0225242311151943,0.0156357791328182,0.0210930701105938,0.00706357858231177,0.0210930701105938,0.00706357858231177
0.02,2,"IPW","exact",3.16227766016838,FALSE,382,124,0.00358139085868173,0.0019401723535915,TRUE,1.14346586690262e-05,0.459977379854891,0.73911302646861,0.810459693537642,0.0224800659092088,0.0156024793633901,0.0224800659092088,0.0156024793633901,0.0210930701105938,0.00706357858231177,0.0210930701105938,0.00706357858231177
0.02,2,"IPW","exact",10,FALSE,382,124,0.00331217826477449,0.00186331884398828,TRUE,1.31610294377108e-05,0.459972921883474,0.739149542662819,0.810293137908061,0.02235142799962,0.0155051360108817,0.02235142799962,0.0155051360108817,0.0208172080416285,0.00671526788917332,0.0208172080416285,0.00671526788917332
0.02,2,"IPW","exact",31.6227766016838,FALSE,382,124,0.00266903947913724,0.00167848449046681,TRUE,1.08223901820892e-05,0.460001524264204,0.739228044437152,0.810459693537642,0.0220579706713298,0.0152869262496128,0.0220579706713298,0.0152869262496128,0.0212375527242682,0.00671526788917332,0.0212375527242682,0.00671526788917332
0.02,2,"IPW","exact",100,TRUE,382,124,0.00164485555780618,0.00137759557739289,TRUE,1.08196141675608e-05,0.460181179524728,0.739215657886694,0.810959360426382,0.0215844082717251,0.0149341515329007,0.0215844082717251,0.0149341515329007,0.021631691090142,0.00790219018459304,0.021631691090142,0.00790219018459304
0.02,2,"IPW","exact",316.227766016838,FALSE,382,124,0.000738963584624715,0.00109974237452466,TRUE,9.66933400343271e-06,0.460472855071671,0.739030663951277,0.809960026648901,0.0211729477863982,0.014631212903463,0.0211729477863982,0.014631212903463,0.0221834152280735,0.00901145252513658,0.0221834152280735,0.00901145252513658
0.02,2,"IPW","exact",1000,FALSE,382,124,0.000269262988981716,0.000957133600248414,TRUE,2.9159191348304e-05,0.460672034804358,0.738840844087111,0.810126582278481,0.0209617350026274,0.0144759630131132,0.0209617350026274,0.0144759630131132,0.0202261744285486,0.00880513204800315,0.0202261744285486,0.00880513204800315
0.02,2,"IPW","exact",3162.27766016838,FALSE,382,124,8.93922154673859e-05,0.00090350268650589,TRUE,2.47206112594608e-05,0.460756314617283,0.738770868120236,0.80979347101932,0.0208809121565467,0.014417054020553,0.0208809121565467,0.014417054020553,0.0195299676769434,0.00845682135486481,0.0195299676769434,0.00845682135486481
0.02,2,"IPW","exact",10000,FALSE,382,124,2.87048729881168e-05,0.000881823948260946,TRUE,1.66547569318141e-05,0.460787418351685,0.738730008590153,0.80962691538974,0.0208529814078164,0.0143959493276292,0.0208529814078164,0.0143959493276292,0.0206465191111883,0.00901145252513658,0.0206465191111883,0.00901145252513658
0.02,2,"Augmented","exact",0,FALSE,382,124,0.00144841433627086,7.38280607146281e-05,TRUE,1.05052121372752e-13,0.459985191766892,0.739071040888486,0.810293137908061,0.02254500432315,0.0156520704595693,0.02254500432315,0.0156520704595693,0.0208172080416283,0.00671526788917332,0.0208172080416283,0.00671526788917332
0.02,2,"Augmented","exact",0.001,FALSE,382,124,0.00144841235908373,7.38280073343531e-05,TRUE,5.14062417033948e-08,0.45998519162784,0.739071040888486,0.810293137908061,0.0225450016303878,0.0156520683096052,0.0225450016303878,0.0156520683096052,0.0208172080416283,0.00671526788917332,0.0208172080416283,0.00671526788917332
0.02,2,"Augmented","exact",0.00316227766016838,FALSE,382,124,0.00144840735788535,7.38287946790992e-05,TRUE,1.51038135461683e-07,0.459985191158229,0.739070719159902,0.810293137908061,0.0225449953076718,0.0156520631756211,0.0225449953076718,0.0156520631756211,0.0208172080416283,0.00671526788917332,0.0208172080416283,0.00671526788917332
0.02,2,"Augmented","exact",0.01,FALSE,382,124,0.00144839135651322,7.38308457162108e-05,TRUE,4.73515780376224e-07,0.459985189799813,0.739070880024194,0.810293137908061,0.0225449749071533,0.0156520466366168,0.0225449749071533,0.0156520466366168,0.0208172080416283,0.00671526788917332,0.0208172080416283,0.00671526788917332
0.02,2,"Augmented","exact",0.0316227766016838,FALSE,382,124,0.0014483409794345,7.38373733245632e-05,TRUE,1.49252347377558e-06,0.459985185528093,0.739071201752777,0.810293137908061,0.0225449107217741,0.015651994592888,0.0225449107217741,0.015651994592888,0.0208172080416283,0.00671526788917332,0.0208172080416283,0.00671526788917332
0.02,2,"Augmented","exact",0.1,FALSE,382,124,0.00144818173993929,7.38579251349645e-05,TRUE,4.71568530901889e-06,0.459985172057503,0.739072327802819,0.810293137908061,0.0225447077973395,0.0156518300629767,0.0225447077973395,0.0156518300629767,0.0208172080416283,0.00671526788917332,0.0208172080416283,0.00671526788917332
0.02,2,"Augmented","exact",0.316227766016838,FALSE,382,124,0.00144767833715955,7.392287977194e-05,TRUE,1.49038272361117e-05,0.459985129584249,0.739072006074236,0.810293137908061,0.0225440662726557,0.0156513099259885,0.0225440662726557,0.0156513099259885,0.0208172080416283,0.00671526788917332,0.0208172080416283,0.00671526788917332
0.02,2,"Augmented","exact",1,FALSE,382,124,0.0014375712565286,8.02478203358685e-05,TRUE,1.51883099726509e-05,0.459985527670985,0.739073132124277,0.810293137908061,0.0225355592422742,0.0156437428442099,0.0225355592422742,0.0156437428442099,0.0208172080416283,0.00671526788917332,0.0208172080416283,0.00671526788917332
0.02,2,"Augmented","exact",3.16227766016838,FALSE,382,124,0.00141055271550122,9.02625314355305e-05,TRUE,1.21949122845163e-05,0.459984729878887,0.739076671138694,0.810293137908061,0.0225182444161712,0.0156305075961823,0.0225182444161712,0.0156305075961823,0.0208172080416283,0.00671526788917332,0.0208172080416283,0.00671526788917332
0.02,2,"Augmented","exact",10,FALSE,382,124,0.00133474731609204,0.000123206135743127,TRUE,1.05931958428503e-05,0.459984066715122,0.739096135717986,0.810126582278481,0.0224679741907963,0.0155906622808849,0.0224679741907963,0.0155906622808849,0.0210930701105938,0.00671526788917332,0.0210930701105938,0.00671526788917332
0.02,2,"Augmented","exact",31.6227766016838,FALSE,382,124,0.00114221230770995,0.000208300998725028,TRUE,1.00016330958158e-05,0.45998793443832,0.739108200539861,0.809960026648901,0.0223335250108081,0.01548465497394,0.0223335250108081,0.01548465497394,0.0215134147932335,0.0072698990594452,0.0215134147932335,0.0072698990594452
0.02,2,"Augmented","exact",100,FALSE,382,124,0.000786881314004563,0.000361106449467469,TRUE,1.4552753490384e-05,0.460016757098094,0.739128308576319,0.810126582278481,0.0220882368017686,0.0152940800132039,0.0220882368017686,0.0152940800132039,0.0205413459726628,0.00726989905944531,0.0205413459726628,0.00726989905944531
0.02,2,"Augmented","exact",316.227766016838,TRUE,382,124,0.000398362455653034,0.000524250656793616,TRUE,8.65352445594579e-06,0.460080100951981,0.739144716734069,0.810626249167222,0.0218189796347296,0.0150892493105341,0.0218189796347296,0.0150892493105341,0.0198320360626746,0.00685725810517823,0.0198320360626746,0.00685725810517823
0.02,2,"Augmented","exact",1000,FALSE,382,124,0.000155808615094622,0.000625988456982728,TRUE,1.03854855098968e-05,0.460137961949965,0.73912750425486,0.810293137908061,0.0216507369883621,0.0149636408655645,0.0216507369883621,0.0149636408655645,0.0185841051731386,0.00616063671890166,0.0185841051731386,0.00616063671890166
0.02,2,"Augmented","exact",3162.27766016838,FALSE,382,124,5.32989171163657e-05,0.000666595590345263,TRUE,1.16955236972117e-05,0.460166637264411,0.739106752761236,0.810959360426382,0.0215807334336462,0.0149118165054543,0.0215807334336462,0.0149118165054543,0.0184396225594642,0.00630262693490646,0.0184396225594642,0.00630262693490646
0.02,2,"Augmented","exact",10000,FALSE,382,124,1.72428093093707e-05,0.000681885312225225,TRUE,3.4121934558119e-05,0.460176665997044,0.739110935232819,0.810959360426382,0.0215538294937351,0.0148917868099082,0.0215538294937351,0.0148917868099082,0.0184396225594642,0.00630262693490646,0.0184396225594642,0.00630262693490646
0.02,2,"AugmentedMisspecified","exact",0,FALSE,382,124,0.00129443528111623,2.47694448019126e-05,TRUE,1.05052121372752e-13,0.459985191766892,0.739071040888486,0.810293137908061,0.02254500432315,0.0156520704595693,0.02254500432315,0.0156520704595693,0.0208172080416283,0.00671526788917332,0.0208172080416283,0.00671526788917332
0.02,2,"AugmentedMisspecified","exact",0.001,FALSE,382,124,0.00129443337109554,2.47691989919787e-05,TRUE,4.50911141340136e-08,0.459985191637609,0.739071040888486,0.810293137908061,0.0225450013911201,0.0156520680857054,0.0225450013911201,0.0156520680857054,0.0208172080416283,0.00671526788917332,0.0208172080416283,0.00671526788917332
0.02,2,"AugmentedMisspecified","exact",0.00316227766016838,FALSE,382,124,0.00129442870394023,2.47697418639497e-05,TRUE,1.31106099569096e-07,0.459985191191056,0.739070880024194,0.810293137908061,0.022544994422545,0.0156520623432148,0.022544994422545,0.0156520623432148,0.0208172080416283,0.00671526788917332,0.0208172080416283,0.00671526788917332
0.02,2,"AugmentedMisspecified","exact",0.01,FALSE,382,124,0.00129441369696418,2.47708554564298e-05,TRUE,4.11390985165152e-07,0.459985189898635,0.739070880024194,0.810293137908061,0.0225449720314843,0.0156520439287776,0.0225449720314843,0.0156520439287776,0.0208172080416283,0.00671526788917332,0.0208172080416283,0.00671526788917332
0.02,2,"AugmentedMisspecified","exact",0.0316227766016838,FALSE,382,124,0.0012943664617025,2.47744409804905e-05,TRUE,1.29660453046415e-06,0.459985185829804,0.739071201752777,0.810293137908061,0.0225449015828847,0.0156519859839598,0.0225449015828847,0.0156519859839598,0.0208172080416283,0.00671526788917332,0.0208172080416283,0.00671526788917332
0.02,2,"AugmentedMisspecified","exact",0.1,FALSE,382,124,0.00129421713815762,2.47856641758353e-05,TRUE,4.09674005688077e-06,0.459985172996549,0.739072810395694,0.810293137908061,0.0225446788698399,0.0156518028097854,0.0225446788698399,0.0156518028097854,0.0208172080416283,0.00671526788917332,0.0208172080416283,0.00671526788917332
0.02,2,"AugmentedMisspecified","exact",0.316227766016838,FALSE,382,124,0.00129374507698145,2.48211212684861e-05,TRUE,1.29477775363801e-05,0.459985132532013,0.739072810395694,0.810293137908061,0.0225439747880645,0.0156512237324179,0.0225439747880645,0.0156512237324179,0.0208172080416283,0.00671526788917332,0.0208172080416283,0.00671526788917332
0.02,2,"AugmentedMisspecified","exact",1,FALSE,382,124,0.0012856281776195,3.07415335842385e-05,TRUE,1.08224467874725e-05,0.459985095981517,0.739069271381277,0.810293137908061,0.0225352230506209,0.0156432865824148,0.0225352230506209,0.0156432865824148,0.0208172080416283,0.00671526788917332,0.0208172080416283,0.00671526788917332
0.02,2,"AugmentedMisspecified","exact",3.16227766016838,FALSE,382,124,0.00126397077972106,4.09913357125649e-05,TRUE,1.09022801646387e-05,0.459983265642421,0.739073292988569,0.810293137908061,0.0225158107764963,0.0156270046650742,0.0225158107764963,0.0156270046650742,0.0208172080416283,0.00671526788917332,0.0208172080416283,0.00671526788917332
0.02,2,"AugmentedMisspecified","exact",10,FALSE,382,124,0.00120241751571876,7.5064112309506e-05,TRUE,1.28404157643867e-05,0.459979301840429,0.739084392624694,0.810126582278481,0.0224581834745347,0.0155777718073851,0.0224581834745347,0.0155777718073851,0.0210930701105938,0.00671526788917332,0.0210930701105938,0.00671526788917332
0.02,2,"AugmentedMisspecified","exact",31.6227766016838,FALSE,382,124,0.00104252105506369,0.000162612083824118,TRUE,1.08284142271894e-05,0.459974569820123,0.739073936445736,0.810293137908061,0.0223067005544066,0.0154489112967718,0.0223067005544066,0.0154489112967718,0.0208172080416285,0.00671526788917332,0.0208172080416285,0.00671526788917332
0.02,2,"AugmentedMisspecified","exact",100,FALSE,382,124,0.000734751129043915,0.00032673707514752,TRUE,7.87340382015071e-06,0.459983608842263,0.739065410638277,0.811125916055963,0.0220174670218831,0.0152049076161622,0.0220174670218831,0.0152049076161622,0.022774448841153,0.00796652044572177,0.022774448841153,0.00796652044572177
0.02,2,"AugmentedMisspecified","exact",316.227766016838,TRUE,382,124,0.000380960505536669,0.000515996149230473,TRUE,1.14798126798778e-05,0.460023171943047,0.739019403450861,0.810792804796802,0.0216853403660633,0.0149287788199804,0.0216853403660633,0.0149287788199804,0.0210930701105938,0.00741188927545,0.0210930701105938,0.00741188927545
0.02,2,"AugmentedMisspecified","exact",1000,FALSE,382,124,0.000150972032508867,0.000639009132940612,TRUE,9.53986402627766e-06,0.460066481881953,0.738962296627319,0.811292471685543,0.0214698062489856,0.0147517854722468,0.0214698062489856,0.0147517854722468,0.0199765186763491,0.00630262693490646,0.0199765186763491,0.00630262693490646
0.02,2,"AugmentedMisspecified","exact",3162.27766016838,FALSE,382,124,5.19358689755498e-05,0.000691203151281245,TRUE,9.34598754450113e-06,0.460089337148579,0.738939453897903,0.811292471685543,0.0213772175084922,0.0146758892001155,0.0213772175084922,0.0146758892001155,0.018728587786813,0.00505137437835812,0.018728587786813,0.00505137437835812
0.02,2,"AugmentedMisspecified","exact",10000,FALSE,382,124,1.68461171618608e-05,0.000707612595645687,TRUE,3.08016192430027e-05,0.460098682790228,0.738921437097236,0.811125916055963,0.0213449634580217,0.0146496927924601,0.0213449634580217,0.0146496927924601,0.0183082431041733,0.00505137437835812,0.0183082431041733,0.00505137437835812
0.02,3,"Unconstrained","exact",0,TRUE,373,130,0.00700381290601777,0.00708862676994184,TRUE,1.08513695273046e-13,0.459985191766891,0.739071040888486,0.810293137908061,0.0225450043231494,0.0156520704595688,0.0225450043231494,0.0156520704595688,0.0208172080416283,0.00671526788917332,0.0208172080416283,0.00671526788917332
0.02,3,"Oracle","exact",0,FALSE,373,130,0.00529178061490764,0.00629127250049168,TRUE,1.05052121372752e-13,0.459985191766892,0.739071040888486,0.810293137908061,0.02254500432315,0.0156520704595693,0.02254500432315,0.0156520704595693,0.0208172080416283,0.00671526788917332,0.0208172080416283,0.00671526788917332
0.02,3,"Oracle","exact",0.001,FALSE,373,130,0.00529177820905107,0.00629127012120198,TRUE,1.11021923359621e-07,0.459985190194421,0.739071040888486,0.810293137908061,0.0225449954653917,0.0156520629158549,0.0225449954653917,0.0156520629158549,0.0208172080416283,0.00671526788917332,0.0208172080416283,0.00671526788917332
0.02,3,"Oracle","exact",0.00316227766016838,FALSE,373,130,0.00529177173392345,0.00629126391448259,TRUE,3.27015255675397e-07,0.459985185613298,0.739070880024194,0.810293137908061,0.0225449720466989,0.0156520426163859,0.0225449720466989,0.0156520426163859,0.0208172080416283,0.00671526788917332,0.0208172080416283,0.00671526788917332
0.02,3,"Oracle","exact",0.01,FALSE,373,130,0.00529175136616696,0.00629124429197505,TRUE,1.02198254684685e-06,0.459985171551179,0.739071040888486,0.810293137908061,0.0225448981889969,0.0156519786441922,0.0225448981889969,0.0156519786441922,0.0208172080416283,0.00671526788917332,0.0208172080416283,0.00671526788917332
0.02,3,"Oracle","exact",0.0316227766016838,FALSE,373,130,0.00529168722448246,0.00629118250464328,TRUE,3.22121257043506e-06,0.459985127257558,0.739072166938527,0.810293137908061,0.022544665617006,0.0156517771643727,0.022544665617006,0.0156517771643727,0.0208172080416283,0.00671526788917332,0.0208172080416283,0.00671526788917332
0.02,3,"Oracle","exact",0.1,FALSE,373,130,0.00529148451496665,0.00629098721315148,TRUE,1.01779949552156e-05,0.459984987357526,0.739073936445736,0.810293137908061,0.0225439305655029,0.0156511404026737,0.0225439305655029,0.0156511404026737,0.0208172080416283,0.00671526788917332,0.0208172080416283,0.00671526788917332
0.02,3,"Oracle","exact",0.316227766016838,FALSE,373,130,0.0052877286987205,0.00628757386933509,TRUE,7.04374605439898e-06,0.459982676334325,0.739073132124277,0.810293137908061,0.0225308674490009,0.0156386715863113,0.0225308674490009,0.0156386715863113,0.0208172080416283,0.00671526788917332,0.0208172080416283,0.00671526788917332
0.02,3,"Oracle","exact",1,FALSE,373,130,0.00527881433635366,0.00627927942073684,TRUE,1.00980212214249e-05,0.459976750441284,0.739083266574652,0.810293137908061,0.0224996613374855,0.0156091517207169,0.0224996613374855,0.0156091517207169,0.0208172080416283,0.00671526788917332,0.0208172080416283,0.00671526788917332
0.02,3,"Oracle","exact",3.16227766016838,FALSE,373,130,0.0052503730703072,0.00625317992796339,TRUE,1.07983673725647e-05,0.459956840475952,0.739106591896944,0.810459693537642,0.0224021867558235,0.0155171336742858,0.0224021867558235,0.0155171336742858,0.0210930701105938,0.00706357858231177,0.0210930701105938,0.00706357858231177
0.02,3,"Oracle","exact",10,FALSE,373,130,0.00516290222934436,0.00617284288570082,TRUE,1.35711523260974e-05,0.459901923811195,0.739135708333736,0.810126582278481,0.0220998360246384,0.0152315388936607,0.0220998360246384,0.0152315388936607,0.0203968633589886,0.00581232602576331,0.0203968633589886,0.00581232602576331
0.02,3,"Oracle","exact",31.6227766016838,FALSE,373,130,0.00490507377328343,0.00593539670106781,TRUE,1.2874457926251e-05,0.459775129966012,0.739278394960443,0.810626249167222,0.0212068762215351,0.0143924036090841,0.0212068762215351,0.0143924036090841,0.0191358293110695,0.00505137437835812,0.0191358293110695,0.00505137437835812
0.02,3,"Oracle","exact",100,FALSE,373,130,0.00423818823092835,0.00531500310935873,TRUE,1.30170796508488e-05,0.459694378897102,0.739465158403068,0.80929380413058,0.0188965026603667,0.0122224372460267,0.0188965026603667,0.0122224372460267,0.0166137612152311,0.00560600554862978,0.0166137612152311,0.00560600554862978
0.02,3,"Oracle","exact",316.227766016838,FALSE,373,130,0.00296861159733483,0.00412257407593279,TRUE,9.78614051228416e-06,0.460515173956145,0.738873821266903,0.807628247834777,0.0144915803037272,0.00811319452010117,0.0144915803037272,0.00811319452010117,0.0145910046237915,0.0051290343332342,0.0145910046237915,0.0051290343332342
0.02,3,"Oracle","exact",1000,TRUE,373,130,0.0015244494976099,0.00274413819293694,TRUE,1.2719592279585e-05,0.463023210000175,0.736152319180493,0.801798800799467,0.00947083663580917,0.00346286875802315,0.00947083663580917,0.00346286875802315,0.0106896261831253,0.00101363627670348,0.0106896261831253,0.00101363627670348
0.02,3,"Oracle","exact",3162.27766016838,FALSE,373,130,0.000599471380623759,0.00184861217495315,TRUE,1.63582006081514e-05,0.465509880555462,0.732973640777168,0.796635576282478,0.00624511222118151,0.000487191790973118,0.00624511222118151,0.000487191790973118,0.00525135162557455,-0.00205682970041221,0.00525135162557455,0.00205682970041221
0.02,3,"Oracle","exact",10000,FALSE,373,130,0.000205290515412797,0.00146299919379623,TRUE,2.82394971673876e-05,0.466777514921169,0.731273305214255,0.794636908727515,0.00486644519774648,-0.000783380595229533,0.00486644519774648,0.000783380595229533,0.00484411010131736,-0.0030374315186984,0.00484411010131736,0.0030374315186984
0.02,3,"SoftProxy","exact",0,FALSE,373,130,0.00700381290601784,0.00708862676994192,TRUE,1.05052121372752e-13,0.459985191766892,0.739071040888486,0.810293137908061,0.02254500432315,0.0156520704595693,0.02254500432315,0.0156520704595693,0.0208172080416283,0.00671526788917332,0.0208172080416283,0.00671526788917332
0.02,3,"SoftProxy","exact",0.001,FALSE,373,130,0.00700380871568183,0.00708862258888176,TRUE,1.827119174988e-07,0.459985187561989,0.739071040888486,0.810293137908061,0.0225449954389737,0.0156520632396323,0.0225449954389737,0.0156520632396323,0.0208172080416283,0.00671526788917332,0.0208172080416283,0.00671526788917332
0.02,3,"SoftProxy","exact",0.00316227766016838,FALSE,373,130,0.00700379660638036,0.0070886104849222,TRUE,5.45771083466556e-07,0.459985175621392,0.739070558295611,0.810293137908061,0.0225449704796621,0.0156520427321126,0.0225449704796621,0.0156520427321126,0.0208172080416283,0.00671526788917332,0.0208172080416283,0.00671526788917332
0.02,3,"SoftProxy","exact",0.01,FALSE,373,130,0.00700375897882628,0.00708857288216392,TRUE,1.70433264517906e-06,0.45998513869248,0.739070880024194,0.810293137908061,0.0225448928625587,0.0156519788662559,0.0225448928625587,0.0156519788662559,0.0208172080416283,0.00671526788917332,0.0208172080416283,0.00671526788917332
0.02,3,"SoftProxy","exact",0.0316227766016838,FALSE,373,130,0.00700364041811003,0.00708845439688485,TRUE,5.37342518844095e-06,0.459985022414094,0.739071362617069,0.810293137908061,0.0225446483491303,0.015651777627339,0.0225446483491303,0.015651777627339,0.0208172080416283,0.00671526788917332,0.0208172080416283,0.00671526788917332
0.02,3,"SoftProxy","exact",0.1,FALSE,373,130,0.00700326579011613,0.00708808000787577,TRUE,1.69785692451045e-05,0.459984655113409,0.739072327802819,0.810293137908061,0.0225438756869019,0.0156511417062257,0.0225438756869019,0.0156511417062257,0.0208172080416283,0.00671526788917332,0.0208172080416283,0.00671526788917332
0.02,3,"SoftProxy","exact",0.316227766016838,FALSE,373,130,0.00699466389755672,0.00707941774201339,TRUE,1.31452757783061e-05,0.459978759457086,0.739074579902902,0.810293137908061,0.0225284097084987,0.0156367287821433,0.0225284097084987,0.0156367287821433,0.0208172080416283,0.00671526788917332,0.0208172080416283,0.00671526788917332
0.02,3,"SoftProxy","exact",1,FALSE,373,130,0.00697219552097422,0.0070569299113889,TRUE,1.17330003324321e-05,0.459962361452267,0.739075062495777,0.810293137908061,0.0224920686798047,0.0156025768645858,0.0224920686798047,0.0156025768645858,0.0208172080416283,0.00671526788917332,0.0208172080416283,0.00671526788917332
0.02,3,"SoftProxy","exact",3.16227766016838,FALSE,373,130,0.00690401128514145,0.00698850113781258,TRUE,1.08838585387685e-05,0.459916284079311,0.739065571502569,0.810293137908061,0.0223762739483185,0.0154948151370087,0.0223762739483185,0.0154948151370087,0.0208172080416285,0.00671526788917332,0.0208172080416285,0.00671526788917332
0.02,3,"SoftProxy","exact",10,FALSE,373,130,0.0066974853989178,0.00678132872003292,TRUE,1.29571107878577e-05,0.459787414340856,0.739033398644236,0.810959360426382,0.0220203822020516,0.0151636491808796,0.0220203822020516,0.0151636491808796,0.0212244495658857,0.00720556879831646,0.0212244495658857,0.00720556879831646
0.02,3,"SoftProxy","exact",31.6227766016838,FALSE,373,130,0.00611744384762885,0.00619921547117904,TRUE,1.05758460746234e-05,0.459527982278612,0.738860791259278,0.811625582944704,0.0210276218489248,0.0142410059278921,0.0210276218489248,0.0142410059278921,0.0206465191111885,0.00839249109373619,0.0206465191111885,0.00839249109373619
0.02,3,"SoftProxy","exact",100,FALSE,373,130,0.00480055496193878,0.00487544433805363,TRUE,1.13561860292688e-05,0.459476191565363,0.737817747192114,0.810459693537642,0.0187572917007223,0.012134005284351,0.0187572917007223,0.012134005284351,0.0185185893812236,0.00707690827605889,0.0185185893812236,0.00707690827605889
0.02,3,"SoftProxy","exact",316.227766016838,TRUE,373,130,0.00285835272024458,0.00291641620082776,TRUE,6.35573899695131e-06,0.460769366397385,0.734806528516413,0.807295136575616,0.0153831763257476,0.00901018976084278,0.0153831763257476,0.00901018976084278,0.0176123842240294,0.00666426732179215,0.0176123842240294,0.00666426732179215
0.02,3,"SoftProxy","exact",1000,FALSE,373,130,0.00125607171798096,0.00129111386496716,TRUE,1.10637532093055e-05,0.463071542213099,0.730635960890673,0.804796802131912,0.0125615067916819,0.00640121012891015,0.0125615067916819,0.00640121012891015,0.0192544534794393,0.00777352966233524,0.0192544534794393,0.00777352966233524
0.02,3,"SoftProxy","exact",3162.27766016838,FALSE,373,130,0.000453295787752246,0.000472153933052494,TRUE,1.00536059149893e-05,0.464650830210713,0.727982504399638,0.80363091272485,0.0111318870319993,0.0050784471412838,0.0111318870319993,0.0050784471412838,0.0174154889768231,0.00666426732179226,0.0174154889768231,0.00666426732179226
0.02,3,"SoftProxy","exact",10000,FALSE,373,130,0.000150065936985113,0.000161678031923635,TRUE,1.03271593479586e-05,0.465321570877789,0.726894740059391,0.802964690206529,0.0105902968093673,0.00457676278831054,0.0105902968093673,0.00457676278831054,0.0181116957284285,0.00596764593551569,0.0181116957284285,0.00596764593551569
0.02,3,"IPW","exact",0,FALSE,373,130,0.00329734399143442,0.00027713071835696,TRUE,1.05052121372752e-13,0.459985191766892,0.739071040888486,0.810293137908061,0.02254500432315,0.0156520704595693,0.02254500432315,0.0156520704595693,0.0208172080416283,0.00671526788917332,0.0208172080416283,0.00671526788917332
0.02,3,"IPW","exact",0.001,FALSE,373,130,0.00329733867107183,0.000277126698861364,TRUE,1.53154185224928e-07,0.45998519023603,0.739071040888486,0.810293137908061,0.0225450020812176,0.0156520690225826,0.0225450020812176,0.0156520690225826,0.0208172080416283,0.00671526788917332,0.0208172080416283,0.00671526788917332
0.02,3,"IPW","exact",0.00316227766016838,FALSE,373,130,0.00329732311614229,0.000277117438835055,TRUE,4.62113932907385e-07,0.459985185732475,0.739070880024194,0.810293137908061,0.0225449970243481,0.0156520658732145,0.0225449970243481,0.0156520658732145,0.0208172080416283,0.00671526788917332,0.0208172080416283,0.00671526788917332
0.02,3,"IPW","exact",0.01,FALSE,373,130,0.00329727442136919,0.000277086772888615,TRUE,1.4453637243454e-06,0.459985171847945,0.739070397431319,0.810293137908061,0.0225449805550605,0.0156520554563188,0.0225449805550605,0.0156520554563188,0.0208172080416283,0.00671526788917332,0.0208172080416283,0.00671526788917332
0.02,3,"IPW","exact",0.0316227766016838,FALSE,373,130,0.00329712096580541,0.000276990103079854,TRUE,4.55695096712324e-06,0.459985128124306,0.739071362617069,0.810293137908061,0.0225449287080075,0.0156520226343956,0.0225449287080075,0.0156520226343956,0.0208172080416283,0.00671526788917332,0.0208172080416283,0.00671526788917332
0.02,3,"IPW","exact",0.1,FALSE,373,130,0.00329663609038631,0.000276684299960421,TRUE,1.4396865664715e-05,0.459984990037037,0.739073775581444,0.810293137908061,0.0225447647339131,0.0156519187921937,0.0225447647339131,0.0156519187921937,0.0208172080416283,0.00671526788917332,0.0208172080416283,0.00671526788917332
0.02,3,"IPW","exact",0.316227766016838,FALSE,373,130,0.00328339207503256,0.000266674605553929,TRUE,1.22876193113238e-05,0.459982474466714,0.739082140524611,0.810293137908061,0.0225419713502261,0.0156492537231615,0.0225419713502261,0.0156492537231615,0.0208172080416283,0.00671526788917332,0.0208172080416283,0.00671526788917332
0.02,3,"IPW","exact",1,FALSE,373,130,0.00324839658373544,0.000248687469954771,TRUE,1.12532203295391e-05,0.459976384463966,0.739087931639111,0.810293137908061,0.0225335953057573,0.0156404891062988,0.0225335953057573,0.0156404891062988,0.0208172080416283,0.00671526788917332,0.0208172080416283,0.00671526788917332
0.02,3,"IPW","exact",3.16227766016838,FALSE,373,130,0.0031459393726025,0.000188357162850218,TRUE,9.22282355902551e-06,0.459959248137369,0.739087449046236,0.810126582278481,0.0225079926920857,0.0156155673142886,0.0225079926920857,0.0156155673142886,0.0212375527242681,0.0072698990594452,0.0212375527242681,0.0072698990594452
0.02,3,"IPW","exact",10,FALSE,373,130,0.00286054975390001,1.97381168951628e-05,TRUE,1.11458742813679e-05,0.459919649542063,0.739027285801152,0.809960026648901,0.022440147572995,0.0155502528807898,0.022440147572995,0.0155502528807898,0.020554449131046,0.0071279088434405,0.020554449131046,0.0071279088434405
0.02,3,"IPW","exact",31.6227766016838,FALSE,373,130,0.00221771195873265,0.000362328063276766,TRUE,1.39522466953516e-05,0.459864297345487,0.738922080554403,0.810792804796802,0.0222914070774504,0.015409107013436,0.0222914070774504,0.015409107013436,0.0199896218347322,0.00671526788917343,0.0199896218347322,0.00671526788917343
0.02,3,"IPW","exact",100,TRUE,373,130,0.00129359789807119,0.000896596505306997,TRUE,1.2554923854331e-05,0.459880414283166,0.738649737308612,0.811292471685543,0.0220768831606053,0.0152060761466124,0.0220768831606053,0.0152060761466124,0.0197137597657666,0.00525769485549155,0.0197137597657666,0.00525769485549155
0.02,3,"IPW","exact",316.227766016838,FALSE,373,130,0.00055670774739892,0.00131368925597376,TRUE,1.04927085018486e-05,0.459974390428598,0.738295835866946,0.810959360426382,0.0219052322868621,0.0150464668887513,0.0219052322868621,0.0150464668887513,0.0195692771520924,0.00616063671890166,0.0195692771520924,0.00616063671890166
0.02,3,"IPW","exact",1000,FALSE,373,130,0.000198631362093403,0.00151461883040545,TRUE,1.04907060686018e-05,0.460045901876239,0.738096525009571,0.810792804796802,0.0218212287294588,0.0149686138018124,0.0218212287294588,0.0149686138018124,0.0210930701105938,0.00831483113886022,0.0210930701105938,0.00831483113886022
0.02,3,"IPW","exact",3162.27766016838,FALSE,373,130,6.54089148823044e-05,0.00158774992583992,TRUE,1.07951313527528e-05,0.460074856551614,0.738043600657613,0.810792804796802,0.0217925343061212,0.0149423961966209,0.0217925343061212,0.0149423961966209,0.0216447942485254,0.00866314183199857,0.0216447942485254,0.00866314183199857
0.02,3,"IPW","exact",10000,FALSE,373,130,2.08748690758614e-05,0.00161519294617595,TRUE,5.62529951770348e-05,0.460084552885941,0.738017540642363,0.810959360426382,0.0217814648610724,0.0149334437356891,0.0217814648610724,0.0149334437356891,0.0219206563174906,0.0090114525251368,0.0219206563174906,0.0090114525251368
0.02,3,"Augmented","exact",0,FALSE,373,130,0.00811845452689402,0.0196784136865766,TRUE,1.05052121372752e-13,0.459985191766892,0.739071040888486,0.810293137908061,0.02254500432315,0.0156520704595693,0.02254500432315,0.0156520704595693,0.0208172080416283,0.00671526788917332,0.0208172080416283,0.00671526788917332
0.02,3,"Augmented","exact",0.001,FALSE,373,130,0.00811844551813392,0.0196784028661797,TRUE,2.7323867358797e-07,0.459985186968056,0.739070880024194,0.810293137908061,0.0225449904930018,0.015652059451871,0.0225449904930018,0.015652059451871,0.0208172080416283,0.00671526788917332,0.0208172080416283,0.00671526788917332
0.02,3,"Augmented","exact",0.00316227766016838,FALSE,373,130,0.00811841991606502,0.0196783739639495,TRUE,8.10659121365382e-07,0.459985173705187,0.739070719159902,0.810293137908061,0.0225449527341607,0.015652029093367,0.0225449527341607,0.015652029093367,0.0208172080416283,0.00671526788917332,0.0208172080416283,0.00671526788917332
0.02,3,"Augmented","exact",0.01,FALSE,373,130,0.00811834047995082,0.0196782844488537,TRUE,2.5307944037233e-06,0.459985132878339,0.739071040888486,0.810293137908061,0.022544835379544,0.0156519346251224,0.022544835379544,0.0156519346251224,0.0208172080416283,0.00671526788917332,0.0208172080416283,0.00671526788917332
0.02,3,"Augmented","exact",0.0316227766016838,FALSE,373,130,0.00811809020943472,0.0196780026606216,TRUE,7.97987996072973e-06,0.45998500436034,0.739071201752777,0.810293137908061,0.0225444658156511,0.0156516370756687,0.0225444658156511,0.0156516370756687,0.0208172080416283,0.00671526788917332,0.0208172080416283,0.00671526788917332
0.02,3,"Augmented","exact",0.1,FALSE,373,130,0.00811246996619976,0.0196746946060518,TRUE,7.45445308399936e-06,0.459983333863772,0.739069914838444,0.810293137908061,0.0225380973361731,0.0156457883719476,0.0225380973361731,0.0156457883719476,0.0208172080416283,0.00671526788917332,0.0208172080416283,0.00671526788917332
0.02,3,"Augmented","exact",0.316227766016838,FALSE,373,130,0.00809680883838288,0.0196665500803796,TRUE,1.25688280130524e-05,0.459977760571573,0.739067341009777,0.810293137908061,0.0225227556326626,0.0156318457613795,0.0225227556326626,0.0156318457613795,0.0208172080416283,0.00671526788917332,0.0208172080416283,0.00671526788917332
0.02,3,"Augmented","exact",1,FALSE,373,130,0.00804932331627276,0.0196431995354433,TRUE,1.10393988645765e-05,0.459962820767629,0.739060423845236,0.810293137908061,0.0224748547149025,0.0155891660085269,0.0224748547149025,0.0155891660085269,0.0208172080416283,0.00671526788917332,0.0208172080416283,0.00671526788917332
0.02,3,"Augmented","exact",3.16227766016838,FALSE,373,130,0.00790403205045908,0.0195711967208963,TRUE,1.35936099890227e-05,0.459919564699722,0.739007821221861,0.810459693537642,0.0223207452895627,0.01545134645866,0.0223207452895627,0.01545134645866,0.0205413459726628,0.00671526788917332,0.0205413459726628,0.00671526788917332
0.02,3,"Augmented","exact",10,FALSE,373,130,0.00747980983584347,0.0193616670867696,TRUE,1.17139666090072e-05,0.45982386642605,0.738810601600278,0.810293137908061,0.0218830126283749,0.0150611610645583,0.0218830126283749,0.0150611610645583,0.0202392775869318,0.00630262693490646,0.0202392775869318,0.00630262693490646
0.02,3,"Augmented","exact",31.6227766016838,FALSE,373,130,0.00640620998011931,0.0188246325089489,TRUE,9.60653385234693e-06,0.459768811109745,0.738102798716946,0.811459027315123,0.0207529759357542,0.0140530276148552,0.0207529759357542,0.0140530276148552,0.020081691814875,0.00693491806005442,0.020081691814875,0.00693491806005442
0.02,3,"Augmented","exact",100,FALSE,373,130,0.00444030416213711,0.0178088842047336,TRUE,9.74537934226793e-06,0.460384027163637,0.735871610991535,0.80946035976016,0.0186206833032488,0.0121470543935326,0.0186206833032488,0.0121470543935326,0.0211327274572045,0.00902478221888403,0.0211327274572045,0.00902478221888403
0.02,3,"Augmented","exact",316.227766016838,TRUE,373,130,0.00227215802733475,0.0166337659971657,TRUE,1.51328018957923e-05,0.462137735335885,0.731914671145129,0.806129247168554,0.0161824141108556,0.00995380888618413,0.0161824141108556,0.00995380888618413,0.0196879013204623,0.00721889849206381,0.0196879013204623,0.00721889849206381
0.02,3,"Augmented","exact",1000,FALSE,373,130,0.000893519774872485,0.015856289403611,TRUE,1.31075801972418e-05,0.463867755817992,0.728533786327179,0.805629580279813,0.0146200700825866,0.00853789441036068,0.0146200700825866,0.00853789441036068,0.0176123842240293,0.00672859758292099,0.0176123842240293,0.00672859758292099
0.02,3,"Augmented","exact",3162.27766016838,FALSE,373,130,0.000306222616642625,0.0155207303646507,TRUE,1.96966590034935e-05,0.464754622985964,0.726886214251933,0.804463690872751,0.0139616119923998,0.00794210890970459,0.0139616119923998,0.00794210890970459,0.0176254873824124,0.0064446171509116,0.0176254873824124,0.0064446171509116
0.02,3,"Augmented","exact",10000,FALSE,373,130,9.95435548329305e-05,0.0154022738683841,TRUE,1.47571608036342e-05,0.465089021175891,0.726307585394809,0.804630246502332,0.0137307178089552,0.00773384998316262,0.0137307178089552,0.00773384998316262,0.0188865214303314,0.00699924832118315,0.0188865214303314,0.00699924832118315
0.02,3,"AugmentedMisspecified","exact",0,FALSE,373,130,0.00827187439704417,0.0178533178158461,TRUE,1.05052121372752e-13,0.459985191766892,0.739071040888486,0.810293137908061,0.02254500432315,0.0156520704595693,0.02254500432315,0.0156520704595693,0.0208172080416283,0.00671526788917332,0.0208172080416283,0.00671526788917332
0.02,3,"AugmentedMisspecified","exact",0.001,FALSE,373,130,0.0082718633703027,0.0178533086489552,TRUE,3.06518080438114e-07,0.459985186486194,0.739070558295611,0.810293137908061,0.0225449917617628,0.0156520606573336,0.0225449917617628,0.0156520606573336,0.0208172080416283,0.00671526788917332,0.0208172080416283,0.00671526788917332
0.02,3,"AugmentedMisspecified","exact",0.00316227766016838,FALSE,373,130,0.00827183202782637,0.0178532826371563,TRUE,9.10129529282143e-07,0.459985172146067,0.739070558295611,0.810293137908061,0.022544955340563,0.0156520320583705,0.022544955340563,0.0156520320583705,0.0208172080416283,0.00671526788917332,0.0208172080416283,0.00671526788917332
0.02,3,"AugmentedMisspecified","exact",0.01,FALSE,373,130,0.00827173473508478,0.0178532033628907,TRUE,2.84169248891483e-06,0.459985127903029,0.739071362617069,0.810293137908061,0.0225448435471535,0.015651944146267,0.0225448435471535,0.015651944146267,0.0208172080416283,0.00671526788917332,0.0208172080416283,0.00671526788917332
0.02,3,"AugmentedMisspecified","exact",0.0316227766016838,FALSE,373,130,0.00827142820217092,0.0178529537731793,TRUE,8.96007548776015e-06,0.459984988656244,0.739072006074236,0.810293137908061,0.0225444914049631,0.0156516671833188,0.0225444914049631,0.0156516671833188,0.0208172080416283,0.00671526788917332,0.0208172080416283,0.00671526788917332
0.02,3,"AugmentedMisspecified","exact",0.1,FALSE,373,130,0.00826454551778422,0.0178503240940673,TRUE,8.33522770328847e-06,0.459983389163142,0.739067662738361,0.810293137908061,0.0225381506213659,0.0156461240131899,0.0225381506213659,0.0156461240131899,0.0208172080416283,0.00671526788917332,0.0208172080416283,0.00671526788917332
0.02,3,"AugmentedMisspecified","exact",0.316227766016838,FALSE,373,130,0.00824573573777707,0.0178440519554664,TRUE,1.32982390175267e-05,0.459978242499397,0.739067984466944,0.810293137908061,0.0225227018522985,0.015632273106347,0.0225227018522985,0.015632273106347,0.0208172080416283,0.00671526788917332,0.0208172080416283,0.00671526788917332
0.02,3,"AugmentedMisspecified","exact",1,FALSE,373,130,0.0081886532525582,0.017826424948498,TRUE,1.14971438079261e-05,0.459964398313343,0.739047876430486,0.810459693537642,0.0224743568187972,0.0155906177546651,0.0224743568187972,0.0155906177546651,0.0210930701105938,0.00706357858231177,0.0210930701105938,0.00706357858231177
0.02,3,"AugmentedMisspecified","exact",3.16227766016838,FALSE,373,130,0.00801493668726925,0.0177706622502033,TRUE,1.30711873892021e-05,0.459924821479946,0.738987391456819,0.810459693537642,0.0223185234667569,0.0154546735530494,0.0223185234667569,0.0154546735530494,0.0205413459726628,0.00671526788917332,0.0205413459726628,0.00671526788917332
0.02,3,"AugmentedMisspecified","exact",10,FALSE,373,130,0.00751542802395865,0.0176119291605878,TRUE,1.13453639056327e-05,0.459847860114902,0.738792263071028,0.810459693537642,0.0218829562257972,0.0150769795855301,0.0218829562257972,0.0150769795855301,0.0187154846284298,0.00505137437835823,0.0187154846284298,0.00505137437835823
0.02,3,"AugmentedMisspecified","exact",31.6227766016838,FALSE,373,130,0.00630254967538945,0.017219843675357,TRUE,9.2570000708758e-06,0.45986577528895,0.738014645085113,0.811292471685543,0.020798314648984,0.0141341197169871,0.020798314648984,0.0141341197169871,0.0205020364975145,0.00658660736691596,0.0205020364975145,0.00658660736691596
0.02,3,"AugmentedMisspecified","exact",100,FALSE,373,130,0.00423846370064892,0.0165168591723409,TRUE,9.32108275887026e-06,0.460593289953148,0.735800991567494,0.810293137908061,0.0188698890503721,0.012453797551487,0.0188698890503721,0.012453797551487,0.0197534171123765,0.0081218403554737,0.0197534171123765,0.0081218403554737
0.02,3,"AugmentedMisspecified","exact",316.227766016838,TRUE,373,130,0.00213273670873432,0.015744493363807,TRUE,1.23840984090346e-05,0.462298140125135,0.732127816331586,0.807794803464357,0.0167814861393428,0.0106290546684179,0.0167814861393428,0.0106290546684179,0.0193068661129708,0.00652227710578712,0.0193068661129708,0.00652227710578712
0.02,3,"AugmentedMisspecified","exact",1000,FALSE,373,130,0.000840346689095293,0.015239937734041,TRUE,1.11027611261698e-05,0.463864061063202,0.729155365950177,0.804297135243171,0.0154425193573898,0.0094561001803376,0.0154425193573898,0.0094561001803376,0.018019625748286,0.00603197619664386,0.018019625748286,0.00603197619664386
0.02,3,"AugmentedMisspecified","exact",3162.27766016838,FALSE,373,130,0.000289077687724459,0.0150172110944489,TRUE,1.35664134052039e-05,0.46465963674381,0.727656915073306,0.802964690206529,0.0148589683581417,0.00894380901159542,0.0148589683581417,0.00894380901159542,0.0203972112304501,0.00845682135486447,0.0203972112304501,0.00845682135486447
0.02,3,"AugmentedMisspecified","exact",10000,FALSE,373,130,9.40929342695183e-05,0.0149370645970584,TRUE,1.27263452156224e-05,0.464959369034219,0.727141023289932,0.80329780146569,0.0146511883447981,0.00876134891392555,0.0146511883447981,0.00876134891392555,0.0198454870925191,0.00845682135486447,0.0198454870925191,0.00845682135486447
0.05,1,"Unconstrained","exact",0,TRUE,884,295,0.00225859392308173,0.00227356751732369,TRUE,1.08513695273046e-13,0.459985191766891,0.739071040888486,0.810293137908061,0.0225450043231494,0.0156520704595688,0.0225450043231494,0.0156520704595688,0.0208172080416283,0.00671526788917332,0.0208172080416283,0.00671526788917332
0.05,1,"Oracle","exact",0,FALSE,884,295,0.00529178061490764,0.00629127250049168,TRUE,1.05052121372752e-13,0.459985191766892,0.739071040888486,0.810293137908061,0.02254500432315,0.0156520704595693,0.02254500432315,0.0156520704595693,0.0208172080416283,0.00671526788917332,0.0208172080416283,0.00671526788917332
0.05,1,"Oracle","exact",0.001,FALSE,884,295,0.00529177820905107,0.00629127012120198,TRUE,1.11021923359621e-07,0.459985190194421,0.739071040888486,0.810293137908061,0.0225449954653917,0.0156520629158549,0.0225449954653917,0.0156520629158549,0.0208172080416283,0.00671526788917332,0.0208172080416283,0.00671526788917332
0.05,1,"Oracle","exact",0.00316227766016838,FALSE,884,295,0.00529177173392345,0.00629126391448259,TRUE,3.27015255675397e-07,0.459985185613298,0.739070880024194,0.810293137908061,0.0225449720466989,0.0156520426163859,0.0225449720466989,0.0156520426163859,0.0208172080416283,0.00671526788917332,0.0208172080416283,0.00671526788917332
0.05,1,"Oracle","exact",0.01,FALSE,884,295,0.00529175136616696,0.00629124429197505,TRUE,1.02198254684685e-06,0.459985171551179,0.739071040888486,0.810293137908061,0.0225448981889969,0.0156519786441922,0.0225448981889969,0.0156519786441922,0.0208172080416283,0.00671526788917332,0.0208172080416283,0.00671526788917332
0.05,1,"Oracle","exact",0.0316227766016838,FALSE,884,295,0.00529168722448246,0.00629118250464328,TRUE,3.22121257043506e-06,0.459985127257558,0.739072166938527,0.810293137908061,0.022544665617006,0.0156517771643727,0.022544665617006,0.0156517771643727,0.0208172080416283,0.00671526788917332,0.0208172080416283,0.00671526788917332
0.05,1,"Oracle","exact",0.1,FALSE,884,295,0.00529148451496665,0.00629098721315148,TRUE,1.01779949552156e-05,0.459984987357526,0.739073936445736,0.810293137908061,0.0225439305655029,0.0156511404026737,0.0225439305655029,0.0156511404026737,0.0208172080416283,0.00671526788917332,0.0208172080416283,0.00671526788917332
0.05,1,"Oracle","exact",0.316227766016838,FALSE,884,295,0.0052877286987205,0.00628757386933509,TRUE,7.04374605439898e-06,0.459982676334325,0.739073132124277,0.810293137908061,0.0225308674490009,0.0156386715863113,0.0225308674490009,0.0156386715863113,0.0208172080416283,0.00671526788917332,0.0208172080416283,0.00671526788917332
0.05,1,"Oracle","exact",1,FALSE,884,295,0.00527881433635366,0.00627927942073684,TRUE,1.00980212214249e-05,0.459976750441284,0.739083266574652,0.810293137908061,0.0224996613374855,0.0156091517207169,0.0224996613374855,0.0156091517207169,0.0208172080416283,0.00671526788917332,0.0208172080416283,0.00671526788917332
0.05,1,"Oracle","exact",3.16227766016838,FALSE,884,295,0.0052503730703072,0.00625317992796339,TRUE,1.07983673725647e-05,0.459956840475952,0.739106591896944,0.810459693537642,0.0224021867558235,0.0155171336742858,0.0224021867558235,0.0155171336742858,0.0210930701105938,0.00706357858231177,0.0210930701105938,0.00706357858231177
0.05,1,"Oracle","exact",10,FALSE,884,295,0.00516290222934436,0.00617284288570082,TRUE,1.35711523260974e-05,0.459901923811195,0.739135708333736,0.810126582278481,0.0220998360246384,0.0152315388936607,0.0220998360246384,0.0152315388936607,0.0203968633589886,0.00581232602576331,0.0203968633589886,0.00581232602576331
0.05,1,"Oracle","exact",31.6227766016838,FALSE,884,295,0.00490507377328343,0.00593539670106781,TRUE,1.2874457926251e-05,0.459775129966012,0.739278394960443,0.810626249167222,0.0212068762215351,0.0143924036090841,0.0212068762215351,0.0143924036090841,0.0191358293110695,0.00505137437835812,0.0191358293110695,0.00505137437835812
0.05,1,"Oracle","exact",100,FALSE,884,295,0.00423818823092835,0.00531500310935873,TRUE,1.30170796508488e-05,0.459694378897102,0.739465158403068,0.80929380413058,0.0188965026603667,0.0122224372460267,0.0188965026603667,0.0122224372460267,0.0166137612152311,0.00560600554862978,0.0166137612152311,0.00560600554862978
0.05,1,"Oracle","exact",316.227766016838,FALSE,884,295,0.00296861159733483,0.00412257407593279,TRUE,9.78614051228416e-06,0.460515173956145,0.738873821266903,0.807628247834777,0.0144915803037272,0.00811319452010117,0.0144915803037272,0.00811319452010117,0.0145910046237915,0.0051290343332342,0.0145910046237915,0.0051290343332342
0.05,1,"Oracle","exact",1000,TRUE,884,295,0.0015244494976099,0.00274413819293694,TRUE,1.2719592279585e-05,0.463023210000175,0.736152319180493,0.801798800799467,0.00947083663580917,0.00346286875802315,0.00947083663580917,0.00346286875802315,0.0106896261831253,0.00101363627670348,0.0106896261831253,0.00101363627670348
0.05,1,"Oracle","exact",3162.27766016838,FALSE,884,295,0.000599471380623759,0.00184861217495315,TRUE,1.63582006081514e-05,0.465509880555462,0.732973640777168,0.796635576282478,0.00624511222118151,0.000487191790973118,0.00624511222118151,0.000487191790973118,0.00525135162557455,-0.00205682970041221,0.00525135162557455,0.00205682970041221
0.05,1,"Oracle","exact",10000,FALSE,884,295,0.000205290515412797,0.00146299919379623,TRUE,2.82394971673876e-05,0.466777514921169,0.731273305214255,0.794636908727515,0.00486644519774648,-0.000783380595229533,0.00486644519774648,0.000783380595229533,0.00484411010131736,-0.0030374315186984,0.00484411010131736,0.0030374315186984
0.05,1,"SoftProxy","exact",0,FALSE,884,295,0.00225859392308193,0.00227356751732389,TRUE,1.05052121372752e-13,0.459985191766892,0.739071040888486,0.810293137908061,0.02254500432315,0.0156520704595693,0.02254500432315,0.0156520704595693,0.0208172080416283,0.00671526788917332,0.0208172080416283,0.00671526788917332
0.05,1,"SoftProxy","exact",0.001,FALSE,884,295,0.00225859268586515,0.00227356628457037,TRUE,5.00796129476987e-08,0.459985191733536,0.739071040888486,0.810293137908061,0.0225450010898914,0.0156520677065559,0.0225450010898914,0.0156520677065559,0.0208172080416283,0.00671526788917332,0.0208172080416283,0.00671526788917332
0.05,1,"SoftProxy","exact",0.00316227766016838,FALSE,884,295,0.00225858958613016,0.00227356320315317,TRUE,1.46808953566666e-07,0.459985191540786,0.739070719159902,0.810293137908061,0.0225449931320375,0.0156520607422023,0.0225449931320375,0.0156520607422023,0.0208172080416283,0.00671526788917332,0.0208172080416283,0.00671526788917332
0.05,1,"SoftProxy","exact",0.01,FALSE,884,295,0.00225857965324531,0.00227355332411227,TRUE,4.60376979492515e-07,0.45998519101597,0.739070880024194,0.810293137908061,0.0225449675850371,0.0156520384495988,0.0225449675850371,0.0156520384495988,0.0208172080416283,0.00671526788917332,0.0208172080416283,0.00671526788917332
0.05,1,"SoftProxy","exact",0.0316227766016838,FALSE,884,295,0.00225854838302468,0.00227352222399994,TRUE,1.45110359143766e-06,0.459985189348464,0.739071201752777,0.810293137908061,0.022544887150694,0.0156519682440475,0.022544887150694,0.0156519682440475,0.0208172080416283,0.00671526788917332,0.0208172080416283,0.00671526788917332
0.05,1,"SoftProxy","exact",0.1,FALSE,884,295,0.00225844953363445,0.00227342391179726,TRUE,4.58512213554221e-06,0.45998518409028,0.739072649531402,0.810293137908061,0.0225446328575528,0.0156517463039217,0.0225446328575528,0.0156517463039217,0.0208172080416283,0.00671526788917332,0.0208172080416283,0.00671526788917332
0.05,1,"SoftProxy","exact",0.316227766016838,FALSE,884,295,0.00225813701198744,0.00227311308864414,TRUE,1.4494254812915e-05,0.45998516756959,0.739074579902902,0.810293137908061,0.0225438288645229,0.0156510446092294,0.0225438288645229,0.0156510446092294,0.0208172080416283,0.00671526788917332,0.0208172080416283,0.00671526788917332
0.05,1,"SoftProxy","exact",1,FALSE,884,295,0.00225223060831872,0.00226726886673585,TRUE,1.1129433768262e-05,0.459984158672307,0.739081336203152,0.810293137908061,0.0225285921478549,0.0156361187610441,0.0225285921478549,0.0156361187610441,0.0208172080416283,0.00671526788917332,0.0208172080416283,0.00671526788917332
0.05,1,"SoftProxy","exact",3.16227766016838,FALSE,884,295,0.00223725574504916,0.00225251097004859,TRUE,9.69696690369266e-06,0.459979015024327,0.739105304982611,0.810293137908061,0.0224915438392957,0.0156001056046182,0.0224915438392957,0.0156001056046182,0.0208172080416283,0.00671526788917332,0.0208172080416283,0.00671526788917332
0.05,1,"SoftProxy","exact",10,FALSE,884,295,0.00219228627107,0.00220804443177698,TRUE,1.19591039922003e-05,0.459967304246538,0.739119300175985,0.810459693537642,0.022377356422956,0.01548933813405,0.022377356422956,0.01548933813405,0.0210930701105938,0.00706357858231177,0.0210930701105938,0.00706357858231177
0.05,1,"SoftProxy","exact",31.6227766016838,FALSE,884,295,0.00206142115051866,0.00207864188410508,TRUE,8.84541601779116e-06,0.459941987804705,0.739199571457527,0.810459693537642,0.0220416366968811,0.0151645796066439,0.0220416366968811,0.0151645796066439,0.0203968633589886,0.00616063671890166,0.0203968633589886,0.00616063671890166
0.05,1,"SoftProxy","exact",100,FALSE,884,295,0.00173496261341038,0.00175598687894639,TRUE,1.00327686819652e-05,0.459925600781063,0.739451967531151,0.810126582278481,0.0212084777662325,0.0143583493014295,0.0212084777662325,0.0143583493014295,0.0174675537388939,0.00435475299208177,0.0174675537388939,0.00435475299208177
0.05,1,"SoftProxy","exact",316.227766016838,FALSE,884,295,0.0011569570880952,0.00118459061563885,TRUE,1.10342373136318e-05,0.460064835664315,0.739781739329067,0.80962691538974,0.0197369708952007,0.0129378183890221,0.0197369708952007,0.0129378183890221,0.0157992781667174,0.00365813160580497,0.0157992781667174,0.00365813160580497
0.05,1,"SoftProxy","exact",1000,TRUE,884,295,0.000563903641018228,0.000598153680250359,TRUE,1.16465829864783e-05,0.460432139549918,0.739724632505526,0.807961359093937,0.0182332788484526,0.0114883880790307,0.0182332788484526,0.0114883880790307,0.0145251409604154,0.00421276277607663,0.0145251409604154,0.00421276277607663
0.05,1,"SoftProxy","exact",3162.27766016838,FALSE,884,295,0.000215156500738009,0.000253113218517197,TRUE,1.1758655557774e-05,0.460754131918775,0.739507304847485,0.806628914057295,0.0173524766271624,0.0106396570891947,0.0173524766271624,0.0106396570891947,0.0153658303256948,0.00427709303720536,0.0153658303256948,0.00427709303720536
0.05,1,"SoftProxy","exact",10000,FALSE,884,295,7.27525281907251e-05,0.000112111690037031,TRUE,1.73840706614774e-05,0.46090850280336,0.739373948349693,0.806462358427715,0.0169937220263996,0.0102942456271971,0.0169937220263996,0.0102942456271971,0.0154972097809859,0.0046254037303437,0.0154972097809859,0.0046254037303437
0.05,1,"IPW","exact",0,FALSE,884,295,0.00129001956177979,0.0130185814503026,TRUE,1.05052121372752e-13,0.459985191766892,0.739071040888486,0.810293137908061,0.02254500432315,0.0156520704595693,0.02254500432315,0.0156520704595693,0.0208172080416283,0.00671526788917332,0.0208172080416283,0.00671526788917332
0.05,1,"IPW","exact",0.001,FALSE,884,295,0.00129001906794407,0.0130185814124427,TRUE,3.11912738729022e-08,0.459985191540974,0.739071040888486,0.810293137908061,0.022545004217065,0.0156520705530222,0.022545004217065,0.0156520705530222,0.0208172080416283,0.00671526788917332,0.0208172080416283,0.00671526788917332
0.05,1,"IPW","exact",0.00316227766016838,FALSE,884,295,0.00129001757637524,0.0130185812995767,TRUE,9.52940979077342e-08,0.459985190902827,0.739071040888486,0.810293137908061,0.0225450041434589,0.0156520710258462,0.0225450041434589,0.0156520710258462,0.0208172080416283,0.00671526788917332,0.0208172080416283,0.00671526788917332
0.05,1,"IPW","exact",0.01,FALSE,884,295,0.00129001290629986,0.013018580999303,TRUE,2.9861289416383e-07,0.459985188944531,0.739071040888486,0.810293137908061,0.0225450039098999,0.0156520725024096,0.0225450039098999,0.0156520725024096,0.0208172080416283,0.00671526788917332,0.0208172080416283,0.00671526788917332
0.05,1,"IPW","exact",0.0316227766016838,FALSE,884,295,0.00128999817917324,0.0130185800599978,TRUE,9.41929699120096e-07,0.459985182786603,0.739071040888486,0.810293137908061,0.0225450032031649,0.0156520771806316,0.0225450032031649,0.0156520771806316,0.0208172080416283,0.00671526788917332,0.0208172080416283,0.00671526788917332
0.05,1,"IPW","exact",0.1,FALSE,884,295,0.00128995164188952,0.0130185770990164,TRUE,2.97648323807143e-06,0.459985163339512,0.739071201752777,0.810293137908061,0.0225450009648439,0.0156520919585226,0.0225450009648439,0.0156520919585226,0.0208172080416283,0.00671526788917332,0.0208172080416283,0.00671526788917332
0.05,1,"IPW","exact",0.316227766016838,FALSE,884,295,0.00128980451255724,0.0130185677372824,TRUE,9.40946085334118e-06,0.459985101871093,0.739072166938527,0.810293137908061,0.0225449938838679,0.015652138675092,0.0225449938838679,0.015652138675092,0.0208172080416283,0.00671526788917332,0.0208172080416283,0.00671526788917332
0.05,1,"IPW","exact",1,FALSE,884,295,0.0012852972071202,0.0130190875859635,TRUE,1.5669960669649e-05,0.459984277241066,0.739072971259986,0.810293137908061,0.0225470692562638,0.0156553117532031,0.0225470692562638,0.0156553117532031,0.0208172080416283,0.00671526788917332,0.0208172080416283,0.00671526788917332
0.05,1,"IPW","exact",3.16227766016838,FALSE,884,295,0.00126859422768985,0.0130227105570502,TRUE,1.28334725498959e-05,0.459985627853222,0.739056241373652,0.810293137908061,0.022554812783796,0.0156639214941432,0.022554812783796,0.0156639214941432,0.0208172080416283,0.00671526788917332,0.0208172080416283,0.00671526788917332
0.05,1,"IPW","exact",10,FALSE,884,295,0.00122373221032602,0.0130341951829051,TRUE,1.04091223373281e-05,0.459987554702861,0.739038546301569,0.810459693537642,0.0225792540723894,0.0156915679441532,0.0225792540723894,0.0156915679441532,0.0212375527242682,0.00761820975258365,0.0212375527242682,0.00761820975258365
0.05,1,"IPW","exact",31.6227766016838,FALSE,884,295,0.0011020439303849,0.0130624677085805,TRUE,1.33695452765017e-05,0.459995213362491,0.738947336248194,0.810626249167222,0.0226370610796504,0.0157597363926498,0.0226370610796504,0.0157597363926498,0.0213689321795596,0.00831483113886011,0.0213689321795596,0.00831483113886011
0.05,1,"IPW","exact",100,FALSE,884,295,0.000835166388389063,0.0131922863808839,TRUE,1.22236108436862e-05,0.460024552948991,0.738748668847987,0.810293137908061,0.0227791769344471,0.015924703283527,0.0227791769344471,0.015924703283527,0.0216578974069079,0.00907578278626531,0.0216578974069079,0.00907578278626531
0.05,1,"IPW","exact",316.227766016838,TRUE,884,295,0.000476619912840092,0.0133271565529595,TRUE,1.37397011715944e-05,0.460110221840163,0.738423883843112,0.810792804796802,0.0229764864820655,0.0161541317205136,0.0229764864820655,0.0161541317205136,0.0229189314548273,0.0090757827862652,0.0229189314548273,0.0090757827862652
0.05,1,"IPW","exact",1000,FALSE,884,295,0.00020282864886419,0.0134277454491254,TRUE,1.26260395938755e-05,0.46020824977586,0.73812821527503,0.811625582944704,0.0231330351693975,0.0163353089703479,0.0231330351693975,0.0163353089703479,0.0224985867721875,0.00831483113886022,0.0224985867721875,0.00831483113886022
0.05,1,"IPW","exact",3162.27766016838,FALSE,884,295,7.21573945152512e-05,0.0134554246207645,TRUE,9.7234466039678e-06,0.460267041503414,0.737956251347238,0.811292471685543,0.0232073014051318,0.0164207228363753,0.0232073014051318,0.0164207228363753,0.0224985867721875,0.00796652044572199,0.0224985867721875,0.00796652044572199
0.05,1,"IPW","exact",10000,FALSE,884,295,2.37082086796964e-05,0.013493092016257,TRUE,1.19571288169695e-05,0.460287666647083,0.737900753166614,0.811125916055963,0.023235407840756,0.0164538875774496,0.023235407840756,0.0164538875774496,0.0222227247032218,0.00761820975258376,0.0222227247032218,0.00761820975258376
0.05,1,"Augmented","exact",0,FALSE,884,295,0.00234440854228707,0.00896232353387203,TRUE,1.05052121372752e-13,0.459985191766892,0.739071040888486,0.810293137908061,0.02254500432315,0.0156520704595693,0.02254500432315,0.0156520704595693,0.0208172080416283,0.00671526788917332,0.0208172080416283,0.00671526788917332
0.05,1,"Augmented","exact",0.001,FALSE,884,295,0.00234440637637217,0.00896232318586051,TRUE,6.4683687369017e-08,0.459985191711024,0.739071040888486,0.810293137908061,0.0225449995972493,0.0156520664314496,0.0225449995972493,0.0156520664314496,0.0208172080416283,0.00671526788917332,0.0208172080416283,0.00671526788917332
0.05,1,"Augmented","exact",0.00316227766016838,FALSE,884,295,0.00234440097824835,0.00896232176990605,TRUE,1.87255540800896e-07,0.459985191458242,0.739070719159902,0.810293137908061,0.0225449879268113,0.0156520562315383,0.0225449879268113,0.0156520562315383,0.0208172080416283,0.00671526788917332,0.0208172080416283,0.00671526788917332
0.05,1,"Augmented","exact",0.01,FALSE,884,295,0.00234438373041385,0.00896231765634719,TRUE,5.86136008254567e-07,0.459985190784459,0.739071040888486,0.810293137908061,0.0225449506665221,0.0156520237510122,0.0225449506665221,0.0156520237510122,0.0208172080416283,0.00671526788917332,0.0208172080416283,0.00671526788917332
0.05,1,"Augmented","exact",0.0316227766016838,FALSE,884,295,0.00234432944687417,0.00896230468271774,TRUE,1.84673641123564e-06,0.459985188646283,0.739071684345652,0.810293137908061,0.0225448333870032,0.0156519214949504,0.0225448333870032,0.0156519214949504,0.0208172080416283,0.00671526788917332,0.0208172080416283,0.00671526788917332
0.05,1,"Augmented","exact",0.1,FALSE,884,295,0.00234415786065255,0.00896226373622357,TRUE,5.8346566751478e-06,0.459985181909084,0.739073614717152,0.810293137908061,0.0225444626472825,0.0156515982683942,0.0225444626472825,0.0156515982683942,0.0208172080416283,0.00671526788917332,0.0208172080416283,0.00671526788917332
0.05,1,"Augmented","exact",0.316227766016838,FALSE,884,295,0.00234198565424148,0.00896131231333253,TRUE,1.18300970793187e-05,0.459985083881923,0.739073453852861,0.810293137908061,0.0225400367802483,0.0156473423228906,0.0225400367802483,0.0156473423228906,0.0208172080416283,0.00671526788917332,0.0208172080416283,0.00671526788917332
0.05,1,"Augmented","exact",1,FALSE,884,295,0.00233504471406257,0.00895945987703648,TRUE,1.33217206140639e-05,0.459984150290477,0.739082783981777,0.810293137908061,0.022524876719625,0.0156325004605539,0.022524876719625,0.0156325004605539,0.0208172080416283,0.00671526788917332,0.0208172080416283,0.00671526788917332
0.05,1,"Augmented","exact",3.16227766016838,FALSE,884,295,0.00231303802921491,0.00895224790939236,TRUE,1.27364514971196e-05,0.459978446140208,0.739110935232819,0.810293137908061,0.0224802916397964,0.0155891556817992,0.0224802916397964,0.0155891556817992,0.0208172080416283,0.00671526788917332,0.0208172080416283,0.00671526788917332
0.05,1,"Augmented","exact",10,FALSE,884,295,0.00222802109579525,0.00895567933682438,TRUE,1.31648393060476e-05,0.459962144160202,0.73913136499786,0.810459693537642,0.0223493399964168,0.0154638503663177,0.0223493399964168,0.0154638503663177,0.0210930701105938,0.00706357858231177,0.0210930701105938,0.00706357858231177
0.05,1,"Augmented","exact",31.6227766016838,FALSE,884,295,0.00201694265340277,0.00890947962666218,TRUE,1.1424871605286e-05,0.459934544915359,0.739190080464319,0.810959360426382,0.021980570642198,0.0151081635900778,0.021980570642198,0.0151081635900778,0.0208172080416283,0.00650894741204,0.0208172080416283,0.00650894741204
0.05,1,"Augmented","exact",100,FALSE,884,295,0.00156649657526383,0.00882254515914913,TRUE,1.23004596983217e-05,0.459925189412513,0.739380543785652,0.810626249167222,0.021160313010561,0.0143178153240791,0.021160313010561,0.0143178153240791,0.0188468640837213,0.00574799576463481,0.0188468640837213,0.00574799576463481
0.05,1,"Augmented","exact",316.227766016838,TRUE,884,295,0.000931758882903896,0.0086911028469124,TRUE,1.35904335169367e-05,0.460048376811719,0.739537547334318,0.810459693537642,0.0199528640734987,0.0131553468814722,0.0199528640734987,0.0131553468814722,0.0167713469872887,0.00380012182180989,0.0167713469872887,0.00380012182180989
0.05,1,"Augmented","exact",1000,FALSE,884,295,0.000411623387132272,0.00857248159501252,TRUE,1.90359812356282e-05,0.460277415855071,0.739424138008693,0.80946035976016,0.018941010009154,0.012181320671618,0.018941010009154,0.012181320671618,0.0154972097809859,0.00414843251494801,0.0154972097809859,0.00414843251494801
0.05,1,"Augmented","exact",3162.27766016838,FALSE,884,295,0.000149112687661717,0.00851852658462797,TRUE,1.78629438922373e-05,0.460437938320663,0.739285312124985,0.808794137241839,0.018423663153588,0.0116828911530655,0.018423663153588,0.0116828911530655,0.0161934165325911,0.00525769485549155,0.0161934165325911,0.00525769485549155
0.05,1,"Augmented","exact",10000,FALSE,884,295,4.9502817415002e-05,0.00848854133392382,TRUE,3.94873253595801e-05,0.460508332008925,0.739195871578819,0.808627581612258,0.0182261300317405,0.0114927689834519,0.0182261300317405,0.0114927689834519,0.0163247959878826,0.00560600554862989,0.0163247959878826,0.00560600554862989
0.05,1,"AugmentedMisspecified","exact",0,FALSE,884,295,0.00164876068922608,0.00816808618665696,TRUE,1.05052121372752e-13,0.459985191766892,0.739071040888486,0.810293137908061,0.02254500432315,0.0156520704595693,0.02254500432315,0.0156520704595693,0.0208172080416283,0.00671526788917332,0.0208172080416283,0.00671526788917332
0.05,1,"AugmentedMisspecified","exact",0.001,FALSE,884,295,0.00164875947864305,0.0081680859598201,TRUE,4.29771669676782e-08,0.459985191664784,0.739071040888486,0.810293137908061,0.0225450013768697,0.0156520679331139,0.0225450013768697,0.0156520679331139,0.0208172080416283,0.00671526788917332,0.0208172080416283,0.00671526788917332
0.05,1,"AugmentedMisspecified","exact",0.00316227766016838,FALSE,884,295,0.00164875635545385,0.00816808513304928,TRUE,1.25857175100004e-07,0.459985191320272,0.739071040888486,0.810293137908061,0.0225449939601996,0.015652061416368,0.0225449939601996,0.015652061416368,0.0208172080416283,0.00671526788917332,0.0208172080416283,0.00671526788917332
0.05,1,"AugmentedMisspecified","exact",0.01,FALSE,884,295,0.00164874642453031,0.00816808269816291,TRUE,3.93742853201817e-07,0.459985190315419,0.739070719159902,0.810293137908061,0.0225449703318651,0.0156520407028122,0.0225449703318651,0.0156520407028122,0.0208172080416283,0.00671526788917332,0.0208172080416283,0.00671526788917332
0.05,1,"AugmentedMisspecified","exact",0.0316227766016838,FALSE,884,295,0.00164871516101791,0.00816807502253108,TRUE,1.24073440085468e-06,0.459985187141263,0.739071201752777,0.810293137908061,0.0225448959468747,0.0156519754803245,0.0225448959468747,0.0156519754803245,0.0208172080416283,0.00671526788917332,0.0208172080416283,0.00671526788917332
0.05,1,"AugmentedMisspecified","exact",0.1,FALSE,884,295,0.00164861634836614,0.00816805079032357,TRUE,3.92005228169441e-06,0.459985177118307,0.739072649531402,0.810293137908061,0.022544660814055,0.0156517693230303,0.022544660814055,0.0156517693230303,0.0208172080416283,0.00671526788917332,0.0208172080416283,0.00671526788917332
0.05,1,"AugmentedMisspecified","exact",0.316227766016838,FALSE,884,295,0.00164830395577979,0.00816797418181259,TRUE,1.23908765765002e-05,0.459985145497889,0.739073936445736,0.810293137908061,0.0225439174273042,0.015651117552088,0.0225439174273042,0.015651117552088,0.0208172080416283,0.00671526788917332,0.0208172080416283,0.00671526788917332
0.05,1,"AugmentedMisspecified","exact",1,FALSE,884,295,0.00164296390518878,0.00816666039966015,TRUE,1.28010283372628e-05,0.459984646265206,0.739076671138694,0.810293137908061,0.0225322109831503,0.0156396214593925,0.0225322109831503,0.0156396214593925,0.0208172080416283,0.00671526788917332,0.0208172080416283,0.00671526788917332
0.05,1,"AugmentedMisspecified","exact",3.16227766016838,FALSE,884,295,0.00162823173466564,0.00816216764412919,TRUE,9.95898751610716e-06,0.459980271469198,0.739101926832486,0.810293137908061,0.0225006408272315,0.0156091838421444,0.0225006408272315,0.0156091838421444,0.0208172080416283,0.00671526788917332,0.0208172080416283,0.00671526788917332
0.05,1,"AugmentedMisspecified","exact",10,FALSE,884,295,0.00156996805411427,0.00816289353737116,TRUE,1.27366947411341e-05,0.459968666325693,0.73911302646861,0.810459693537642,0.022410383937833,0.0155237961743769,0.022410383937833,0.0155237961743769,0.0210930701105938,0.00706357858231177,0.0210930701105938,0.00706357858231177
0.05,1,"AugmentedMisspecified","exact",31.6227766016838,FALSE,884,295,0.00142608061297666,0.00813455296034838,TRUE,1.08727342359458e-05,0.459943820471879,0.739165307363402,0.810459693537642,0.0221539858528027,0.0152776887289038,0.0221539858528027,0.0152776887289038,0.0203968633589886,0.00616063671890166,0.0203968633589886,0.00616063671890166
0.05,1,"AugmentedMisspecified","exact",100,FALSE,884,295,0.00111514932214714,0.00808055931958031,TRUE,1.13852886262666e-05,0.459913555220927,0.739316841526152,0.810792804796802,0.0215818383033987,0.0147304104515293,0.0215818383033987,0.0147304104515293,0.0195561739937091,0.00595431624176823,0.0195561739937091,0.00595431624176823
0.05,1,"AugmentedMisspecified","exact",316.227766016838,TRUE,884,295,0.000671126939561744,0.00800012051093074,TRUE,1.09375620356868e-05,0.459937078818659,0.739498939904318,0.810459693537642,0.0207208860724846,0.0139087177867042,0.0207208860724846,0.0139087177867042,0.0181637604904988,0.00470306368521989,0.0181637604904988,0.00470306368521989
0.05,1,"AugmentedMisspecified","exact",1000,FALSE,884,295,0.000300145405689828,0.00792739219447992,TRUE,1.58980608837042e-05,0.460023319023686,0.739608005894068,0.810792804796802,0.0199820737335572,0.0132041482871245,0.0199820737335572,0.0132041482871245,0.0167713469872887,0.00414843251494801,0.0167713469872887,0.00414843251494801
0.05,1,"AugmentedMisspecified","exact",3162.27766016838,FALSE,884,295,0.000109381802417349,0.00789476286473422,TRUE,1.73975347839371e-05,0.460092385065753,0.739603340829609,0.810792804796802,0.0195951114057014,0.0128367836179938,0.0195951114057014,0.0128367836179938,0.0162196228493572,0.00380012182180989,0.0162196228493572,0.00380012182180989
0.05,1,"AugmentedMisspecified","exact",10000,FALSE,884,295,3.64467693909663e-05,0.0078725365130308,TRUE,3.29111908797992e-05,0.460125072361844,0.739585645757526,0.810293137908061,0.019447543744713,0.0126965904394573,0.019447543744713,0.0126965904394573,0.0167844501456711,0.00456107346921497,0.0167844501456711,0.00456107346921497
0.05,2,"Unconstrained","exact",0,TRUE,898,303,0.00547092717299917,0.00566185264335496,TRUE,1.08513695273046e-13,0.459985191766891,0.739071040888486,0.810293137908061,0.0225450043231494,0.0156520704595688,0.0225450043231494,0.0156520704595688,0.0208172080416283,0.00671526788917332,0.0208172080416283,0.00671526788917332
0.05,2,"Oracle","exact",0,FALSE,898,303,0.00529178061490764,0.00629127250049168,TRUE,1.05052121372752e-13,0.459985191766892,0.739071040888486,0.810293137908061,0.02254500432315,0.0156520704595693,0.02254500432315,0.0156520704595693,0.0208172080416283,0.00671526788917332,0.0208172080416283,0.00671526788917332
0.05,2,"Oracle","exact",0.001,FALSE,898,303,0.00529177820905107,0.00629127012120198,TRUE,1.11021923359621e-07,0.459985190194421,0.739071040888486,0.810293137908061,0.0225449954653917,0.0156520629158549,0.0225449954653917,0.0156520629158549,0.0208172080416283,0.00671526788917332,0.0208172080416283,0.00671526788917332
0.05,2,"Oracle","exact",0.00316227766016838,FALSE,898,303,0.00529177173392345,0.00629126391448259,TRUE,3.27015255675397e-07,0.459985185613298,0.739070880024194,0.810293137908061,0.0225449720466989,0.0156520426163859,0.0225449720466989,0.0156520426163859,0.0208172080416283,0.00671526788917332,0.0208172080416283,0.00671526788917332
0.05,2,"Oracle","exact",0.01,FALSE,898,303,0.00529175136616696,0.00629124429197505,TRUE,1.02198254684685e-06,0.459985171551179,0.739071040888486,0.810293137908061,0.0225448981889969,0.0156519786441922,0.0225448981889969,0.0156519786441922,0.0208172080416283,0.00671526788917332,0.0208172080416283,0.00671526788917332
0.05,2,"Oracle","exact",0.0316227766016838,FALSE,898,303,0.00529168722448246,0.00629118250464328,TRUE,3.22121257043506e-06,0.459985127257558,0.739072166938527,0.810293137908061,0.022544665617006,0.0156517771643727,0.022544665617006,0.0156517771643727,0.0208172080416283,0.00671526788917332,0.0208172080416283,0.00671526788917332
0.05,2,"Oracle","exact",0.1,FALSE,898,303,0.00529148451496665,0.00629098721315148,TRUE,1.01779949552156e-05,0.459984987357526,0.739073936445736,0.810293137908061,0.0225439305655029,0.0156511404026737,0.0225439305655029,0.0156511404026737,0.0208172080416283,0.00671526788917332,0.0208172080416283,0.00671526788917332
0.05,2,"Oracle","exact",0.316227766016838,FALSE,898,303,0.0052877286987205,0.00628757386933509,TRUE,7.04374605439898e-06,0.459982676334325,0.739073132124277,0.810293137908061,0.0225308674490009,0.0156386715863113,0.0225308674490009,0.0156386715863113,0.0208172080416283,0.00671526788917332,0.0208172080416283,0.00671526788917332
0.05,2,"Oracle","exact",1,FALSE,898,303,0.00527881433635366,0.00627927942073684,TRUE,1.00980212214249e-05,0.459976750441284,0.739083266574652,0.810293137908061,0.0224996613374855,0.0156091517207169,0.0224996613374855,0.0156091517207169,0.0208172080416283,0.00671526788917332,0.0208172080416283,0.00671526788917332
0.05,2,"Oracle","exact",3.16227766016838,FALSE,898,303,0.0052503730703072,0.00625317992796339,TRUE,1.07983673725647e-05,0.459956840475952,0.739106591896944,0.810459693537642,0.0224021867558235,0.0155171336742858,0.0224021867558235,0.0155171336742858,0.0210930701105938,0.00706357858231177,0.0210930701105938,0.00706357858231177
0.05,2,"Oracle","exact",10,FALSE,898,303,0.00516290222934436,0.00617284288570082,TRUE,1.35711523260974e-05,0.459901923811195,0.739135708333736,0.810126582278481,0.0220998360246384,0.0152315388936607,0.0220998360246384,0.0152315388936607,0.0203968633589886,0.00581232602576331,0.0203968633589886,0.00581232602576331
0.05,2,"Oracle","exact",31.6227766016838,FALSE,898,303,0.00490507377328343,0.00593539670106781,TRUE,1.2874457926251e-05,0.459775129966012,0.739278394960443,0.810626249167222,0.0212068762215351,0.0143924036090841,0.0212068762215351,0.0143924036090841,0.0191358293110695,0.00505137437835812,0.0191358293110695,0.00505137437835812
0.05,2,"Oracle","exact",100,FALSE,898,303,0.00423818823092835,0.00531500310935873,TRUE,1.30170796508488e-05,0.459694378897102,0.739465158403068,0.80929380413058,0.0188965026603667,0.0122224372460267,0.0188965026603667,0.0122224372460267,0.0166137612152311,0.00560600554862978,0.0166137612152311,0.00560600554862978
0.05,2,"Oracle","exact",316.227766016838,FALSE,898,303,0.00296861159733483,0.00412257407593279,TRUE,9.78614051228416e-06,0.460515173956145,0.738873821266903,0.807628247834777,0.0144915803037272,0.00811319452010117,0.0144915803037272,0.00811319452010117,0.0145910046237915,0.0051290343332342,0.0145910046237915,0.0051290343332342
0.05,2,"Oracle","exact",1000,TRUE,898,303,0.0015244494976099,0.00274413819293694,TRUE,1.2719592279585e-05,0.463023210000175,0.736152319180493,0.801798800799467,0.00947083663580917,0.00346286875802315,0.00947083663580917,0.00346286875802315,0.0106896261831253,0.00101363627670348,0.0106896261831253,0.00101363627670348
0.05,2,"Oracle","exact",3162.27766016838,FALSE,898,303,0.000599471380623759,0.00184861217495315,TRUE,1.63582006081514e-05,0.465509880555462,0.732973640777168,0.796635576282478,0.00624511222118151,0.000487191790973118,0.00624511222118151,0.000487191790973118,0.00525135162557455,-0.00205682970041221,0.00525135162557455,0.00205682970041221
0.05,2,"Oracle","exact",10000,FALSE,898,303,0.000205290515412797,0.00146299919379623,TRUE,2.82394971673876e-05,0.466777514921169,0.731273305214255,0.794636908727515,0.00486644519774648,-0.000783380595229533,0.00486644519774648,0.000783380595229533,0.00484411010131736,-0.0030374315186984,0.00484411010131736,0.0030374315186984
0.05,2,"SoftProxy","exact",0,FALSE,898,303,0.00547092717299925,0.00566185264335506,TRUE,1.05052121372752e-13,0.459985191766892,0.739071040888486,0.810293137908061,0.02254500432315,0.0156520704595693,0.02254500432315,0.0156520704595693,0.0208172080416283,0.00671526788917332,0.0208172080416283,0.00671526788917332
0.05,2,"SoftProxy","exact",0.001,FALSE,898,303,0.00547092469761373,0.00566185012737453,TRUE,1.18439775157729e-07,0.459985189439593,0.739071040888486,0.810293137908061,0.0225449973990332,0.0156520647978393,0.0225449973990332,0.0156520647978393,0.0208172080416283,0.00671526788917332,0.0208172080416283,0.00671526788917332
0.05,2,"SoftProxy","exact",0.00316227766016838,FALSE,898,303,0.00547091764337975,0.00566184295866519,TRUE,3.48706240121271e-07,0.459985182868497,0.739070880024194,0.810293137908061,0.0225449781863416,0.0156520489038066,0.0225449781863416,0.0156520489038066,0.0208172080416283,0.00671526788917332,0.0208172080416283,0.00671526788917332
0.05,2,"SoftProxy","exact",0.01,FALSE,898,303,0.00547089575567481,0.00566182072261232,TRUE,1.08578147012771e-06,0.459985162593377,0.739070719159902,0.810293137908061,0.0225449182426578,0.0156519992631297,0.0225449182426578,0.0156519992631297,0.0208172080416283,0.00671526788917332,0.0208172080416283,0.00671526788917332
0.05,2,"SoftProxy","exact",0.0316227766016838,FALSE,898,303,0.00547082682640249,0.00566175069868902,TRUE,3.42119913771929e-06,0.459985098751686,0.739071684345652,0.810293137908061,0.0225447294421125,0.0156518428819916,0.0225447294421125,0.0156518428819916,0.0208172080416283,0.00671526788917332,0.0208172080416283,0.00671526788917332
0.05,2,"SoftProxy","exact",0.1,FALSE,898,303,0.00547060904280902,0.00566152945850407,TRUE,1.08089888756892e-05,0.459984897077904,0.739072649531402,0.810293137908061,0.0225441328316943,0.0156513487171589,0.0225441328316943,0.0156513487171589,0.0208172080416283,0.00671526788917332,0.0208172080416283,0.00671526788917332
0.05,2,"SoftProxy","exact",0.316227766016838,FALSE,898,303,0.00546673972585899,0.00565765931081458,TRUE,9.01183998101191e-06,0.459981920945426,0.739072649531402,0.810293137908061,0.0225332223017654,0.0156412933948187,0.0225332223017654,0.0156412933948187,0.0208172080416283,0.00671526788917332,0.0208172080416283,0.00671526788917332
0.05,2,"SoftProxy","exact",1,FALSE,898,303,0.00545675017747746,0.00564779786146817,TRUE,1.39609536374727e-05,0.459972768132688,0.739081497067444,0.810293137908061,0.0225050695184169,0.0156153334569793,0.0225050695184169,0.0156153334569793,0.0208172080416283,0.00671526788917332,0.0208172080416283,0.00671526788917332
0.05,2,"SoftProxy","exact",3.16227766016838,FALSE,898,303,0.00542552749840858,0.00561685900038308,TRUE,1.25550022211767e-05,0.459945924821352,0.739108361404152,0.810459693537642,0.0224261568917764,0.0155421741349273,0.0224261568917764,0.0155421741349273,0.0210930701105938,0.00706357858231177,0.0210930701105938,0.00706357858231177
0.05,2,"SoftProxy","exact",10,FALSE,898,303,0.00532951937061205,0.00552149542093641,TRUE,7.33949277488122e-06,0.459868410860347,0.739178498235319,0.810459693537642,0.0221735883986156,0.0153104234955482,0.0221735883986156,0.0153104234955482,0.0216447942485254,0.00741188927545,0.0216447942485254,0.00741188927545
0.05,2,"SoftProxy","exact",31.6227766016838,FALSE,898,303,0.0050483526739942,0.00524211552052166,TRUE,9.56336417726227e-06,0.459678378720527,0.739269225695819,0.810959360426382,0.0214339012872955,0.0146308745026138,0.0214339012872955,0.0146308745026138,0.0221834152280734,0.00825050087773127,0.0221834152280734,0.00825050087773127
0.05,2,"SoftProxy","exact",100,FALSE,898,303,0.00433103858904906,0.00452719116228873,TRUE,1.14588637717791e-05,0.459452922697711,0.739272603845944,0.810459693537642,0.0195273306442805,0.0128837545029157,0.0195273306442805,0.0128837545029157,0.0201999681117825,0.00999205434342276,0.0201999681117825,0.00999205434342276
0.05,2,"SoftProxy","exact",316.227766016838,FALSE,898,303,0.00299776085428185,0.0031899309153824,TRUE,1.10729684969137e-05,0.460030630639557,0.738282323266446,0.807461692205197,0.0159302228401658,0.00960436381340313,0.0159302228401658,0.00960436381340313,0.0185582467278343,0.00875413148062187,0.0185582467278343,0.00875413148062187
0.05,2,"SoftProxy","exact",1000,TRUE,898,303,0.00152098184898906,0.00169083250849835,TRUE,1.24987932885639e-05,0.462221076916084,0.735477010884078,0.801965356429047,0.0118870768891651,0.00591978489889999,0.0118870768891651,0.00591978489889999,0.0164041106811036,0.00736088870806872,0.0164041106811036,0.00736088870806872
0.05,2,"SoftProxy","exact",3162.27766016838,FALSE,898,303,0.000593071408355254,0.00073412603965073,TRUE,9.76503569072781e-06,0.464452690162616,0.732316831874294,0.799133910726183,0.00934926954941795,0.00359489336130825,0.00934926954941795,0.00359489336130825,0.0137768694467391,0.00498704411722939,0.0137768694467391,0.00498704411722939
0.05,2,"SoftProxy","exact",10000,FALSE,898,303,0.000202372167139499,0.0003285289583403,TRUE,2.08093235865355e-05,0.465593704350187,0.730704971671798,0.796802131912059,0.00828850443198315,0.00262106566640929,0.00828850443198315,0.00262106566640929,0.0104403183023877,0.0031035004355332,0.0104403183023877,0.0031035004355332
0.05,2,"IPW","exact",0,FALSE,898,303,0.00188654799617191,0.00153444351185745,TRUE,1.05052121372752e-13,0.459985191766892,0.739071040888486,0.810293137908061,0.02254500432315,0.0156520704595693,0.02254500432315,0.0156520704595693,0.0208172080416283,0.00671526788917332,0.0208172080416283,0.00671526788917332
0.05,2,"IPW","exact",0.001,FALSE,898,303,0.00188654638041207,0.0015344449569872,TRUE,6.27971974167484e-08,0.459985191447906,0.739071040888486,0.810293137908061,0.0225450013735656,0.01565206795038,0.0225450013735656,0.01565206795038,0.0208172080416283,0.00671526788917332,0.0208172080416283,0.00671526788917332
0.05,2,"IPW","exact",0.00316227766016838,FALSE,898,303,0.00188654179866412,0.00153444840447148,TRUE,1.89167164731223e-07,0.459985190409712,0.739071040888486,0.810293137908061,0.0225449936342982,0.0156520612607625,0.0225449936342982,0.0156520612607625,0.0208172080416283,0.00671526788917332,0.0208172080416283,0.00671526788917332
0.05,2,"IPW","exact",0.01,FALSE,898,303,0.00188652735280691,0.0015344596031438,TRUE,5.92070752139063e-07,0.459985187217109,0.739070880024194,0.810293137908061,0.0225449690290606,0.0156520400369361,0.0225449690290606,0.0156520400369361,0.0208172080416283,0.00671526788917332,0.0208172080416283,0.00671526788917332
0.05,2,"IPW","exact",0.0316227766016838,FALSE,898,303,0.00188648183464177,0.00153449485901667,TRUE,1.86651544813829e-06,0.459985177153127,0.739071201752777,0.810293137908061,0.0225448915463857,0.0156519731945526,0.0225448915463857,0.0156519731945526,0.0208172080416283,0.00671526788917332,0.0208172080416283,0.00671526788917332
0.05,2,"IPW","exact",0.1,FALSE,898,303,0.00188633799480341,0.00153460633362804,TRUE,5.89719795379116e-06,0.459985145372891,0.739071845209944,0.810293137908061,0.0225446466510889,0.0156517619385296,0.0225446466510889,0.0156517619385296,0.0208172080416283,0.00671526788917332,0.0208172080416283,0.00671526788917332
0.05,2,"IPW","exact",0.316227766016838,FALSE,898,303,0.00188588326289784,0.00153495876299121,TRUE,1.86395374493913e-05,0.459985044983036,0.739072971259986,0.810293137908061,0.0225438724290918,0.0156510940702672,0.0225438724290918,0.0156510940702672,0.0208172080416283,0.00671526788917332,0.0208172080416283,0.00671526788917332
0.05,2,"IPW","exact",1,FALSE,898,303,0.00187378523284634,0.00154278019649857,TRUE,1.68289294367384e-05,0.459982480545445,0.739080853610277,0.810293137908061,0.0225273612099363,0.0156362069426343,0.0225273612099363,0.0156362069426343,0.0208172080416283,0.00671526788917332,0.0208172080416283,0.00671526788917332
0.05,2,"IPW","exact",3.16227766016838,FALSE,898,303,0.00184310120085211,0.00155489480825737,TRUE,1.15457725140049e-05,0.459979146101788,0.739103213746819,0.810293137908061,0.0224892559614458,0.015603502275172,0.0224892559614458,0.015603502275172,0.0208172080416283,0.00671526788917332,0.0208172080416283,0.00671526788917332
0.05,2,"IPW","exact",10,FALSE,898,303,0.00175452936454245,0.00160128609506196,TRUE,9.43221079187957e-06,0.459968357181182,0.739135869198027,0.810459693537642,0.0223715886008014,0.0155004325143951,0.0223715886008014,0.0155004325143951,0.0217892768621993,0.00796652044572188,0.0217892768621993,0.00796652044572188
0.05,2,"IPW","exact",31.6227766016838,FALSE,898,303,0.00152062992964799,0.00172159625028642,TRUE,1.48958185963424e-05,0.459946645047624,0.739297698675443,0.809960026648901,0.0220759299226277,0.0152438026244933,0.0220759299226277,0.0152438026244933,0.0206727254279541,0.00671526788917343,0.0206727254279541,0.00671526788917343
0.05,2,"IPW","exact",100,FALSE,898,303,0.00106966072709274,0.00195133458313544,TRUE,1.18648909423293e-05,0.459946505592744,0.739595780207901,0.80962691538974,0.0214977694963888,0.0147430408863456,0.0214977694963888,0.0147430408863456,0.0194247945384181,0.00601864650289696,0.0194247945384181,0.00601864650289696
0.05,2,"IPW","exact",316.227766016838,TRUE,898,303,0.000550437378114853,0.00220714558014041,TRUE,1.31347310228316e-05,0.460011529742151,0.739773696114484,0.80962691538974,0.0208385739817755,0.0141758200238861,0.0208385739817755,0.0141758200238861,0.0198320360626745,0.00671526788917343,0.0198320360626745,0.00671526788917343
0.05,2,"IPW","exact",1000,FALSE,898,303,0.000216848879386888,0.00237233864243171,TRUE,1.37488529255143e-05,0.460088426071408,0.739885014204317,0.809127248500999,0.0204126052854806,0.0138104455231903,0.0204126052854806,0.0138104455231903,0.0190044498557782,0.00657327767316873,0.0190044498557782,0.00657327767316873
0.05,2,"IPW","exact",3162.27766016838,FALSE,898,303,7.43672450665861e-05,0.00244017126727197,TRUE,8.01455186554609e-06,0.460132919129463,0.7399085003909,0.808960692871419,0.0202314940456113,0.0136553081376745,0.0202314940456113,0.0136553081376745,0.0194247945384181,0.0071279088434405,0.0194247945384181,0.0071279088434405
0.05,2,"IPW","exact",10000,FALSE,898,303,2.41890218383701e-05,0.00246393617745995,TRUE,2.1327756073491e-05,0.460149840940629,0.739924104227192,0.809127248500999,0.0201686028862333,0.0136015787884061,0.0201686028862333,0.0136015787884061,0.0191489324694528,0.0071279088434405,0.0191489324694528,0.0071279088434405
0.05,2,"Augmented","exact",0,FALSE,898,303,0.00601094135896675,0.00767421189250372,TRUE,1.05052121372752e-13,0.459985191766892,0.739071040888486,0.810293137908061,0.02254500432315,0.0156520704595693,0.02254500432315,0.0156520704595693,0.0208172080416283,0.00671526788917332,0.0208172080416283,0.00671526788917332
0.05,2,"Augmented","exact",0.001,FALSE,898,303,0.00601093827736522,0.00767421080156721,TRUE,1.42210203152751e-07,0.459985189567154,0.739071040888486,0.810293137908061,0.0225449955650486,0.015652063204105,0.0225449955650486,0.015652063204105,0.0208172080416283,0.00671526788917332,0.0208172080416283,0.00671526788917332
0.05,2,"Augmented","exact",0.00316227766016838,FALSE,898,303,0.00601092944730392,0.00767420864697622,TRUE,4.21405373028874e-07,0.459985183377927,0.739070880024194,0.810293137908061,0.0225449712449787,0.0156520428458414,0.0225449712449787,0.0156520428458414,0.0208172080416283,0.00671526788917332,0.0208172080416283,0.00671526788917332
0.05,2,"Augmented","exact",0.01,FALSE,898,303,0.00601090200876444,0.00767420150707632,TRUE,1.31372381433271e-06,0.45998516430165,0.739071040888486,0.810293137908061,0.0225448953462758,0.0156519792718096,0.0225448953462758,0.0156519792718096,0.0208172080416283,0.00671526788917332,0.0208172080416283,0.00671526788917332
0.05,2,"Augmented","exact",0.0316227766016838,FALSE,898,303,0.00601081558302765,0.00767417905211093,TRUE,4.14019495413266e-06,0.45998510423043,0.739071523481361,0.810293137908061,0.0225446562995419,0.0156517790126307,0.0225446562995419,0.0156517790126307,0.0208172080416283,0.00671526788917332,0.0208172080416283,0.00671526788917332
0.05,2,"Augmented","exact",0.1,FALSE,898,303,0.00601054251173026,0.00767410799657955,TRUE,1.30808950108173e-05,0.45998491447372,0.739072327802819,0.810293137908061,0.0225439009176571,0.0156511462039572,0.0225439009176571,0.0156511462039572,0.0208172080416283,0.00671526788917332,0.0208172080416283,0.00671526788917332
0.05,2,"Augmented","exact",0.316227766016838,FALSE,898,303,0.00600514487566529,0.00767371251478146,TRUE,1.25566959174366e-05,0.459982146403045,0.739068145331236,0.810293137908061,0.0225298021888983,0.0156382779885547,0.0225298021888983,0.0156382779885547,0.0208172080416283,0.00671526788917332,0.0208172080416283,0.00671526788917332
0.05,2,"Augmented","exact",1,FALSE,898,303,0.00598989982140647,0.00767271518721897,TRUE,1.11927224390183e-05,0.459973298693743,0.739078923238777,0.810459693537642,0.0224973950808328,0.0156089981019872,0.0224973950808328,0.0156089981019872,0.0210930701105938,0.00706357858231177,0.0210930701105938,0.00706357858231177
0.05,2,"Augmented","exact",3.16227766016838,FALSE,898,303,0.00594401186871992,0.0076658960294713,TRUE,1.07823814670564e-05,0.459950084391494,0.739087288181944,0.810626249167222,0.0223921214429474,0.0155152791949963,0.0223921214429474,0.0155152791949963,0.0213689321795596,0.00741188927545,0.0213689321795596,0.00741188927545
0.05,2,"Augmented","exact",10,FALSE,898,303,0.0058016210694707,0.00764792404457269,TRUE,1.28770313300648e-05,0.459879879830168,0.739088735960569,0.810792804796802,0.022076024174104,0.0152342513964148,0.022076024174104,0.0152342513964148,0.0216447942485254,0.00776019996858823,0.0216447942485254,0.00776019996858823
0.05,2,"Augmented","exact",31.6227766016838,FALSE,898,303,0.00539496307207884,0.00759169189969671,TRUE,1.18832118976806e-05,0.459735932956523,0.739026964072569,0.810293137908061,0.021157341395082,0.0144165071906507,0.021157341395082,0.0144165071906507,0.0192803119247436,0.00616063671890166,0.0192803119247436,0.00616063671890166
0.05,2,"Augmented","exact",100,FALSE,898,303,0.00441046153518627,0.00742359503789878,TRUE,1.46152453968316e-05,0.45972266302501,0.738466030287529,0.810792804796802,0.018916396580267,0.012425037256993,0.018916396580267,0.012425037256993,0.0189782435390126,0.00915344274114138,0.0189782435390126,0.00915344274114138
0.05,2,"Augmented","exact",316.227766016838,TRUE,898,303,0.00266506861711601,0.00702241323093673,TRUE,1.366243726732e-05,0.460638057537457,0.736601452282825,0.807628247834777,0.0154453094294629,0.00937059302116983,0.0154453094294629,0.00937059302116983,0.0156944528996538,0.00763153944633077,0.0156944528996538,0.00763153944633077
0.05,2,"Augmented","exact",1000,FALSE,898,303,0.00117720985676488,0.00655325770535039,TRUE,1.19053957162688e-05,0.462530149545696,0.733724394426374,0.804796802131912,0.0124045759749729,0.00664012958853222,0.0124045759749729,0.00664012958853222,0.0141706599411514,0.00685725810517812,0.0141706599411514,0.00685725810517812
0.05,2,"Augmented","exact",3162.27766016838,FALSE,898,303,0.000428206131266272,0.00627223065842232,TRUE,1.98959722574188e-05,0.463931798103129,0.731889576315629,0.802631578947368,0.0107935531262644,0.00518684136223058,0.0107935531262644,0.00518684136223058,0.0116616950036961,0.00386445208293862,0.0116616950036961,0.00386445208293862
0.05,2,"Augmented","exact",10000,FALSE,898,303,0.000142341593217865,0.00615960000357824,TRUE,2.48974316473014e-05,0.464538464388566,0.731185473311005,0.801132578281146,0.010175456841603,0.00462859374729585,0.010175456841603,0.00462859374729585,0.0108341087967999,0.00267752978751867,0.0108341087967999,0.00267752978751867
0.05,2,"AugmentedMisspecified","exact",0,FALSE,898,303,0.00482497585367405,0.005914678393026,TRUE,1.05052121372752e-13,0.459985191766892,0.739071040888486,0.810293137908061,0.02254500432315,0.0156520704595693,0.02254500432315,0.0156520704595693,0.0208172080416283,0.00671526788917332,0.0208172080416283,0.00671526788917332
0.05,2,"AugmentedMisspecified","exact",0.001,FALSE,898,303,0.00482497344931061,0.00591467813908547,TRUE,1.18351369907433e-07,0.459985189873338,0.739071040888486,0.810293137908061,0.0225449979078045,0.0156520651013135,0.0225449979078045,0.0156520651013135,0.0208172080416283,0.00671526788917332,0.0208172080416283,0.00671526788917332
0.05,2,"AugmentedMisspecified","exact",0.00316227766016838,FALSE,898,303,0.0048249664316614,0.00591467771945025,TRUE,3.53382476450036e-07,0.459985184484972,0.739070880024194,0.810293137908061,0.0225449796609344,0.0156520497203535,0.0225449796609344,0.0156520497203535,0.0208172080416283,0.00671526788917332,0.0208172080416283,0.00671526788917332
0.05,2,"AugmentedMisspecified","exact",0.01,FALSE,898,303,0.00482494460716879,0.00591467623433329,TRUE,1.10244840608928e-06,0.459985167818475,0.739070719159902,0.810293137908061,0.0225449227974475,0.0156520017460258,0.0225449227974475,0.0156520017460258,0.0208172080416283,0.00671526788917332,0.0208172080416283,0.00671526788917332
0.05,2,"AugmentedMisspecified","exact",0.0316227766016838,FALSE,898,303,0.00482487585260199,0.00591467155034631,TRUE,3.47457806806922e-06,0.459985115326343,0.739071523481361,0.810293137908061,0.0225447436624072,0.015651850590599,0.0225447436624072,0.015651850590599,0.0208172080416283,0.00671526788917332,0.0208172080416283,0.00671526788917332
0.05,2,"AugmentedMisspecified","exact",0.1,FALSE,898,303,0.00482465862274161,0.00591465670196154,TRUE,1.09777431764098e-05,0.459984949495893,0.739072166938527,0.810293137908061,0.0225441776266593,0.0156513729648047,0.0225441776266593,0.0156513729648047,0.0208172080416283,0.00671526788917332,0.0208172080416283,0.00671526788917332
0.05,2,"AugmentedMisspecified","exact",0.316227766016838,FALSE,898,303,0.00481992387191329,0.00591426167917394,TRUE,9.15575218836405e-06,0.459982111616444,0.739073775581444,0.810293137908061,0.0225325038422347,0.0156407122101518,0.0225325038422347,0.0156407122101518,0.0208172080416283,0.00671526788917332,0.0208172080416283,0.00671526788917332
0.05,2,"AugmentedMisspecified","exact",1,FALSE,898,303,0.00480739702708701,0.00591365729312878,TRUE,9.52605142825384e-06,0.459973951764501,0.739080371017402,0.810293137908061,0.0225049702477392,0.0156153881235565,0.0225049702477392,0.0156153881235565,0.0208172080416283,0.00671526788917332,0.0208172080416283,0.00671526788917332
0.05,2,"AugmentedMisspecified","exact",3.16227766016838,FALSE,898,303,0.00476922961059321,0.00590997311337892,TRUE,9.37517473107993e-06,0.459951780639517,0.739093722753611,0.810459693537642,0.022417068495247,0.0155359352887967,0.022417068495247,0.0155359352887967,0.0210930701105938,0.00706357858231177,0.0210930701105938,0.00706357858231177
0.05,2,"AugmentedMisspecified","exact",10,FALSE,898,303,0.00465270921540196,0.00589894709160702,TRUE,1.07464515393433e-05,0.459887210635742,0.739144234141194,0.810293137908061,0.0221468360064195,0.0152910342211263,0.0221468360064195,0.0152910342211263,0.0215134147932335,0.00761820975258365,0.0215134147932335,0.00761820975258365
0.05,2,"AugmentedMisspecified","exact",31.6227766016838,FALSE,898,303,0.00431634842614254,0.00586629186689515,TRUE,1.45366859594321e-05,0.459732802401891,0.739213084058027,0.810626249167222,0.0213832009169233,0.0146012169778157,0.0213832009169233,0.0146012169778157,0.019976518676349,0.00650894741204,0.019976518676349,0.00650894741204
0.05,2,"AugmentedMisspecified","exact",100,FALSE,898,303,0.00351628482926882,0.0057694488714005,TRUE,1.56758621903216e-05,0.45959521993335,0.739117530668777,0.811792138574284,0.0195260930339494,0.0129256401117528,0.0195260930339494,0.0129256401117528,0.0206596222695714,0.00950175343427961,0.0206596222695714,0.00950175343427961
0.05,2,"AugmentedMisspecified","exact",316.227766016838,TRUE,898,303,0.00220607732971905,0.00555509701725196,TRUE,1.21639856630122e-05,0.460054293002981,0.738128054410738,0.810293137908061,0.0164781505112509,0.0101873154927017,0.0164781505112509,0.0101873154927017,0.0172837616500702,0.00839249109373608,0.0172837616500702,0.00839249109373608
0.05,2,"AugmentedMisspecified","exact",1000,FALSE,898,303,0.00097205360563063,0.00532545343167347,TRUE,1.26372411621797e-05,0.461031211515555,0.736759903610116,0.808294470353098,0.0140040080866451,0.00799978538748003,0.0140040080866451,0.00799978538748003,0.0151689350784886,0.00714123853718784,0.0151689350784886,0.00714123853718784
0.05,2,"AugmentedMisspecified","exact",3162.27766016838,FALSE,898,303,0.000352378780183831,0.0051845108915828,TRUE,1.38049938912215e-05,0.461799910112859,0.735773001180744,0.807295136575616,0.0126945378178985,0.00682173868833347,0.0126945378178985,0.00682173868833347,0.012239625458393,0.00644461715091138,0.012239625458393,0.00644461715091138
0.05,2,"AugmentedMisspecified","exact",10000,FALSE,898,303,0.00011702828052678,0.00512515579557982,TRUE,3.30945763176663e-05,0.462150232773983,0.735325798449912,0.805962691538974,0.012175417859458,0.00635421469070396,0.012175417859458,0.00635421469070396,0.0108734182719483,0.00511570463948674,0.0108734182719483,0.00511570463948674
0.05,3,"Unconstrained","exact",0,TRUE,886,273,0.00104853070645833,0.00181801051195931,TRUE,1.08513695273046e-13,0.459985191766891,0.739071040888486,0.810293137908061,0.0225450043231494,0.0156520704595688,0.0225450043231494,0.0156520704595688,0.0208172080416283,0.00671526788917332,0.0208172080416283,0.00671526788917332
0.05,3,"Oracle","exact",0,FALSE,886,273,0.00529178061490764,0.00629127250049168,TRUE,1.05052121372752e-13,0.459985191766892,0.739071040888486,0.810293137908061,0.02254500432315,0.0156520704595693,0.02254500432315,0.0156520704595693,0.0208172080416283,0.00671526788917332,0.0208172080416283,0.00671526788917332
0.05,3,"Oracle","exact",0.001,FALSE,886,273,0.00529177820905107,0.00629127012120198,TRUE,1.11021923359621e-07,0.459985190194421,0.739071040888486,0.810293137908061,0.0225449954653917,0.0156520629158549,0.0225449954653917,0.0156520629158549,0.0208172080416283,0.00671526788917332,0.0208172080416283,0.00671526788917332
0.05,3,"Oracle","exact",0.00316227766016838,FALSE,886,273,0.00529177173392345,0.00629126391448259,TRUE,3.27015255675397e-07,0.459985185613298,0.739070880024194,0.810293137908061,0.0225449720466989,0.0156520426163859,0.0225449720466989,0.0156520426163859,0.0208172080416283,0.00671526788917332,0.0208172080416283,0.00671526788917332
0.05,3,"Oracle","exact",0.01,FALSE,886,273,0.00529175136616696,0.00629124429197505,TRUE,1.02198254684685e-06,0.459985171551179,0.739071040888486,0.810293137908061,0.0225448981889969,0.0156519786441922,0.0225448981889969,0.0156519786441922,0.0208172080416283,0.00671526788917332,0.0208172080416283,0.00671526788917332
0.05,3,"Oracle","exact",0.0316227766016838,FALSE,886,273,0.00529168722448246,0.00629118250464328,TRUE,3.22121257043506e-06,0.459985127257558,0.739072166938527,0.810293137908061,0.022544665617006,0.0156517771643727,0.022544665617006,0.0156517771643727,0.0208172080416283,0.00671526788917332,0.0208172080416283,0.00671526788917332
0.05,3,"Oracle","exact",0.1,FALSE,886,273,0.00529148451496665,0.00629098721315148,TRUE,1.01779949552156e-05,0.459984987357526,0.739073936445736,0.810293137908061,0.0225439305655029,0.0156511404026737,0.0225439305655029,0.0156511404026737,0.0208172080416283,0.00671526788917332,0.0208172080416283,0.00671526788917332
0.05,3,"Oracle","exact",0.316227766016838,FALSE,886,273,0.0052877286987205,0.00628757386933509,TRUE,7.04374605439898e-06,0.459982676334325,0.739073132124277,0.810293137908061,0.0225308674490009,0.0156386715863113,0.0225308674490009,0.0156386715863113,0.0208172080416283,0.00671526788917332,0.0208172080416283,0.00671526788917332
0.05,3,"Oracle","exact",1,FALSE,886,273,0.00527881433635366,0.00627927942073684,TRUE,1.00980212214249e-05,0.459976750441284,0.739083266574652,0.810293137908061,0.0224996613374855,0.0156091517207169,0.0224996613374855,0.0156091517207169,0.0208172080416283,0.00671526788917332,0.0208172080416283,0.00671526788917332
0.05,3,"Oracle","exact",3.16227766016838,FALSE,886,273,0.0052503730703072,0.00625317992796339,TRUE,1.07983673725647e-05,0.459956840475952,0.739106591896944,0.810459693537642,0.0224021867558235,0.0155171336742858,0.0224021867558235,0.0155171336742858,0.0210930701105938,0.00706357858231177,0.0210930701105938,0.00706357858231177
0.05,3,"Oracle","exact",10,FALSE,886,273,0.00516290222934436,0.00617284288570082,TRUE,1.35711523260974e-05,0.459901923811195,0.739135708333736,0.810126582278481,0.0220998360246384,0.0152315388936607,0.0220998360246384,0.0152315388936607,0.0203968633589886,0.00581232602576331,0.0203968633589886,0.00581232602576331
0.05,3,"Oracle","exact",31.6227766016838,FALSE,886,273,0.00490507377328343,0.00593539670106781,TRUE,1.2874457926251e-05,0.459775129966012,0.739278394960443,0.810626249167222,0.0212068762215351,0.0143924036090841,0.0212068762215351,0.0143924036090841,0.0191358293110695,0.00505137437835812,0.0191358293110695,0.00505137437835812
0.05,3,"Oracle","exact",100,FALSE,886,273,0.00423818823092835,0.00531500310935873,TRUE,1.30170796508488e-05,0.459694378897102,0.739465158403068,0.80929380413058,0.0188965026603667,0.0122224372460267,0.0188965026603667,0.0122224372460267,0.0166137612152311,0.00560600554862978,0.0166137612152311,0.00560600554862978
0.05,3,"Oracle","exact",316.227766016838,FALSE,886,273,0.00296861159733483,0.00412257407593279,TRUE,9.78614051228416e-06,0.460515173956145,0.738873821266903,0.807628247834777,0.0144915803037272,0.00811319452010117,0.0144915803037272,0.00811319452010117,0.0145910046237915,0.0051290343332342,0.0145910046237915,0.0051290343332342
0.05,3,"Oracle","exact",1000,TRUE,886,273,0.0015244494976099,0.00274413819293694,TRUE,1.2719592279585e-05,0.463023210000175,0.736152319180493,0.801798800799467,0.00947083663580917,0.00346286875802315,0.00947083663580917,0.00346286875802315,0.0106896261831253,0.00101363627670348,0.0106896261831253,0.00101363627670348
0.05,3,"Oracle","exact",3162.27766016838,FALSE,886,273,0.000599471380623759,0.00184861217495315,TRUE,1.63582006081514e-05,0.465509880555462,0.732973640777168,0.796635576282478,0.00624511222118151,0.000487191790973118,0.00624511222118151,0.000487191790973118,0.00525135162557455,-0.00205682970041221,0.00525135162557455,0.00205682970041221
0.05,3,"Oracle","exact",10000,FALSE,886,273,0.000205290515412797,0.00146299919379623,TRUE,2.82394971673876e-05,0.466777514921169,0.731273305214255,0.794636908727515,0.00486644519774648,-0.000783380595229533,0.00486644519774648,0.000783380595229533,0.00484411010131736,-0.0030374315186984,0.00484411010131736,0.0030374315186984
0.05,3,"SoftProxy","exact",0,FALSE,886,273,0.00104853070645845,0.00181801051195945,TRUE,1.05052121372752e-13,0.459985191766892,0.739071040888486,0.810293137908061,0.02254500432315,0.0156520704595693,0.02254500432315,0.0156520704595693,0.0208172080416283,0.00671526788917332,0.0208172080416283,0.00671526788917332
0.05,3,"SoftProxy","exact",0.001,FALSE,886,273,0.0010485300870051,0.00181800987878568,TRUE,2.48967069614635e-08,0.459985191844489,0.739071040888486,0.810293137908061,0.0225450033819584,0.0156520696225475,0.0225450033819584,0.0156520696225475,0.0208172080416283,0.00671526788917332,0.0208172080416283,0.00671526788917332
0.05,3,"SoftProxy","exact",0.00316227766016838,FALSE,886,273,0.00104852851528627,0.00181800827612426,TRUE,7.34504449035001e-08,0.459985192007646,0.739070880024194,0.810293137908061,0.0225450012726425,0.0156520676370553,0.0225450012726425,0.0156520676370553,0.0208172080416283,0.00671526788917332,0.0208172080416283,0.00671526788917332
0.05,3,"SoftProxy","exact",0.01,FALSE,886,273,0.00104852348179401,0.00181800314158053,TRUE,2.30383850603971e-07,0.459985192546098,0.739070719159902,0.810293137908061,0.0225449943039927,0.0156520611371832,0.0225449943039927,0.0156520611371832,0.0208172080416283,0.00671526788917332,0.0208172080416283,0.00671526788917332
0.05,3,"SoftProxy","exact",0.0316227766016838,FALSE,886,273,0.00104850763311623,0.00181798697515539,TRUE,7.26251581280023e-07,0.459985194238033,0.739071201752777,0.810293137908061,0.0225449723628141,0.0156520406631349,0.0225449723628141,0.0156520406631349,0.0208172080416283,0.00671526788917332,0.0208172080416283,0.00671526788917332
0.05,3,"SoftProxy","exact",0.1,FALSE,886,273,0.001048457534214,0.0018179358716144,TRUE,2.29478310655045e-06,0.459985199590298,0.739072166938527,0.810293137908061,0.0225449029629673,0.0156519759151361,0.0225449029629673,0.0156519759151361,0.0208172080416283,0.00671526788917332,0.0208172080416283,0.00671526788917332
0.05,3,"SoftProxy","exact",0.316227766016838,FALSE,886,273,0.00104829914347276,0.00181777430465908,TRUE,7.25409180762738e-06,0.459985216535733,0.739072488667111,0.810293137908061,0.0225446835377385,0.0156517712021521,0.0225446835377385,0.0156517712021521,0.0208172080416283,0.00671526788917332,0.0208172080416283,0.00671526788917332
0.05,3,"SoftProxy","exact",1,FALSE,886,273,0.00104538130465351,0.0018148195689383,TRUE,1.34909474026718e-05,0.459985327941127,0.739075545088652,0.810293137908061,0.022540981078936,0.0156476619016854,0.022540981078936,0.0156476619016854,0.0208172080416283,0.00671526788917332,0.0208172080416283,0.00671526788917332
0.05,3,"SoftProxy","exact",3.16227766016838,FALSE,886,273,0.00103763078672677,0.00180699440397143,TRUE,1.13439603761094e-05,0.459985299662208,0.739088575096277,0.810459693537642,0.0225280798970561,0.0156343328092329,0.0225280798970561,0.0156343328092329,0.0205413459726628,0.00671526788917332,0.0205413459726628,0.00671526788917332
0.05,3,"SoftProxy","exact",10,FALSE,886,273,0.00101357219760309,0.0017827825746742,TRUE,1.48567582136061e-05,0.459985805536706,0.739101122511027,0.810459693537642,0.0224964339320677,0.01560220824411,0.0224964339320677,0.01560220824411,0.0205413459726628,0.00671526788917332,0.0205413459726628,0.00671526788917332
0.05,3,"SoftProxy","exact",31.6227766016838,FALSE,886,273,0.000945227625028705,0.00171379906934494,TRUE,1.51537612994251e-05,0.459986934737603,0.73916225094186,0.810293137908061,0.0224044839287204,0.0155075026354913,0.0224044839287204,0.0155075026354913,0.0202654839036974,0.00636695719603508,0.0202654839036974,0.00636695719603508
0.05,3,"SoftProxy","exact",100,FALSE,886,273,0.000778873337080146,0.00154565799524395,TRUE,1.43575524678866e-05,0.460000950465039,0.739299468182652,0.810959360426382,0.0221756824507572,0.0152729200583774,0.0221756824507572,0.0152729200583774,0.0211061732689769,0.00761820975258365,0.0211061732689769,0.00761820975258365
0.05,3,"SoftProxy","exact",316.227766016838,TRUE,886,273,0.000499588446987696,0.00126338220493351,TRUE,7.03329493552028e-06,0.460059170451703,0.739486231625276,0.811459027315123,0.0217976970392098,0.0148852002547905,0.0217976970392098,0.0148852002547905,0.0219337594758733,0.00776019996858823,0.0219337594758733,0.00776019996858823
0.05,3,"SoftProxy","exact",1000,FALSE,886,273,0.000233765679115254,0.000994588377209152,TRUE,7.53869822381896e-06,0.460154204677931,0.739648865424151,0.811459027315123,0.0214389675189691,0.0145184105636479,0.0214389675189691,0.0145184105636479,0.0209485874969199,0.00755387949145481,0.0209485874969199,0.00755387949145481
0.05,3,"SoftProxy","exact",3162.27766016838,FALSE,886,273,8.71309018491997e-05,0.000846266598288622,TRUE,2.03859719410625e-05,0.46022314860563,0.739707741754901,0.810959360426382,0.0212407587150331,0.0143163825390051,0.0212407587150331,0.0143163825390051,0.0210799669522113,0.00755387949145481,0.0210799669522113,0.00755387949145481
0.05,3,"SoftProxy","exact",10000,FALSE,886,273,2.91134392855626e-05,0.000787672191054956,TRUE,2.04937749122326e-05,0.460254067340868,0.739724149912651,0.810626249167222,0.0211651610943699,0.0142389127482901,0.0211651610943699,0.0142389127482901,0.0212244495658857,0.00776019996858823,0.0212244495658857,0.00776019996858823
0.05,3,"IPW","exact",0,FALSE,886,273,0.00025433016897921,0.00861278203856821,TRUE,1.05052121372752e-13,0.459985191766892,0.739071040888486,0.810293137908061,0.02254500432315,0.0156520704595693,0.02254500432315,0.0156520704595693,0.0208172080416283,0.00671526788917332,0.0208172080416283,0.00671526788917332
0.05,3,"IPW","exact",0.001,FALSE,886,273,0.000254329952654422,0.00861278187229652,TRUE,7.41520813237466e-09,0.459985191699588,0.739071040888486,0.810293137908061,0.0225450045389067,0.0156520706541402,0.0225450045389067,0.0156520706541402,0.0208172080416283,0.00671526788917332,0.0208172080416283,0.00671526788917332
0.05,3,"IPW","exact",0.00316227766016838,FALSE,886,273,0.000254329395302659,0.00861278150410636,TRUE,2.20157218027514e-08,0.459985191532935,0.739071040888486,0.810293137908061,0.0225450049960764,0.0156520710927558,0.0225450049960764,0.0156520710927558,0.0208172080416283,0.00671526788917332,0.0208172080416283,0.00671526788917332
0.05,3,"IPW","exact",0.01,FALSE,886,273,0.000254327614305831,0.00861278030888653,TRUE,6.90835021001888e-08,0.459985191012551,0.739070880024194,0.810293137908061,0.0225450065323711,0.0156520725447813,0.0225450065323711,0.0156520725447813,0.0208172080416283,0.00671526788917332,0.0208172080416283,0.00671526788917332
0.05,3,"IPW","exact",0.0316227766016838,FALSE,886,273,0.000254322005180055,0.00861277655063386,TRUE,2.17825659556736e-07,0.459985189377105,0.739070719159902,0.810293137908061,0.0225450113679186,0.0156520771163643,0.0225450113679186,0.0156520771163643,0.0208172080416283,0.00671526788917332,0.0208172080416283,0.00671526788917332
0.05,3,"IPW","exact",0.1,FALSE,886,273,0.000254304274529384,0.00861276466672755,TRUE,6.88291732774191e-07,0.459985184209628,0.739070880024194,0.810293137908061,0.0225450266659373,0.0156520915757323,0.0225450266659373,0.0156520915757323,0.0208172080416283,0.00671526788917332,0.0208172080416283,0.00671526788917332
0.05,3,"IPW","exact",0.316227766016838,FALSE,886,273,0.000254248219259916,0.00861272709438075,TRUE,2.17564165091706e-06,0.459985167874994,0.739070558295611,0.810293137908061,0.0225450750328722,0.0156521372904683,0.0225450750328722,0.0156521372904683,0.0208172080416283,0.00671526788917332,0.0208172080416283,0.00671526788917332
0.05,3,"IPW","exact",1,FALSE,886,273,0.000254071009041972,0.00861260831529268,TRUE,6.87474017918624e-06,0.459985116255855,0.739070719159902,0.810293137908061,0.0225452279362589,0.0156522818100957,0.0225452279362589,0.0156522818100957,0.0208172080416283,0.00671526788917332,0.0208172080416283,0.00671526788917332
0.05,3,"IPW","exact",3.16227766016838,FALSE,886,273,0.000250442450101995,0.00861169563832307,TRUE,1.32038287465606e-05,0.459984899870535,0.739071362617069,0.810293137908061,0.0225478852448401,0.0156550549534478,0.0225478852448401,0.0156550549534478,0.0208172080416283,0.00671526788917332,0.0208172080416283,0.00671526788917332
0.05,3,"IPW","exact",10,FALSE,886,273,0.000241216033775125,0.00860917932501866,TRUE,1.35465001725077e-05,0.459985415230949,0.739058010880861,0.810293137908061,0.0225571071300052,0.0156638011402195,0.0225571071300052,0.0156638011402195,0.0208172080416283,0.00671526788917332,0.0208172080416283,0.00671526788917332
0.05,3,"IPW","exact",31.6227766016838,FALSE,886,273,0.000214688595075114,0.00859596405641185,TRUE,9.2308536748894e-06,0.459986399933962,0.739030985679861,0.810293137908061,0.0225761612015764,0.0156809416015925,0.0225761612015764,0.0156809416015925,0.0208172080416283,0.00671526788917332,0.0208172080416283,0.00671526788917332
0.05,3,"IPW","exact",100,FALSE,886,273,0.000160406151046607,0.00857204654889275,TRUE,1.25335939881756e-05,0.459988750988587,0.738968248606111,0.810293137908061,0.0226191740521947,0.0157209022677091,0.0226191740521947,0.0157209022677091,0.0206727254279541,0.00706357858231177,0.0206727254279541,0.00706357858231177
0.05,3,"IPW","exact",316.227766016838,TRUE,886,273,8.82589452552964e-05,0.00853629378802842,TRUE,1.16400113771183e-05,0.459989772351999,0.738867225830945,0.810459693537642,0.0226799588832377,0.0157771489023285,0.0226799588832377,0.0157771489023285,0.0210930701105938,0.00796652044572188,0.0210930701105938,0.00796652044572188
0.05,3,"IPW","exact",1000,FALSE,886,273,3.65670108115424e-05,0.00851387212000109,TRUE,1.06560945671669e-05,0.459996294869423,0.73880497135007,0.810459693537642,0.0227245082620807,0.0158189563269231,0.0227245082620807,0.0158189563269231,0.0216447942485254,0.00831483113886011,0.0216447942485254,0.00831483113886011
0.05,3,"IPW","exact",3162.27766016838,FALSE,886,273,1.28398592717342e-05,0.00850352597179149,TRUE,9.64920864331443e-06,0.459996990282188,0.73877505059182,0.810459693537642,0.0227416236724365,0.0158350213608256,0.0227416236724365,0.0158350213608256,0.0216447942485254,0.00831483113886011,0.0216447942485254,0.00831483113886011
0.05,3,"IPW","exact",10000,FALSE,886,273,4.16452172572746e-06,0.00850126221959564,TRUE,3.31331870524872e-05,0.459997705633069,0.738755586012528,0.810293137908061,0.0227497889149081,0.015843116608192,0.0227497889149081,0.015843116608192,0.0220651389311651,0.00886946230913177,0.0220651389311651,0.00886946230913177
0.05,3,"Augmented","exact",0,FALSE,886,273,0.000736444529947725,0.00565437333292067,TRUE,1.05052121372752e-13,0.459985191766892,0.739071040888486,0.810293137908061,0.02254500432315,0.0156520704595693,0.02254500432315,0.0156520704595693,0.0208172080416283,0.00671526788917332,0.0208172080416283,0.00671526788917332
0.05,3,"Augmented","exact",0.001,FALSE,886,273,0.000736444101541166,0.00565437340188867,TRUE,1.94507314802072e-08,0.459985191870122,0.739071040888486,0.810293137908061,0.0225450039136824,0.0156520700583677,0.0225450039136824,0.0156520700583677,0.0208172080416283,0.00671526788917332,0.0208172080416283,0.00671526788917332
0.05,3,"Augmented","exact",0.00316227766016838,FALSE,886,273,0.000736442911632747,0.00565437357619471,TRUE,5.83218714740848e-08,0.459985192132527,0.739071040888486,0.810293137908061,0.0225450029772618,0.0156520690655509,0.0225450029772618,0.0156520690655509,0.0208172080416283,0.00671526788917332,0.0208172080416283,0.00671526788917332
0.05,3,"Augmented","exact",0.01,FALSE,886,273,0.000736439155530352,0.00565437412457972,TRUE,1.82562994909379e-07,0.459985192959824,0.739070880024194,0.810293137908061,0.0225449998447721,0.0156520658009958,0.0225449998447721,0.0156520658009958,0.0208172080416283,0.00671526788917332,0.0208172080416283,0.00671526788917332
0.05,3,"Augmented","exact",0.0316227766016838,FALSE,886,273,0.000736427322042939,0.00565437584911774,TRUE,5.75548379386443e-07,0.459985195562989,0.739070880024194,0.810293137908061,0.022544989973932,0.0156520555103706,0.022544989973932,0.0156520555103706,0.0208172080416283,0.00671526788917332,0.0208172080416283,0.00671526788917332
0.05,3,"Augmented","exact",0.1,FALSE,886,273,0.000736389925388844,0.00565438129877488,TRUE,1.81851808139534e-06,0.4599852037906,0.739071201752777,0.810293137908061,0.0225449587491265,0.0156520229672886,0.0225449587491265,0.0156520229672886,0.0208172080416283,0.00671526788917332,0.0208172080416283,0.00671526788917332
0.05,3,"Augmented","exact",0.316227766016838,FALSE,886,273,0.000736271696958491,0.00565439852778284,TRUE,5.74839092729797e-06,0.459985229810751,0.739072649531402,0.810293137908061,0.0225448600265977,0.0156519200795578,0.0225448600265977,0.0156519200795578,0.0208172080416283,0.00671526788917332,0.0208172080416283,0.00671526788917332
0.05,3,"Augmented","exact",1,FALSE,886,273,0.000735897910417759,0.00565445299797549,TRUE,1.8166673940911e-05,0.459985312161802,0.739073936445736,0.810293137908061,0.0225445479044876,0.0156515947926336,0.0225445479044876,0.0156515947926336,0.0208172080416283,0.00671526788917332,0.0208172080416283,0.00671526788917332
0.05,3,"Augmented","exact",3.16227766016838,FALSE,886,273,0.000726820658523348,0.00565473936469016,TRUE,1.33427224535031e-05,0.459985903459675,0.739086001267611,0.810459693537642,0.0225335233207468,0.0156399135330894,0.0225335233207468,0.0156399135330894,0.0205413459726628,0.00671526788917332,0.0205413459726628,0.00671526788917332
0.05,3,"Augmented","exact",10,FALSE,886,273,0.000704111088544518,0.00565907113816439,TRUE,1.02680076139366e-05,0.459987600058696,0.739095813989402,0.810459693537642,0.0225153454041293,0.0156212238439921,0.0225153454041293,0.0156212238439921,0.0205413459726628,0.00671526788917332,0.0205413459726628,0.00671526788917332
0.05,3,"Augmented","exact",31.6227766016838,FALSE,886,273,0.000642513407311807,0.00566705501290457,TRUE,1.08099103051261e-05,0.459991479810608,0.739134099690819,0.810293137908061,0.0224610401394727,0.0155645744313828,0.0224610401394727,0.0155645744313828,0.0202654839036974,0.00636695719603508,0.0202654839036974,0.00636695719603508
0.05,3,"Augmented","exact",100,FALSE,886,273,0.000502040499548699,0.00568514017426365,TRUE,1.1771663730252e-05,0.460009217380553,0.739209062450735,0.810126582278481,0.0223312239627625,0.0154286614961294,0.0223312239627625,0.0154286614961294,0.0223672073168962,0.00803085070685039,0.0223672073168962,0.00803085070685039
0.05,3,"Augmented","exact",316.227766016838,TRUE,886,273,0.000297712345756837,0.0057150915162024,TRUE,1.58050591391843e-05,0.460049134949827,0.739328423755152,0.810792804796802,0.022150397323874,0.0152407717633364,0.022150397323874,0.0152407717633364,0.0222227247032218,0.00817284092285531,0.0222227247032218,0.00817284092285531
0.05,3,"Augmented","exact",1000,FALSE,886,273,0.000129468585229405,0.00573634293392319,TRUE,1.24705582756224e-05,0.460097665285961,0.739391160828902,0.811459027315123,0.021995595954737,0.0150797049244936,0.021995595954737,0.0150797049244936,0.0222227247032218,0.00796652044572199,0.0222227247032218,0.00796652044572199
0.05,3,"Augmented","exact",3162.27766016838,FALSE,886,273,4.65529516973962e-05,0.00574864340644334,TRUE,1.40771916007446e-05,0.460125741605657,0.739452610988318,0.811625582944704,0.021923354550382,0.0150054456954268,0.021923354550382,0.0150054456954268,0.0219468626342565,0.00796652044572199,0.0219468626342565,0.00796652044572199
0.05,3,"Augmented","exact",10000,FALSE,886,273,1.53384097850641e-05,0.00575370094366912,TRUE,1.3544082369923e-05,0.46013769763613,0.73947207556761,0.811459027315123,0.021891062233351,0.0149723608861312,0.021891062233351,0.0149723608861312,0.0223672073168963,0.00852115161599365,0.0223672073168963,0.00852115161599365
0.05,3,"AugmentedMisspecified","exact",0,FALSE,886,273,0.000127811515090023,0.00597174400378019,TRUE,1.05052121372752e-13,0.459985191766892,0.739071040888486,0.810293137908061,0.02254500432315,0.0156520704595693,0.02254500432315,0.0156520704595693,0.0208172080416283,0.00671526788917332,0.0208172080416283,0.00671526788917332
0.05,3,"AugmentedMisspecified","exact",0.001,FALSE,886,273,0.000127811449373479,0.00597174401601254,TRUE,3.24549548744356e-09,0.459985191782454,0.739071040888486,0.810293137908061,0.0225450042583768,0.0156520703949119,0.0225450042583768,0.0156520703949119,0.0208172080416283,0.00671526788917332,0.0208172080416283,0.00671526788917332
0.05,3,"AugmentedMisspecified","exact",0.00316227766016838,FALSE,886,273,0.000127811263348336,0.0059717440468712,TRUE,9.76192947960618e-09,0.4599851918217,0.739071040888486,0.810293137908061,0.0225450041023446,0.0156520702282574,0.0225450041023446,0.0156520702282574,0.0208172080416283,0.00671526788917332,0.0208172080416283,0.00671526788917332
0.05,3,"AugmentedMisspecified","exact",0.01,FALSE,886,273,0.000127810677807854,0.00597174414414683,TRUE,3.05515276944954e-08,0.459985191945072,0.739071040888486,0.810293137908061,0.0225450035841599,0.0156520696833998,0.0225450035841599,0.0156520696833998,0.0208172080416283,0.00671526788917332,0.0208172080416283,0.00671526788917332
0.05,3,"AugmentedMisspecified","exact",0.0316227766016838,FALSE,886,273,0.000127808832812839,0.00597174445019562,TRUE,9.63216823350592e-08,0.459985192333203,0.739071040888486,0.810293137908061,0.0225450019507839,0.0156520679655339,0.0225450019507839,0.0156520679655339,0.0208172080416283,0.00671526788917332,0.0208172080416283,0.00671526788917332
0.05,3,"AugmentedMisspecified","exact",0.1,FALSE,886,273,0.000127803002440349,0.00597174541745908,TRUE,3.04342953650515e-07,0.459985193559811,0.739070719159902,0.810293137908061,0.0225449967847412,0.0156520625336901,0.0225449967847412,0.0156520625336901,0.0208172080416283,0.00671526788917332,0.0208172080416283,0.00671526788917332
0.05,3,"AugmentedMisspecified","exact",0.316227766016838,FALSE,886,273,0.000127784569827992,0.00597174847555771,TRUE,9.62054010709587e-07,0.459985197437965,0.739071040888486,0.810293137908061,0.0225449804517741,0.0156520453607035,0.0225449804517741,0.0156520453607035,0.0208172080416283,0.00671526788917332,0.0208172080416283,0.00671526788917332
0.05,3,"AugmentedMisspecified","exact",1,FALSE,886,273,0.000127726292961725,0.00597175814417011,TRUE,3.04053765422196e-06,0.459985209701291,0.739071523481361,0.810293137908061,0.0225449288131858,0.0156519910665028,0.0225449288131858,0.0156519910665028,0.0208172080416283,0.00671526788917332,0.0208172080416283,0.00671526788917332
0.05,3,"AugmentedMisspecified","exact",3.16227766016838,FALSE,886,273,0.000127542099691562,0.00597178870214945,TRUE,9.59921556076665e-06,0.459985248481001,0.739072810395694,0.810293137908061,0.0225447656061191,0.0156518194642458,0.0225447656061191,0.0156518194642458,0.0208172080416283,0.00671526788917332,0.0208172080416283,0.00671526788917332
0.05,3,"AugmentedMisspecified","exact",10,FALSE,886,273,0.000123667586656227,0.00597213281101665,TRUE,1.34563411336874e-05,0.459985655481255,0.739075705952944,0.810293137908061,0.0225410954472869,0.0156476889973078,0.0225410954472869,0.0156476889973078,0.0208172080416283,0.00671526788917332,0.0208172080416283,0.00671526788917332
0.05,3,"AugmentedMisspecified","exact",31.6227766016838,FALSE,886,273,0.000112391674597392,0.00597436096512165,TRUE,9.91529103010931e-06,0.459985422116174,0.73908986201061,0.810293137908061,0.0225286752361527,0.0156357790857383,0.0225286752361527,0.0156357790857383,0.0208172080416283,0.00671526788917332,0.0208172080416283,0.00671526788917332
0.05,3,"AugmentedMisspecified","exact",100,FALSE,886,273,8.91131176212062e-05,0.00597886187779923,TRUE,9.44055378811861e-06,0.459986511097238,0.739100639918152,0.810459693537642,0.0225059733571695,0.0156127525185555,0.0225059733571695,0.0156127525185555,0.0205413459726628,0.00671526788917332,0.0205413459726628,0.00671526788917332
0.05,3,"AugmentedMisspecified","exact",316.227766016838,TRUE,886,273,5.37562820231877e-05,0.00598525810375983,TRUE,1.11479434186173e-05,0.459987868362122,0.739125734747652,0.810293137908061,0.022471652024988,0.0155780454351541,0.022471652024988,0.0155780454351541,0.0202654839036974,0.00636695719603508,0.0202654839036974,0.00636695719603508
0.05,3,"AugmentedMisspecified","exact",1000,FALSE,886,273,2.37153045829768e-05,0.00598935431010528,TRUE,1.10734431987595e-05,0.459991302782723,0.739138282162402,0.810126582278481,0.0224406999055319,0.0155464493375116,0.0224406999055319,0.0155464493375116,0.0206858285863372,0.00692158836630696,0.0206858285863372,0.00692158836630696
0.05,3,"AugmentedMisspecified","exact",3162.27766016838,FALSE,886,273,8.5389408935649e-06,0.00599300044793612,TRUE,9.74101563763514e-06,0.459991876832085,0.739146968834152,0.810459693537642,0.0224242748400932,0.0155302493167404,0.0224242748400932,0.0155302493167404,0.0206858285863372,0.0072698990594452,0.0206858285863372,0.0072698990594452
0.05,3,"AugmentedMisspecified","exact",10000,FALSE,886,273,2.82429235458068e-06,0.0059932428585742,TRUE,7.83015355000408e-06,0.459991758702678,0.739149060069944,0.810293137908061,0.0224193802697211,0.0155250956716214,0.0224193802697211,0.0155250956716214,0.0211061732689769,0.00782453022971685,0.0211061732689769,0.00782453022971685
0.1,1,"Unconstrained","exact",0,TRUE,1786,623,0.00694335136749851,0.00684150887336591,TRUE,1.08513695273046e-13,0.459985191766891,0.739071040888486,0.810293137908061,0.0225450043231494,0.0156520704595688,0.0225450043231494,0.0156520704595688,0.0208172080416283,0.00671526788917332,0.0208172080416283,0.00671526788917332
0.1,1,"Oracle","exact",0,FALSE,1786,623,0.00529178061490764,0.00629127250049168,TRUE,1.05052121372752e-13,0.459985191766892,0.739071040888486,0.810293137908061,0.02254500432315,0.0156520704595693,0.02254500432315,0.0156520704595693,0.0208172080416283,0.00671526788917332,0.0208172080416283,0.00671526788917332
0.1,1,"Oracle","exact",0.001,FALSE,1786,623,0.00529177820905107,0.00629127012120198,TRUE,1.11021923359621e-07,0.459985190194421,0.739071040888486,0.810293137908061,0.0225449954653917,0.0156520629158549,0.0225449954653917,0.0156520629158549,0.0208172080416283,0.00671526788917332,0.0208172080416283,0.00671526788917332
0.1,1,"Oracle","exact",0.00316227766016838,FALSE,1786,623,0.00529177173392345,0.00629126391448259,TRUE,3.27015255675397e-07,0.459985185613298,0.739070880024194,0.810293137908061,0.0225449720466989,0.0156520426163859,0.0225449720466989,0.0156520426163859,0.0208172080416283,0.00671526788917332,0.0208172080416283,0.00671526788917332
0.1,1,"Oracle","exact",0.01,FALSE,1786,623,0.00529175136616696,0.00629124429197505,TRUE,1.02198254684685e-06,0.459985171551179,0.739071040888486,0.810293137908061,0.0225448981889969,0.0156519786441922,0.0225448981889969,0.0156519786441922,0.0208172080416283,0.00671526788917332,0.0208172080416283,0.00671526788917332
0.1,1,"Oracle","exact",0.0316227766016838,FALSE,1786,623,0.00529168722448246,0.00629118250464328,TRUE,3.22121257043506e-06,0.459985127257558,0.739072166938527,0.810293137908061,0.022544665617006,0.0156517771643727,0.022544665617006,0.0156517771643727,0.0208172080416283,0.00671526788917332,0.0208172080416283,0.00671526788917332
0.1,1,"Oracle","exact",0.1,FALSE,1786,623,0.00529148451496665,0.00629098721315148,TRUE,1.01779949552156e-05,0.459984987357526,0.739073936445736,0.810293137908061,0.0225439305655029,0.0156511404026737,0.0225439305655029,0.0156511404026737,0.0208172080416283,0.00671526788917332,0.0208172080416283,0.00671526788917332
0.1,1,"Oracle","exact",0.316227766016838,FALSE,1786,623,0.0052877286987205,0.00628757386933509,TRUE,7.04374605439898e-06,0.459982676334325,0.739073132124277,0.810293137908061,0.0225308674490009,0.0156386715863113,0.0225308674490009,0.0156386715863113,0.0208172080416283,0.00671526788917332,0.0208172080416283,0.00671526788917332
0.1,1,"Oracle","exact",1,FALSE,1786,623,0.00527881433635366,0.00627927942073684,TRUE,1.00980212214249e-05,0.459976750441284,0.739083266574652,0.810293137908061,0.0224996613374855,0.0156091517207169,0.0224996613374855,0.0156091517207169,0.0208172080416283,0.00671526788917332,0.0208172080416283,0.00671526788917332
0.1,1,"Oracle","exact",3.16227766016838,FALSE,1786,623,0.0052503730703072,0.00625317992796339,TRUE,1.07983673725647e-05,0.459956840475952,0.739106591896944,0.810459693537642,0.0224021867558235,0.0155171336742858,0.0224021867558235,0.0155171336742858,0.0210930701105938,0.00706357858231177,0.0210930701105938,0.00706357858231177
0.1,1,"Oracle","exact",10,FALSE,1786,623,0.00516290222934436,0.00617284288570082,TRUE,1.35711523260974e-05,0.459901923811195,0.739135708333736,0.810126582278481,0.0220998360246384,0.0152315388936607,0.0220998360246384,0.0152315388936607,0.0203968633589886,0.00581232602576331,0.0203968633589886,0.00581232602576331
0.1,1,"Oracle","exact",31.6227766016838,FALSE,1786,623,0.00490507377328343,0.00593539670106781,TRUE,1.2874457926251e-05,0.459775129966012,0.739278394960443,0.810626249167222,0.0212068762215351,0.0143924036090841,0.0212068762215351,0.0143924036090841,0.0191358293110695,0.00505137437835812,0.0191358293110695,0.00505137437835812
0.1,1,"Oracle","exact",100,FALSE,1786,623,0.00423818823092835,0.00531500310935873,TRUE,1.30170796508488e-05,0.459694378897102,0.739465158403068,0.80929380413058,0.0188965026603667,0.0122224372460267,0.0188965026603667,0.0122224372460267,0.0166137612152311,0.00560600554862978,0.0166137612152311,0.00560600554862978
0.1,1,"Oracle","exact",316.227766016838,FALSE,1786,623,0.00296861159733483,0.00412257407593279,TRUE,9.78614051228416e-06,0.460515173956145,0.738873821266903,0.807628247834777,0.0144915803037272,0.00811319452010117,0.0144915803037272,0.00811319452010117,0.0145910046237915,0.0051290343332342,0.0145910046237915,0.0051290343332342
0.1,1,"Oracle","exact",1000,TRUE,1786,623,0.0015244494976099,0.00274413819293694,TRUE,1.2719592279585e-05,0.463023210000175,0.736152319180493,0.801798800799467,0.00947083663580917,0.00346286875802315,0.00947083663580917,0.00346286875802315,0.0106896261831253,0.00101363627670348,0.0106896261831253,0.00101363627670348
0.1,1,"Oracle","exact",3162.27766016838,FALSE,1786,623,0.000599471380623759,0.00184861217495315,TRUE,1.63582006081514e-05,0.465509880555462,0.732973640777168,0.796635576282478,0.00624511222118151,0.000487191790973118,0.00624511222118151,0.000487191790973118,0.00525135162557455,-0.00205682970041221,0.00525135162557455,0.00205682970041221
0.1,1,"Oracle","exact",10000,FALSE,1786,623,0.000205290515412797,0.00146299919379623,TRUE,2.82394971673876e-05,0.466777514921169,0.731273305214255,0.794636908727515,0.00486644519774648,-0.000783380595229533,0.00486644519774648,0.000783380595229533,0.00484411010131736,-0.0030374315186984,0.00484411010131736,0.0030374315186984
0.1,1,"SoftProxy","exact",0,FALSE,1786,623,0.00694335136749844,0.00684150887336583,TRUE,1.05052121372752e-13,0.459985191766892,0.739071040888486,0.810293137908061,0.02254500432315,0.0156520704595693,0.02254500432315,0.0156520704595693,0.0208172080416283,0.00671526788917332,0.0208172080416283,0.00671526788917332
0.1,1,"SoftProxy","exact",0.001,FALSE,1786,623,0.0069433474433837,0.00684150487272159,TRUE,1.70317340622898e-07,0.459985188407633,0.739070880024194,0.810293137908061,0.022544996352268,0.015652063632301,0.022544996352268,0.015652063632301,0.0208172080416283,0.00671526788917332,0.0208172080416283,0.00671526788917332
0.1,1,"SoftProxy","exact",0.00316227766016838,FALSE,1786,623,0.00694333630359281,0.00684149350580069,TRUE,5.03972138118461e-07,0.459985179025169,0.739070880024194,0.810293137908061,0.0225449720619565,0.0156520427996563,0.0225449720619565,0.0156520427996563,0.0208172080416283,0.00671526788917332,0.0208172080416283,0.00671526788917332
0.1,1,"SoftProxy","exact",0.01,FALSE,1786,623,0.00694330164238618,0.00684145813904869,TRUE,1.57143630136307e-06,0.459985149905609,0.739071362617069,0.810293137908061,0.0225448975109972,0.015651978706069,0.0225448975109972,0.015651978706069,0.0208172080416283,0.00671526788917332,0.0208172080416283,0.00671526788917332
0.1,1,"SoftProxy","exact",0.0316227766016838,FALSE,1786,623,0.00694319247043474,0.00684134674493274,TRUE,4.95238097830119e-06,0.459985058203869,0.739071362617069,0.810293137908061,0.0225446625891641,0.0156517767173623,0.0225446625891641,0.0156517767173623,0.0208172080416283,0.00671526788917332,0.0208172080416283,0.00671526788917332
0.1,1,"SoftProxy","exact",0.1,FALSE,1786,623,0.00694284752005918,0.00684099477455259,TRUE,1.56469663559804e-05,0.459984768520289,0.739071040888486,0.810293137908061,0.0225439204423331,0.0156511385963465,0.0225439204423331,0.0156511385963465,0.0208172080416283,0.00671526788917332,0.0208172080416283,0.00671526788917332
0.1,1,"SoftProxy","exact",0.316227766016838,FALSE,1786,623,0.00693631129422887,0.00683430954563899,TRUE,1.09583065835551e-05,0.459980004951994,0.739079084103069,0.810293137908061,0.0225284362065062,0.0156369461826823,0.0225284362065062,0.0156369461826823,0.0208172080416283,0.00671526788917332,0.0208172080416283,0.00671526788917332
0.1,1,"SoftProxy","exact",1,FALSE,1786,623,0.00692040762330262,0.00681811703031697,TRUE,1.19110928325857e-05,0.459967741330738,0.739094044482194,0.810293137908061,0.0224899451382048,0.0156017094257648,0.0224899451382048,0.0156017094257648,0.0208172080416283,0.00671526788917332,0.0208172080416283,0.00671526788917332
0.1,1,"SoftProxy","exact",3.16227766016838,FALSE,1786,623,0.00687060860496332,0.00676749549821854,TRUE,1.03303402125157e-05,0.459930906835609,0.739135064876569,0.810293137908061,0.0223769507851378,0.0154987547631527,0.0223769507851378,0.0154987547631527,0.0215134147932335,0.00761820975258365,0.0215134147932335,0.00761820975258365
0.1,1,"SoftProxy","exact",10,FALSE,1786,623,0.00671849524692877,0.00661263805027591,TRUE,1.09071634621408e-05,0.45982741371681,0.73922112727261,0.810293137908061,0.0220240566756369,0.0151773262756307,0.0220240566756369,0.0151773262756307,0.0213689321795597,0.00706357858231177,0.0213689321795597,0.00706357858231177
0.1,1,"SoftProxy","exact",31.6227766016838,FALSE,1786,623,0.00627743624653002,0.00616352464531671,TRUE,8.81222507151602e-06,0.459601456642728,0.73945566740986,0.810959360426382,0.021004817167576,0.014250849287671,0.021004817167576,0.014250849287671,0.0193985882216523,0.00644461715091138,0.0193985882216523,0.00644461715091138
0.1,1,"SoftProxy","exact",100,FALSE,1786,623,0.00519443398529229,0.00505946004913399,TRUE,8.93192235553455e-06,0.459533646148828,0.73954446449886,0.811292471685543,0.0184930798881301,0.0119794036932374,0.0184930798881301,0.0119794036932374,0.0168503138090477,0.00687058779892558,0.0168503138090477,0.00687058779892558
0.1,1,"SoftProxy","exact",316.227766016838,TRUE,1786,623,0.00335221589334834,0.00317587915420301,TRUE,1.39812789216782e-05,0.460991753951401,0.737979737533822,0.806129247168554,0.0142128635384571,0.00814304816917544,0.0142128635384571,0.00814304816917544,0.0135665231696888,0.00506470407210546,0.0135665231696888,0.00506470407210546
0.1,1,"SoftProxy","exact",1000,FALSE,1786,623,0.00157548115236086,0.0013515203874225,TRUE,1.23171241204974e-05,0.46427025553954,0.734037436337957,0.801465689540307,0.0100538698713352,0.00444587682332143,0.0100538698713352,0.00444587682332143,0.0116882491919237,0.00381345151555723,0.0116882491919237,0.00381345151555723
0.1,1,"SoftProxy","exact",3162.27766016838,FALSE,1786,623,0.000588321278462161,0.000334723832636554,TRUE,1.86970598536834e-05,0.466882456631912,0.730546681208799,0.798967355096602,0.00771949743434708,0.00237678124585161,0.00771949743434708,0.00237678124585161,0.00860135379977078,0.00367146129955243,0.00860135379977078,0.00367146129955243
0.1,1,"SoftProxy","exact",10000,FALSE,1786,623,0.000197262193389748,6.85841845482129e-05,TRUE,9.74065594370868e-06,0.468072846994663,0.728915195562719,0.797301798800799,0.00678878883972323,0.00155193310785429,0.00678878883972323,0.00155193310785429,0.00747169920714275,0.00297483991327585,0.00747169920714275,0.00297483991327585
0.1,1,"IPW","exact",0,FALSE,1786,623,0.00541384807804403,0.00593099237573393,TRUE,1.05052121372752e-13,0.459985191766892,0.739071040888486,0.810293137908061,0.02254500432315,0.0156520704595693,0.02254500432315,0.0156520704595693,0.0208172080416283,0.00671526788917332,0.0208172080416283,0.00671526788917332
0.1,1,"IPW","exact",0.001,FALSE,1786,623,0.005413845031824,0.00593099178870088,TRUE,1.51240333220213e-07,0.459985189282963,0.739070880024194,0.810293137908061,0.0225449983739062,0.0156520649273034,0.0225449983739062,0.0156520649273034,0.0208172080416283,0.00671526788917332,0.0208172080416283,0.00671526788917332
0.1,1,"IPW","exact",0.00316227766016838,FALSE,1786,623,0.00541383599871902,0.00593099028352312,TRUE,4.56951808309596e-07,0.459985182089109,0.739070880024194,0.810293137908061,0.0225449797970709,0.0156520477276296,0.0225449797970709,0.0156520477276296,0.0208172080416283,0.00671526788917332,0.0208172080416283,0.00671526788917332
0.1,1,"IPW","exact",0.01,FALSE,1786,623,0.00541380776740301,0.00593098542535335,TRUE,1.42857923056148e-06,0.459985159673892,0.739071201752777,0.810293137908061,0.0225449223986373,0.0156519944638431,0.0225449223986373,0.0156519944638431,0.0208172080416283,0.00671526788917332,0.0208172080416283,0.00671526788917332
0.1,1,"IPW","exact",0.0316227766016838,FALSE,1786,623,0.00541371879490977,0.00593097009946116,TRUE,4.50371650925211e-06,0.459985089062659,0.739071523481361,0.810293137908061,0.0225447414603216,0.0156518265533769,0.0225447414603216,0.0156518265533769,0.0208172080416283,0.00671526788917332,0.0208172080416283,0.00671526788917332
0.1,1,"IPW","exact",0.1,FALSE,1786,623,0.00541343767504543,0.00593092163018161,TRUE,1.42296468709725e-05,0.459984865994079,0.739070880024194,0.810293137908061,0.0225441698531051,0.0156512960876404,0.0225441698531051,0.0156512960876404,0.0208172080416283,0.00671526788917332,0.0208172080416283,0.00671526788917332
0.1,1,"IPW","exact",0.316227766016838,FALSE,1786,623,0.00540592667744294,0.00592923454067847,TRUE,9.10622788377215e-06,0.459980054058782,0.739080692745986,0.810293137908061,0.0225287387885789,0.0156365586478738,0.0225287387885789,0.0156365586478738,0.0208172080416283,0.00671526788917332,0.0208172080416283,0.00671526788917332
0.1,1,"IPW","exact",1,FALSE,1786,623,0.00538746356042495,0.00592500210339066,TRUE,1.15710591101414e-05,0.459969315110838,0.739104500661152,0.810293137908061,0.022494060754495,0.0156038147145017,0.022494060754495,0.0156038147145017,0.0208172080416283,0.00671526788917332,0.0208172080416283,0.00671526788917332
0.1,1,"IPW","exact",3.16227766016838,FALSE,1786,623,0.00533060602428943,0.00591405702725927,TRUE,9.64702344434629e-06,0.459936783066987,0.739152116491485,0.810626249167222,0.0223842847092474,0.0155014491432949,0.0223842847092474,0.0155014491432949,0.0213689321795596,0.00741188927545,0.0213689321795596,0.00741188927545
0.1,1,"IPW","exact",10,FALSE,1786,623,0.00515891109149834,0.00587752570686238,TRUE,1.21877269344931e-05,0.459843114305445,0.739303328925652,0.810459693537642,0.0220496153699959,0.0151891247667791,0.0220496153699959,0.0151891247667791,0.0203968633589886,0.00616063671890166,0.0203968633589886,0.00616063671890166
0.1,1,"IPW","exact",31.6227766016838,FALSE,1786,623,0.00468148548915359,0.00578792355364682,TRUE,1.15611543118998e-05,0.459643224339559,0.739657069503026,0.810626249167222,0.0211289789164882,0.0143310616250111,0.0211289789164882,0.0143310616250111,0.0192803119247436,0.00560600554862989,0.0192803119247436,0.00560600554862989
0.1,1,"IPW","exact",100,FALSE,1786,623,0.00362324353463417,0.00558210155720869,TRUE,1.21603717026987e-05,0.459532184064892,0.740236341817316,0.80946035976016,0.0190658750371956,0.0124156596237556,0.0190658750371956,0.0124156596237556,0.0166268643736144,0.00671526788917343,0.0166268643736144,0.00671526788917343
0.1,1,"IPW","exact",316.227766016838,TRUE,1786,623,0.00211469988469498,0.00530888519407064,TRUE,9.93501487311605e-06,0.460155201694504,0.740227976874149,0.808461025982678,0.0160976783593045,0.00967780766329229,0.0160976783593045,0.00967780766329229,0.0120423823397252,0.00407077256007193,0.0120423823397252,0.00407077256007193
0.1,1,"IPW","exact",1000,FALSE,1786,623,0.000913782301778538,0.00510426420926433,TRUE,1.07837768746674e-05,0.461316766361757,0.739204236521985,0.806795469686875,0.0137087480984928,0.00748581614280097,0.0137087480984928,0.00748581614280097,0.0106237625197487,0.00316783069666182,0.0106237625197487,0.00316783069666182
0.1,1,"IPW","exact",3162.27766016838,FALSE,1786,623,0.00032695180299088,0.00500715153378477,TRUE,1.69570229758221e-05,0.462101177549901,0.738424205571696,0.803964023984011,0.0125335529120489,0.00641002474379271,0.0125335529120489,0.00641002474379271,0.00794410865185347,0.00337415117379525,0.00794410865185347,0.00337415117379525
0.1,1,"IPW","exact",10000,FALSE,1786,623,0.00010790578232094,0.00497293401044767,TRUE,2.33139755384213e-05,0.462431622641224,0.738147679854321,0.80329780146569,0.0120928624058408,0.00600726790091222,0.0120928624058408,0.00600726790091222,0.00640721253496779,0.00212289861724702,0.00640721253496779,0.00212289861724702
0.1,1,"Augmented","exact",0,FALSE,1786,623,0.00683110624831199,0.00323668872128139,TRUE,1.05052121372752e-13,0.459985191766892,0.739071040888486,0.810293137908061,0.02254500432315,0.0156520704595693,0.02254500432315,0.0156520704595693,0.0208172080416283,0.00671526788917332,0.0208172080416283,0.00671526788917332
0.1,1,"Augmented","exact",0.001,FALSE,1786,623,0.00683110156573384,0.00323668660795098,TRUE,1.87726224029579e-07,0.459985188242554,0.739070880024194,0.810293137908061,0.0225449966861651,0.0156520636892652,0.0225449966861651,0.0156520636892652,0.0208172080416283,0.00671526788917332,0.0208172080416283,0.00671526788917332
0.1,1,"Augmented","exact",0.00316227766016838,FALSE,1786,623,0.0068310883634393,0.00323668134287361,TRUE,5.5760282423826e-07,0.459985178367871,0.739070880024194,0.810293137908061,0.0225449723620376,0.0156520422512706,0.0225449723620376,0.0156520422512706,0.0208172080416283,0.00671526788917332,0.0208172080416283,0.00671526788917332
0.1,1,"Augmented","exact",0.01,FALSE,1786,623,0.00683104711198293,0.00323666443994726,TRUE,1.74074589248335e-06,0.459985147642926,0.739071201752777,0.810293137908061,0.0225448980548115,0.0156519765397042,0.0225448980548115,0.0156519765397042,0.0208172080416283,0.00671526788917332,0.0208172080416283,0.00671526788917332
0.1,1,"Augmented","exact",0.0316227766016838,FALSE,1786,623,0.00683091717613964,0.00323661120620497,TRUE,5.48651049376247e-06,0.459985050876866,0.739071362617069,0.810293137908061,0.0225446638322319,0.0156517694011903,0.0225446638322319,0.0156517694011903,0.0208172080416283,0.00671526788917332,0.0208172080416283,0.00671526788917332
0.1,1,"Augmented","exact",0.1,FALSE,1786,623,0.00683050659902193,0.00323644290462985,TRUE,1.73346472959643e-05,0.459984745201038,0.739071040888486,0.810293137908061,0.0225439239729104,0.0156511150687635,0.0225439239729104,0.0156511150687635,0.0208172080416283,0.00671526788917332,0.0208172080416283,0.00671526788917332
0.1,1,"Augmented","exact",0.316227766016838,FALSE,1786,623,0.0068221269881528,0.0032330079093986,TRUE,1.2345191123938e-05,0.459979205157209,0.739082140524611,0.810293137908061,0.0225265050372397,0.0156349972052321,0.0225265050372397,0.0156349972052321,0.0208172080416283,0.00671526788917332,0.0208172080416283,0.00671526788917332
0.1,1,"Augmented","exact",1,FALSE,1786,623,0.00680175418442998,0.00322366345413133,TRUE,1.50372027457776e-05,0.459965266985119,0.739096296582277,0.810293137908061,0.0224836795899718,0.0155954785488259,0.0224836795899718,0.0155954785488259,0.0208172080416283,0.00671526788917332,0.0208172080416283,0.00671526788917332
0.1,1,"Augmented","exact",3.16227766016838,FALSE,1786,623,0.00673764346058904,0.0031954498280831,TRUE,1.10404391710034e-05,0.459922920076933,0.73914970352711,0.810459693537642,0.022361695785731,0.0154839641124167,0.022361695785731,0.0154839641124167,0.0217892768621993,0.00796652044572188,0.0217892768621993,0.00796652044572188
0.1,1,"Augmented","exact",10,FALSE,1786,623,0.00653113077535998,0.00311000166682871,TRUE,1.56618388084052e-05,0.459801573796942,0.739243648273444,0.810293137908061,0.0219827817578165,0.0151374945936233,0.0219827817578165,0.0151374945936233,0.0213689321795597,0.00706357858231177,0.0213689321795597,0.00706357858231177
0.1,1,"Augmented","exact",31.6227766016838,FALSE,1786,623,0.0059672632989847,0.00287521576744467,TRUE,1.17976182641331e-05,0.459556190561101,0.739513256826276,0.811292471685543,0.0209126929693306,0.0141579474106368,0.0209126929693306,0.0141579474106368,0.0188468640837213,0.00644461715091138,0.0188468640837213,0.00644461715091138
0.1,1,"Augmented","exact",100,FALSE,1786,623,0.00468567715907254,0.00235076726577998,TRUE,1.22738807437333e-05,0.459514159261554,0.739469823467526,0.811792138574284,0.0184455396061313,0.0119096326942592,0.0184455396061313,0.0119096326942592,0.0168896232841962,0.00748954923032619,0.0168896232841962,0.00748954923032619
0.1,1,"Augmented","exact",316.227766016838,TRUE,1786,623,0.00277377779784656,0.00159566196904352,TRUE,1.32764989682995e-05,0.46079619978961,0.737900109709447,0.808794137241839,0.0147387651143597,0.00854847691685223,0.0147387651143597,0.00854847691685223,0.0129227290516156,0.00527102454923911,0.0129227290516156,0.00527102454923911
0.1,1,"Augmented","exact",1000,FALSE,1786,623,0.00120463172764506,0.000994384656164183,TRUE,1.03672715910854e-05,0.463039499908921,0.735117800920787,0.806129247168554,0.0116886894854521,0.00579245588254329,0.0116886894854521,0.00579245588254329,0.00982273050107996,0.00492271385610099,0.00982273050107996,0.00492271385610099
0.1,1,"Augmented","exact",3162.27766016838,FALSE,1786,623,0.000431277654826447,0.000700446671911279,TRUE,1.82154812960077e-05,0.4645336245936,0.733190485842334,0.802465023317788,0.0101777875191156,0.00442693752232703,0.0101777875191156,0.00442693752232703,0.0110706613906162,0.00505137437835823,0.0110706613906162,0.00505137437835823
0.1,1,"Augmented","exact",10000,FALSE,1786,623,0.000142339674873349,0.000590671570453056,TRUE,1.08828969853489e-05,0.465160290255547,0.732287232844628,0.801465689540307,0.00960967188960504,0.00391383483379093,0.00960967188960504,0.00391383483379093,0.0114779029148732,0.00650894741203989,0.0114779029148732,0.00650894741203989
0.1,1,"AugmentedMisspecified","exact",0,FALSE,1786,623,0.00691614034548166,0.00282353224463285,TRUE,1.05052121372752e-13,0.459985191766892,0.739071040888486,0.810293137908061,0.02254500432315,0.0156520704595693,0.02254500432315,0.0156520704595693,0.0208172080416283,0.00671526788917332,0.0208172080416283,0.00671526788917332
0.1,1,"AugmentedMisspecified","exact",0.001,FALSE,1786,623,0.0069161355454323,0.0028235301672999,TRUE,1.87063212630761e-07,0.459985188129352,0.739070880024194,0.810293137908061,0.0225449963795941,0.0156520632247362,0.0225449963795941,0.0156520632247362,0.0208172080416283,0.00671526788917332,0.0208172080416283,0.00671526788917332
0.1,1,"AugmentedMisspecified","exact",0.00316227766016838,FALSE,1786,623,0.0069161221598358,0.00282352513283935,TRUE,5.53908806455749e-07,0.459985177963009,0.739070880024194,0.810293137908061,0.0225449709447656,0.01565204025053,0.0225449709447656,0.01565204025053,0.0208172080416283,0.00671526788917332,0.0208172080416283,0.00671526788917332
0.1,1,"AugmentedMisspecified","exact",0.01,FALSE,1786,623,0.0069160803077116,0.00282350889604515,TRUE,1.72920906359875e-06,0.459985146321177,0.739071040888486,0.810293137908061,0.0225448933597325,0.0156519698914246,0.0225448933597325,0.0156519698914246,0.0208172080416283,0.00671526788917332,0.0208172080416283,0.00671526788917332
0.1,1,"AugmentedMisspecified","exact",0.0316227766016838,FALSE,1786,623,0.00691594848898338,0.00282345776996163,TRUE,5.45013396773876e-06,0.459985046666174,0.739071201752777,0.810293137908061,0.0225446488097368,0.0156517481107089,0.0225446488097368,0.0156517481107089,0.0208172080416283,0.00671526788917332,0.0208172080416283,0.00671526788917332
0.1,1,"AugmentedMisspecified","exact",0.1,FALSE,1786,623,0.006915531950301,0.00282329611823748,TRUE,1.72198773194619e-05,0.459984731865759,0.739071040888486,0.810293137908061,0.0225438763498979,0.0156510475407172,0.0225438763498979,0.0156510475407172,0.0208172080416283,0.00671526788917332,0.0208172080416283,0.00671526788917332
0.1,1,"AugmentedMisspecified","exact",0.316227766016838,FALSE,1786,623,0.00690734882927306,0.0028202116392237,TRUE,1.22710208313633e-05,0.459979001716698,0.739079566695944,0.810293137908061,0.0225258425472027,0.0156339398098453,0.0225258425472027,0.0156339398098453,0.0208172080416283,0.00671526788917332,0.0208172080416283,0.00671526788917332
0.1,1,"AugmentedMisspecified","exact",1,FALSE,1786,623,0.00688708201434517,0.00281193389258628,TRUE,1.12671701452975e-05,0.459964200533934,0.739097100903736,0.810293137908061,0.0224840985392087,0.0155944479500164,0.0224840985392087,0.0155944479500164,0.0208172080416283,0.00671526788917332,0.0208172080416283,0.00671526788917332
0.1,1,"AugmentedMisspecified","exact",3.16227766016838,FALSE,1786,623,0.00682444423563551,0.00278665395092,TRUE,1.15400473208169e-05,0.459919705326729,0.73914198204111,0.810626249167222,0.0223581704466358,0.0154759848243399,0.0223581704466358,0.0154759848243399,0.0213689321795596,0.00741188927545,0.0213689321795596,0.00741188927545
0.1,1,"AugmentedMisspecified","exact",10,FALSE,1786,623,0.0066186639491731,0.0027114671261373,TRUE,1.79727089685391e-05,0.459791560444749,0.739241235309069,0.810293137908061,0.0219705293836604,0.0151116259870243,0.0219705293836604,0.0151116259870243,0.0213689321795597,0.00706357858231177,0.0213689321795597,0.00706357858231177
0.1,1,"AugmentedMisspecified","exact",31.6227766016838,FALSE,1786,623,0.00606098279278904,0.00250197412915714,TRUE,8.54685048824734e-06,0.459526840774797,0.73953481264136,0.811292471685543,0.0208751118296391,0.0140812509451272,0.0208751118296391,0.0140812509451272,0.0200947949732574,0.00679292784404961,0.0200947949732574,0.00679292784404961
0.1,1,"AugmentedMisspecified","exact",100,FALSE,1786,623,0.00478993769258929,0.00202403544138797,TRUE,1.14576395867567e-05,0.459444430756624,0.739597710579401,0.811459027315123,0.0183177099082805,0.0116919560703643,0.0183177099082805,0.0116919560703643,0.017152382194779,0.00728322875319254,0.017152382194779,0.00728322875319254
0.1,1,"AugmentedMisspecified","exact",316.227766016838,TRUE,1786,623,0.00287142974781327,0.00129904342021953,TRUE,7.4560146568019e-06,0.460721712104246,0.738161835911988,0.808627581612258,0.0143837682999214,0.00804818946029962,0.0143837682999214,0.00804818946029962,0.0125023843689758,0.00346514082241889,0.0125023843689758,0.00346514082241889
0.1,1,"AugmentedMisspecified","exact",1000,FALSE,1786,623,0.00126233123417381,0.000685441058079122,TRUE,1.38041156703339e-05,0.46308971612932,0.735158499586579,0.804130579613591,0.0110451142396356,0.00498049432058312,0.0110451142396356,0.00498049432058312,0.0114779029148732,0.00387778177668596,0.0114779029148732,0.00387778177668596
0.1,1,"AugmentedMisspecified","exact",3162.27766016838,FALSE,1786,623,0.000454850936648043,0.000368344924182729,TRUE,1.33407868077234e-05,0.464720658845232,0.732954980519334,0.801965356429047,0.00935750780180122,0.00343423259228004,0.00935750780180122,0.00343423259228004,0.0105058340943018,0.00234254878812801,0.0105058340943018,0.00234254878812801
0.1,1,"AugmentedMisspecified","exact",10000,FALSE,1786,623,0.00015042909075986,0.000246131412452214,TRUE,2.95588753181701e-05,0.465414885653757,0.731984807976295,0.801465689540307,0.00871680992045609,0.00284783753674278,0.00871680992045609,0.00284783753674278,0.00994100679798793,0.00234254878812801,0.00994100679798793,0.00234254878812801
0.1,2,"Unconstrained","exact",0,TRUE,1825,623,0.00475734053906727,0.00494029674617714,TRUE,1.08513695273046e-13,0.459985191766891,0.739071040888486,0.810293137908061,0.0225450043231494,0.0156520704595688,0.0225450043231494,0.0156520704595688,0.0208172080416283,0.00671526788917332,0.0208172080416283,0.00671526788917332
0.1,2,"Oracle","exact",0,FALSE,1825,623,0.00529178061490764,0.00629127250049168,TRUE,1.05052121372752e-13,0.459985191766892,0.739071040888486,0.810293137908061,0.02254500432315,0.0156520704595693,0.02254500432315,0.0156520704595693,0.0208172080416283,0.00671526788917332,0.0208172080416283,0.00671526788917332
0.1,2,"Oracle","exact",0.001,FALSE,1825,623,0.00529177820905107,0.00629127012120198,TRUE,1.11021923359621e-07,0.459985190194421,0.739071040888486,0.810293137908061,0.0225449954653917,0.0156520629158549,0.0225449954653917,0.0156520629158549,0.0208172080416283,0.00671526788917332,0.0208172080416283,0.00671526788917332
0.1,2,"Oracle","exact",0.00316227766016838,FALSE,1825,623,0.00529177173392345,0.00629126391448259,TRUE,3.27015255675397e-07,0.459985185613298,0.739070880024194,0.810293137908061,0.0225449720466989,0.0156520426163859,0.0225449720466989,0.0156520426163859,0.0208172080416283,0.00671526788917332,0.0208172080416283,0.00671526788917332
0.1,2,"Oracle","exact",0.01,FALSE,1825,623,0.00529175136616696,0.00629124429197505,TRUE,1.02198254684685e-06,0.459985171551179,0.739071040888486,0.810293137908061,0.0225448981889969,0.0156519786441922,0.0225448981889969,0.0156519786441922,0.0208172080416283,0.00671526788917332,0.0208172080416283,0.00671526788917332
0.1,2,"Oracle","exact",0.0316227766016838,FALSE,1825,623,0.00529168722448246,0.00629118250464328,TRUE,3.22121257043506e-06,0.459985127257558,0.739072166938527,0.810293137908061,0.022544665617006,0.0156517771643727,0.022544665617006,0.0156517771643727,0.0208172080416283,0.00671526788917332,0.0208172080416283,0.00671526788917332
0.1,2,"Oracle","exact",0.1,FALSE,1825,623,0.00529148451496665,0.00629098721315148,TRUE,1.01779949552156e-05,0.459984987357526,0.739073936445736,0.810293137908061,0.0225439305655029,0.0156511404026737,0.0225439305655029,0.0156511404026737,0.0208172080416283,0.00671526788917332,0.0208172080416283,0.00671526788917332
0.1,2,"Oracle","exact",0.316227766016838,FALSE,1825,623,0.0052877286987205,0.00628757386933509,TRUE,7.04374605439898e-06,0.459982676334325,0.739073132124277,0.810293137908061,0.0225308674490009,0.0156386715863113,0.0225308674490009,0.0156386715863113,0.0208172080416283,0.00671526788917332,0.0208172080416283,0.00671526788917332
0.1,2,"Oracle","exact",1,FALSE,1825,623,0.00527881433635366,0.00627927942073684,TRUE,1.00980212214249e-05,0.459976750441284,0.739083266574652,0.810293137908061,0.0224996613374855,0.0156091517207169,0.0224996613374855,0.0156091517207169,0.0208172080416283,0.00671526788917332,0.0208172080416283,0.00671526788917332
0.1,2,"Oracle","exact",3.16227766016838,FALSE,1825,623,0.0052503730703072,0.00625317992796339,TRUE,1.07983673725647e-05,0.459956840475952,0.739106591896944,0.810459693537642,0.0224021867558235,0.0155171336742858,0.0224021867558235,0.0155171336742858,0.0210930701105938,0.00706357858231177,0.0210930701105938,0.00706357858231177
0.1,2,"Oracle","exact",10,FALSE,1825,623,0.00516290222934436,0.00617284288570082,TRUE,1.35711523260974e-05,0.459901923811195,0.739135708333736,0.810126582278481,0.0220998360246384,0.0152315388936607,0.0220998360246384,0.0152315388936607,0.0203968633589886,0.00581232602576331,0.0203968633589886,0.00581232602576331
0.1,2,"Oracle","exact",31.6227766016838,FALSE,1825,623,0.00490507377328343,0.00593539670106781,TRUE,1.2874457926251e-05,0.459775129966012,0.739278394960443,0.810626249167222,0.0212068762215351,0.0143924036090841,0.0212068762215351,0.0143924036090841,0.0191358293110695,0.00505137437835812,0.0191358293110695,0.00505137437835812
0.1,2,"Oracle","exact",100,FALSE,1825,623,0.00423818823092835,0.00531500310935873,TRUE,1.30170796508488e-05,0.459694378897102,0.739465158403068,0.80929380413058,0.0188965026603667,0.0122224372460267,0.0188965026603667,0.0122224372460267,0.0166137612152311,0.00560600554862978,0.0166137612152311,0.00560600554862978
0.1,2,"Oracle","exact",316.227766016838,FALSE,1825,623,0.00296861159733483,0.00412257407593279,TRUE,9.78614051228416e-06,0.460515173956145,0.738873821266903,0.807628247834777,0.0144915803037272,0.00811319452010117,0.0144915803037272,0.00811319452010117,0.0145910046237915,0.0051290343332342,0.0145910046237915,0.0051290343332342
0.1,2,"Oracle","exact",1000,TRUE,1825,623,0.0015244494976099,0.00274413819293694,TRUE,1.2719592279585e-05,0.463023210000175,0.736152319180493,0.801798800799467,0.00947083663580917,0.00346286875802315,0.00947083663580917,0.00346286875802315,0.0106896261831253,0.00101363627670348,0.0106896261831253,0.00101363627670348
0.1,2,"Oracle","exact",3162.27766016838,FALSE,1825,623,0.000599471380623759,0.00184861217495315,TRUE,1.63582006081514e-05,0.465509880555462,0.732973640777168,0.796635576282478,0.00624511222118151,0.000487191790973118,0.00624511222118151,0.000487191790973118,0.00525135162557455,-0.00205682970041221,0.00525135162557455,0.00205682970041221
0.1,2,"Oracle","exact",10000,FALSE,1825,623,0.000205290515412797,0.00146299919379623,TRUE,2.82394971673876e-05,0.466777514921169,0.731273305214255,0.794636908727515,0.00486644519774648,-0.000783380595229533,0.00486644519774648,0.000783380595229533,0.00484411010131736,-0.0030374315186984,0.00484411010131736,0.0030374315186984
0.1,2,"SoftProxy","exact",0,FALSE,1825,623,0.0047573405390674,0.00494029674617727,TRUE,1.05052121372752e-13,0.459985191766892,0.739071040888486,0.810293137908061,0.02254500432315,0.0156520704595693,0.02254500432315,0.0156520704595693,0.0208172080416283,0.00671526788917332,0.0208172080416283,0.00671526788917332
0.1,2,"SoftProxy","exact",0.001,FALSE,1825,623,0.00475733814712115,0.00494029434111839,TRUE,9.90450389499459e-08,0.459985190595082,0.739071040888486,0.810293137908061,0.0225449977376961,0.0156520650181021,0.0225449977376961,0.0156520650181021,0.0208172080416283,0.00671526788917332,0.0208172080416283,0.00671526788917332
0.1,2,"SoftProxy","exact",0.00316227766016838,FALSE,1825,623,0.0047573320472735,0.00494028819403756,TRUE,2.88638009358701e-07,0.459985187119673,0.739070880024194,0.810293137908061,0.0225449814324962,0.0156520512246111,0.0225449814324962,0.0156520512246111,0.0208172080416283,0.00671526788917332,0.0208172080416283,0.00671526788917332
0.1,2,"SoftProxy","exact",0.01,FALSE,1825,623,0.00475731265464895,0.00494026866532859,TRUE,9.03408110787428e-07,0.4599851765225,0.739071040888486,0.810293137908061,0.0225449293744687,0.015652007233853,0.0225449293744687,0.015652007233853,0.0208172080416283,0.00671526788917332,0.0208172080416283,0.00671526788917332
0.1,2,"SoftProxy","exact",0.0316227766016838,FALSE,1825,623,0.00475725160583902,0.00494020718803086,TRUE,2.84717925103309e-06,0.45998514315179,0.739072327802819,0.810293137908061,0.0225447654916887,0.0156518687057177,0.0225447654916887,0.0156518687057177,0.0208172080416283,0.00671526788917332,0.0208172080416283,0.00671526788917332
0.1,2,"SoftProxy","exact",0.1,FALSE,1825,623,0.00475705863990697,0.0049400128698412,TRUE,8.99626811469612e-06,0.459985037778388,0.739072488667111,0.810293137908061,0.0225442474096194,0.0156514307926849,0.0225442474096194,0.0156514307926849,0.0208172080416283,0.00671526788917332,0.0208172080416283,0.00671526788917332
0.1,2,"SoftProxy","exact",0.316227766016838,FALSE,1825,623,0.00475383039479748,0.00493677807733702,TRUE,7.09103590539627e-06,0.459983524031875,0.739068788788402,0.810293137908061,0.0225360988453575,0.0156433764228677,0.0225360988453575,0.0156433764228677,0.0208172080416283,0.00671526788917332,0.0208172080416283,0.00671526788917332
0.1,2,"SoftProxy","exact",1,FALSE,1825,623,0.00474598241089233,0.00492892413333836,TRUE,1.38324259607797e-05,0.459979498895774,0.739085840403319,0.810293137908061,0.0225153097769791,0.0156229711361329,0.0225153097769791,0.0156229711361329,0.0208172080416283,0.00671526788917332,0.0208172080416283,0.00671526788917332
0.1,2,"SoftProxy","exact",3.16227766016838,FALSE,1825,623,0.00472057863592946,0.00490350393614304,TRUE,1.24171749629736e-05,0.459964480454808,0.73911399165436,0.810459693537642,0.0224535061576636,0.0155614356678843,0.0224535061576636,0.0155614356678843,0.0210930701105938,0.00706357858231177,0.0210930701105938,0.00706357858231177
0.1,2,"SoftProxy","exact",10,FALSE,1825,623,0.00464257339166335,0.00482512238566662,TRUE,1.02775284584118e-05,0.45992444530266,0.739200375778985,0.810293137908061,0.0222631975449441,0.0153729300045532,0.0222631975449441,0.0153729300045532,0.0213689321795596,0.00706357858231177,0.0213689321795596,0.00706357858231177
0.1,2,"SoftProxy","exact",31.6227766016838,FALSE,1825,623,0.00441339332535656,0.00459530568175333,TRUE,1.10733839474619e-05,0.45983278785098,0.73942574665161,0.810626249167222,0.0217035938201409,0.014819931037553,0.0217035938201409,0.014819931037553,0.0210799669522113,0.00630262693490646,0.0210799669522113,0.00630262693490646
0.1,2,"SoftProxy","exact",100,FALSE,1825,623,0.00382127428327445,0.00400187510594798,TRUE,1.27966982635098e-05,0.459789246666274,0.7399451774494,0.80929380413058,0.0202561432131572,0.0133987755312158,0.0202561432131572,0.0133987755312158,0.0193985882216523,0.00650894741204,0.0193985882216523,0.00650894741204
0.1,2,"SoftProxy","exact",316.227766016838,FALSE,1825,623,0.00269074138311111,0.00287016160486653,TRUE,1.14755430333876e-05,0.460493276264361,0.739981693643608,0.807461692205197,0.0174987848017883,0.0107242625200344,0.0174987848017883,0.0107242625200344,0.019714107637228,0.0095794133891558,0.019714107637228,0.0095794133891558
0.1,2,"SoftProxy","exact",1000,TRUE,1825,623,0.00139346175652729,0.00157172159228476,TRUE,8.68297448274536e-06,0.462602549689444,0.737809221384655,0.802964690206529,0.014336640774508,0.00769910599681334,0.014336640774508,0.00769910599681334,0.0174416952935894,0.00693491806005431,0.0174416952935894,0.00693491806005431
0.1,2,"SoftProxy","exact",3162.27766016838,FALSE,1825,623,0.000552187764810535,0.000728643567353184,TRUE,1.38869829695695e-05,0.464728899756071,0.735147239086162,0.798634243837442,0.0122727981936407,0.00574228277211908,0.0122727981936407,0.00574228277211908,0.0143941093765856,0.00407077256007193,0.0143941093765856,0.00407077256007193
0.1,2,"SoftProxy","exact",10000,FALSE,1825,623,0.000189851038770554,0.000365037404153711,TRUE,9.63358313710289e-06,0.465829095507368,0.733665196367041,0.797135243171219,0.0113765215616907,0.00489533371574857,0.0113765215616907,0.00489533371574857,0.0145516951486429,0.00489605446860575,0.0145516951486429,0.00489605446860575
0.1,2,"IPW","exact",0,FALSE,1825,623,0.00427576372880879,0.0116644463754532,TRUE,1.05052121372752e-13,0.459985191766892,0.739071040888486,0.810293137908061,0.02254500432315,0.0156520704595693,0.02254500432315,0.0156520704595693,0.0208172080416283,0.00671526788917332,0.0208172080416283,0.00671526788917332
0.1,2,"IPW","exact",0.001,FALSE,1825,623,0.00427576056227916,0.0116644447597896,TRUE,1.25949309124257e-07,0.45998519012754,0.739071040888486,0.810293137908061,0.0225449985849776,0.0156520656114653,0.0225449985849776,0.0156520656114653,0.0208172080416283,0.00671526788917332,0.0208172080416283,0.00671526788917332
0.1,2,"IPW","exact",0.00316227766016838,FALSE,1825,623,0.00427575170266782,0.0116644411771479,TRUE,3.76016979031714e-07,0.459985185266251,0.739070880024194,0.810293137908061,0.0225449838714521,0.0156520528669465,0.0225449838714521,0.0156520528669465,0.0208172080416283,0.00671526788917332,0.0208172080416283,0.00671526788917332
0.1,2,"IPW","exact",0.01,FALSE,1825,623,0.00427572384382078,0.0116644296169321,TRUE,1.17536831495832e-06,0.459985170294444,0.739071201752777,0.810293137908061,0.022544937074144,0.0156520123660977,0.022544937074144,0.0156520123660977,0.0208172080416283,0.00671526788917332,0.0208172080416283,0.00671526788917332
0.1,2,"IPW","exact",0.0316227766016838,FALSE,1825,623,0.00427563608857016,0.0116643932514904,TRUE,3.7046289477922e-06,0.459985123138214,0.739071684345652,0.810293137908061,0.0225447897105798,0.0156518847855492,0.0225447897105798,0.0156518847855492,0.0208172080416283,0.00671526788917332,0.0208172080416283,0.00671526788917332
0.1,2,"IPW","exact",0.1,FALSE,1825,623,0.00427535878046338,0.0116642782488604,TRUE,1.17046010428728e-05,0.459984974202924,0.739073292988569,0.810293137908061,0.0225443238977175,0.0156514815161408,0.0225443238977175,0.0156514815161408,0.0208172080416283,0.00671526788917332,0.0208172080416283,0.00671526788917332
0.1,2,"IPW","exact",0.316227766016838,FALSE,1825,623,0.00426925787860813,0.011663460200556,TRUE,1.03071802731304e-05,0.459982292368226,0.739079566695944,0.810293137908061,0.0225357939343783,0.0156428251977481,0.0225357939343783,0.0156428251977481,0.0208172080416283,0.00671526788917332,0.0208172080416283,0.00671526788917332
0.1,2,"IPW","exact",1,FALSE,1825,623,0.00425214067251067,0.011659958080293,TRUE,8.79100271847207e-06,0.459974380171709,0.739104983254027,0.810293137908061,0.0225147356882786,0.015619795709665,0.0225147356882786,0.015619795709665,0.0208172080416283,0.00671526788917332,0.0208172080416283,0.00671526788917332
0.1,2,"IPW","exact",3.16227766016838,FALSE,1825,623,0.00420119867663157,0.0116496907066583,TRUE,1.07082063313859e-05,0.45995291929956,0.739163859584777,0.810293137908061,0.0224527988367388,0.0155530395673111,0.0224527988367388,0.0155530395673111,0.0215134147932335,0.00761820975258365,0.0215134147932335,0.00761820975258365
0.1,2,"IPW","exact",10,FALSE,1825,623,0.0040471395751252,0.0116162285114592,TRUE,9.46991449962366e-06,0.459892519113164,0.739358666241985,0.809960026648901,0.022260829469325,0.0153479880374283,0.022260829469325,0.0153479880374283,0.0208172080416283,0.0072698990594452,0.0208172080416283,0.0072698990594452
0.1,2,"IPW","exact",31.6227766016838,FALSE,1825,623,0.00361773925887784,0.0115423971898175,TRUE,1.46560737308552e-05,0.45976782080331,0.7398428677599,0.811125916055963,0.0217494036414794,0.0148011148769078,0.0217494036414794,0.0148011148769078,0.0213558290211766,0.00699924832118304,0.0213558290211766,0.00699924832118304
0.1,2,"IPW","exact",100,FALSE,1825,623,0.00267608877555819,0.0113711653796453,TRUE,1.10753408723759e-05,0.459724286813816,0.740663114783107,0.810293137908061,0.0206674463166006,0.0136536462978856,0.0206674463166006,0.0136536462978856,0.0214872084764678,0.00755387949145481,0.0214872084764678,0.00755387949145481
0.1,2,"IPW","exact",316.227766016838,TRUE,1825,623,0.00142713263906196,0.0111614535641658,TRUE,1.06656823440611e-05,0.460124772671707,0.741051762911772,0.810126582278481,0.0193282433429337,0.0122457625597983,0.0193282433429337,0.0122457625597983,0.0208961748633878,0.00874080178687431,0.0208961748633878,0.00874080178687431
0.1,2,"IPW","exact",1000,FALSE,1825,623,0.000566458554926976,0.0110231267080706,TRUE,9.64442153371966e-06,0.46068304184806,0.740976800151856,0.80929380413058,0.0184563741467301,0.0113359552712582,0.0184563741467301,0.0113359552712582,0.0197534171123765,0.00797985013946911,0.0197534171123765,0.00797985013946911
0.1,2,"IPW","exact",3162.27766016838,FALSE,1825,623,0.000194086920517912,0.0109633281968822,TRUE,1.14459186703039e-05,0.460990671454522,0.740825426853398,0.808127914723518,0.0180875762782539,0.0109524331855271,0.0180875762782539,0.0109524331855271,0.0196220376570857,0.00714123853718784,0.0196220376570857,0.00714123853718784
0.1,2,"IPW","exact",10000,FALSE,1825,623,6.30359312955432e-05,0.0109414727298594,TRUE,1.36861230236376e-05,0.46110924880358,0.740787141151981,0.807961359093937,0.0179571911974313,0.010817582199209,0.0179571911974313,0.010817582199209,0.0200423823397258,0.00769586970745961,0.0200423823397258,0.00769586970745961
0.1,2,"Augmented","exact",0,FALSE,1825,623,0.00499534700314158,0.0131049031035001,TRUE,1.05052121372752e-13,0.459985191766892,0.739071040888486,0.810293137908061,0.02254500432315,0.0156520704595693,0.02254500432315,0.0156520704595693,0.0208172080416283,0.00671526788917332,0.0208172080416283,0.00671526788917332
0.1,2,"Augmented","exact",0.001,FALSE,1825,623,0.00499534443981053,0.0131049006691374,TRUE,1.13630957781084e-07,0.459985190435636,0.739070880024194,0.810293137908061,0.0225449971341375,0.0156520643447816,0.0225449971341375,0.0156520643447816,0.0208172080416283,0.00671526788917332,0.0208172080416283,0.00671526788917332
0.1,2,"Augmented","exact",0.00316227766016838,FALSE,1825,623,0.004995337505958,0.0131048947197012,TRUE,3.36187293510094e-07,0.459985186575124,0.739070719159902,0.810293137908061,0.02254497861836,0.0156520482251439,0.02254497861836,0.0156520482251439,0.0208172080416283,0.00671526788917332,0.0208172080416283,0.00671526788917332
0.1,2,"Augmented","exact",0.01,FALSE,1825,623,0.00499531567804387,0.013104875898985,TRUE,1.05126356820143e-06,0.459985174760882,0.739071040888486,0.810293137908061,0.0225449199918716,0.0156519972250866,0.0225449199918716,0.0156519972250866,0.0208172080416283,0.00671526788917332,0.0208172080416283,0.00671526788917332
0.1,2,"Augmented","exact",0.0316227766016838,FALSE,1825,623,0.00499524693076648,0.0131048166654378,TRUE,3.31384582818135e-06,0.45998513754991,0.739072327802819,0.810293137908061,0.0225447353914731,0.0156518365928422,0.0225447353914731,0.0156518365928422,0.0208172080416283,0.00671526788917332,0.0208172080416283,0.00671526788917332
0.1,2,"Augmented","exact",0.1,FALSE,1825,623,0.00499502966548202,0.0131046294115645,TRUE,1.04707093097757e-05,0.45998502002453,0.739073453852861,0.810293137908061,0.022544151894595,0.0156513288737127,0.022544151894595,0.0156513288737127,0.0208172080416283,0.00671526788917332,0.0208172080416283,0.00671526788917332
0.1,2,"Augmented","exact",0.316227766016838,FALSE,1825,623,0.00499070011543022,0.0131026949345717,TRUE,8.38191791934203e-06,0.459983252836375,0.739072649531402,0.810293137908061,0.0225341439750502,0.0156412265971504,0.0225341439750502,0.0156412265971504,0.0208172080416283,0.00671526788917332,0.0208172080416283,0.00671526788917332
0.1,2,"Augmented","exact",1,FALSE,1825,623,0.00497938833216198,0.0130976407092932,TRUE,8.53474439087431e-06,0.459976309802509,0.739094366210777,0.810293137908061,0.0225096277400976,0.0156158842762469,0.0225096277400976,0.0156158842762469,0.0208172080416283,0.00671526788917332,0.0208172080416283,0.00671526788917332
0.1,2,"Augmented","exact",3.16227766016838,FALSE,1825,623,0.00494487709844314,0.0130814012652888,TRUE,1.18668897650331e-05,0.459958237607811,0.73911495684011,0.810459693537642,0.0224348887891583,0.015539083650456,0.0224348887891583,0.015539083650456,0.0210930701105938,0.00706357858231177,0.0210930701105938,0.00706357858231177
0.1,2,"Augmented","exact",10,FALSE,1825,623,0.00483540727708835,0.0130410147898356,TRUE,1.39401048754086e-05,0.459905042852411,0.73920664948636,0.809960026648901,0.0222103625896387,0.0153106638065147,0.0222103625896387,0.0153106638065147,0.0208172080416283,0.00636695719603508,0.0208172080416283,0.00636695719603508
0.1,2,"Augmented","exact",31.6227766016838,FALSE,1825,623,0.00452496130249496,0.0128986937433615,TRUE,1.28693939256865e-05,0.459790568323004,0.739458080374235,0.810959360426382,0.0215563761242943,0.0146422674566165,0.0215563761242943,0.0146422674566165,0.0205282428142802,0.00630262693490646,0.0205282428142802,0.00630262693490646
0.1,2,"Augmented","exact",100,FALSE,1825,623,0.00377707800779773,0.0125423951349793,TRUE,1.10165166601673e-05,0.45975197070221,0.739883727289984,0.809127248500999,0.0199665149918844,0.0130283401597769,0.0199665149918844,0.0130283401597769,0.0184003130843157,0.00609630645777304,0.0184003130843157,0.00609630645777304
0.1,2,"Augmented","exact",316.227766016838,FALSE,1825,623,0.00250712481342989,0.0118412282168612,TRUE,1.49679595423925e-05,0.460499433453988,0.739615566515776,0.807295136575616,0.0172162391911149,0.0102562397666101,0.0172162391911149,0.0102562397666101,0.0197272107956108,0.0085344813097411,0.0197272107956108,0.0085344813097411
0.1,2,"Augmented","exact",1000,TRUE,1825,623,0.00122468034394373,0.0110366731287356,TRUE,1.51894608692699e-05,0.462346172650116,0.737534947767365,0.803964023984011,0.0143970300617161,0.00743926201843204,0.0143970300617161,0.00743926201843204,0.0163644533344928,0.00554167528750105,0.0163644533344928,0.00554167528750105
0.1,2,"Augmented","exact",3162.27766016838,FALSE,1825,623,0.000468476081208194,0.0105193580585572,TRUE,1.15777340406818e-05,0.463962871079457,0.735556156115578,0.802631578947368,0.0127158618531554,0.0057692396954383,0.0127158618531554,0.0057692396954383,0.0128834195764665,0.00324549065153801,0.0128834195764665,0.00324549065153801
0.1,2,"Augmented","exact",10000,FALSE,1825,623,0.000158635488781201,0.0103014941393537,TRUE,1.38333900772402e-05,0.464738304526694,0.734569575414789,0.799966688874084,0.0120256840978603,0.00508524032287327,0.0120256840978603,0.00508524032287327,0.0107947993216507,0.00316783069666193,0.0107947993216507,0.00316783069666193
0.1,2,"AugmentedMisspecified","exact",0,FALSE,1825,623,0.00498380092531103,0.0131307866867147,TRUE,1.05052121372752e-13,0.459985191766892,0.739071040888486,0.810293137908061,0.02254500432315,0.0156520704595693,0.02254500432315,0.0156520704595693,0.0208172080416283,0.00671526788917332,0.0208172080416283,0.00671526788917332
0.1,2,"AugmentedMisspecified","exact",0.001,FALSE,1825,623,0.00498379797871065,0.0131307838661455,TRUE,1.20322030983967e-07,0.459985190437376,0.739070880024194,0.810293137908061,0.0225449967972705,0.01565206418913,0.0225449967972705,0.01565206418913,0.0208172080416283,0.00671526788917332,0.0208172080416283,0.00671526788917332
0.1,2,"AugmentedMisspecified","exact",0.00316227766016838,FALSE,1825,623,0.0049837901025363,0.0131307769917433,TRUE,3.55322825935556e-07,0.45998518655881,0.739070719159902,0.810293137908061,0.0225449776541996,0.0156520478900171,0.0225449776541996,0.0156520478900171,0.0208172080416283,0.00671526788917332,0.0208172080416283,0.00671526788917332
0.1,2,"AugmentedMisspecified","exact",0.01,FALSE,1825,623,0.00498376524828376,0.013130755198175,TRUE,1.11143754908863e-06,0.459985174708648,0.739071201752777,0.810293137908061,0.0225449168942611,0.0156519961925212,0.0225449168942611,0.0156519961925212,0.0208172080416283,0.00671526788917332,0.0208172080416283,0.00671526788917332
0.1,2,"AugmentedMisspecified","exact",0.0316227766016838,FALSE,1825,623,0.00498368697545698,0.013130686607558,TRUE,3.50342996111655e-06,0.459985137385757,0.739072327802819,0.810293137908061,0.0225447255842359,0.0156518333701151,0.0225447255842359,0.0156518333701151,0.0208172080416283,0.00671526788917332,0.0208172080416283,0.00671526788917332
0.1,2,"AugmentedMisspecified","exact",0.1,FALSE,1825,623,0.00498343959718171,0.0131304697703427,TRUE,1.10696962259712e-05,0.459985019518816,0.739073453852861,0.810293137908061,0.0225441208492663,0.0156513186990664,0.0225441208492663,0.0156513186990664,0.0208172080416283,0.00671526788917332,0.0208172080416283,0.00671526788917332
0.1,2,"AugmentedMisspecified","exact",0.316227766016838,FALSE,1825,623,0.004978623896664,0.013128110184075,TRUE,8.88994892339636e-06,0.459983293595321,0.739073292988569,0.810293137908061,0.022533991218561,0.0156413343863392,0.022533991218561,0.0156413343863392,0.0208172080416283,0.00671526788917332,0.0208172080416283,0.00671526788917332
0.1,2,"AugmentedMisspecified","exact",1,FALSE,1825,623,0.00496634409807803,0.0131207829565784,TRUE,1.41971884598872e-05,0.459976361276024,0.739096457446569,0.810293137908061,0.0225066127160909,0.0156141272471666,0.0225066127160909,0.0156141272471666,0.0208172080416283,0.00671526788917332,0.0208172080416283,0.00671526788917332
0.1,2,"AugmentedMisspecified","exact",3.16227766016838,FALSE,1825,623,0.00492815397454029,0.0131024866474927,TRUE,1.1798729516888e-05,0.459958753875573,0.739128630304902,0.810459693537642,0.0224316273845485,0.0155382208441919,0.0224316273845485,0.0155382208441919,0.0210930701105938,0.00706357858231177,0.0210930701105938,0.00706357858231177
0.1,2,"AugmentedMisspecified","exact",10,FALSE,1825,623,0.00480827677615096,0.0130520560231864,TRUE,1.508899115254e-05,0.45990678902633,0.739214692700944,0.810126582278481,0.0221994231220206,0.0153071135318621,0.0221994231220206,0.0153071135318621,0.0210930701105938,0.00671526788917332,0.0210930701105938,0.00671526788917332
0.1,2,"AugmentedMisspecified","exact",31.6227766016838,FALSE,1825,623,0.00446819325702657,0.0128839105961324,TRUE,7.57964075289526e-06,0.459799740174708,0.739497492125693,0.810792804796802,0.0215291803881291,0.0146367805226325,0.0215291803881291,0.0146367805226325,0.0202523807453145,0.00595431624176823,0.0202523807453145,0.00595431624176823
0.1,2,"AugmentedMisspecified","exact",100,FALSE,1825,623,0.00365622984020736,0.0124810179194316,TRUE,1.33890253847041e-05,0.459797015376896,0.739972846107567,0.808627581612258,0.0199453678196275,0.0130599193111149,0.0199453678196275,0.0130599193111149,0.0184134162426983,0.00650894741204,0.0184134162426983,0.00650894741204
0.1,2,"AugmentedMisspecified","exact",316.227766016838,TRUE,1825,623,0.0023233595018762,0.0117684574970307,TRUE,1.38947102639106e-05,0.460582590820182,0.739598836629443,0.807961359093937,0.0173951700260631,0.0105357067073161,0.0173951700260631,0.0105357067073161,0.0190310040440056,0.00742521896919723,0.0190310040440056,0.00742521896919723
0.1,2,"AugmentedMisspecified","exact",1000,FALSE,1825,623,0.00107456803479158,0.0110576793019828,TRUE,1.42693293222924e-05,0.4622172601975,0.73782032102078,0.804796802131912,0.0150773244390107,0.00825465277213122,0.0150773244390107,0.00825465277213122,0.015655143424505,0.00638028688978243,0.015655143424505,0.00638028688978243
0.1,2,"AugmentedMisspecified","exact",3162.27766016838,FALSE,1825,623,0.000397291737981943,0.0106534936323316,TRUE,1.65756256110043e-05,0.463459786331181,0.736365303502659,0.802298467688208,0.0138410668531039,0.0070400330798297,0.0138410668531039,0.0070400330798297,0.0155237639692132,0.00595431624176823,0.0155237639692132,0.00595431624176823
0.1,2,"AugmentedMisspecified","exact",10000,FALSE,1825,623,0.000132686511105733,0.0104883938213258,TRUE,3.0250852293458e-05,0.464013385195579,0.735730693872036,0.801132578281146,0.0133574937468084,0.00656594942807542,0.0133574937468084,0.00656594942807542,0.0127258338044093,0.00560600554862989,0.0127258338044093,0.00560600554862989
0.1,3,"Unconstrained","exact",0,TRUE,1831,593,0.00664197227557059,0.00666601952037877,TRUE,1.08513695273046e-13,0.459985191766891,0.739071040888486,0.810293137908061,0.0225450043231494,0.0156520704595688,0.0225450043231494,0.0156520704595688,0.0208172080416283,0.00671526788917332,0.0208172080416283,0.00671526788917332
0.1,3,"Oracle","exact",0,FALSE,1831,593,0.00529178061490764,0.00629127250049168,TRUE,1.05052121372752e-13,0.459985191766892,0.739071040888486,0.810293137908061,0.02254500432315,0.0156520704595693,0.02254500432315,0.0156520704595693,0.0208172080416283,0.00671526788917332,0.0208172080416283,0.00671526788917332
0.1,3,"Oracle","exact",0.001,FALSE,1831,593,0.00529177820905107,0.00629127012120198,TRUE,1.11021923359621e-07,0.459985190194421,0.739071040888486,0.810293137908061,0.0225449954653917,0.0156520629158549,0.0225449954653917,0.0156520629158549,0.0208172080416283,0.00671526788917332,0.0208172080416283,0.00671526788917332
0.1,3,"Oracle","exact",0.00316227766016838,FALSE,1831,593,0.00529177173392345,0.00629126391448259,TRUE,3.27015255675397e-07,0.459985185613298,0.739070880024194,0.810293137908061,0.0225449720466989,0.0156520426163859,0.0225449720466989,0.0156520426163859,0.0208172080416283,0.00671526788917332,0.0208172080416283,0.00671526788917332
0.1,3,"Oracle","exact",0.01,FALSE,1831,593,0.00529175136616696,0.00629124429197505,TRUE,1.02198254684685e-06,0.459985171551179,0.739071040888486,0.810293137908061,0.0225448981889969,0.0156519786441922,0.0225448981889969,0.0156519786441922,0.0208172080416283,0.00671526788917332,0.0208172080416283,0.00671526788917332
0.1,3,"Oracle","exact",0.0316227766016838,FALSE,1831,593,0.00529168722448246,0.00629118250464328,TRUE,3.22121257043506e-06,0.459985127257558,0.739072166938527,0.810293137908061,0.022544665617006,0.0156517771643727,0.022544665617006,0.0156517771643727,0.0208172080416283,0.00671526788917332,0.0208172080416283,0.00671526788917332
0.1,3,"Oracle","exact",0.1,FALSE,1831,593,0.00529148451496665,0.00629098721315148,TRUE,1.01779949552156e-05,0.459984987357526,0.739073936445736,0.810293137908061,0.0225439305655029,0.0156511404026737,0.0225439305655029,0.0156511404026737,0.0208172080416283,0.00671526788917332,0.0208172080416283,0.00671526788917332
0.1,3,"Oracle","exact",0.316227766016838,FALSE,1831,593,0.0052877286987205,0.00628757386933509,TRUE,7.04374605439898e-06,0.459982676334325,0.739073132124277,0.810293137908061,0.0225308674490009,0.0156386715863113,0.0225308674490009,0.0156386715863113,0.0208172080416283,0.00671526788917332,0.0208172080416283,0.00671526788917332
0.1,3,"Oracle","exact",1,FALSE,1831,593,0.00527881433635366,0.00627927942073684,TRUE,1.00980212214249e-05,0.459976750441284,0.739083266574652,0.810293137908061,0.0224996613374855,0.0156091517207169,0.0224996613374855,0.0156091517207169,0.0208172080416283,0.00671526788917332,0.0208172080416283,0.00671526788917332
0.1,3,"Oracle","exact",3.16227766016838,FALSE,1831,593,0.0052503730703072,0.00625317992796339,TRUE,1.07983673725647e-05,0.459956840475952,0.739106591896944,0.810459693537642,0.0224021867558235,0.0155171336742858,0.0224021867558235,0.0155171336742858,0.0210930701105938,0.00706357858231177,0.0210930701105938,0.00706357858231177
0.1,3,"Oracle","exact",10,FALSE,1831,593,0.00516290222934436,0.00617284288570082,TRUE,1.35711523260974e-05,0.459901923811195,0.739135708333736,0.810126582278481,0.0220998360246384,0.0152315388936607,0.0220998360246384,0.0152315388936607,0.0203968633589886,0.00581232602576331,0.0203968633589886,0.00581232602576331
0.1,3,"Oracle","exact",31.6227766016838,FALSE,1831,593,0.00490507377328343,0.00593539670106781,TRUE,1.2874457926251e-05,0.459775129966012,0.739278394960443,0.810626249167222,0.0212068762215351,0.0143924036090841,0.0212068762215351,0.0143924036090841,0.0191358293110695,0.00505137437835812,0.0191358293110695,0.00505137437835812
0.1,3,"Oracle","exact",100,FALSE,1831,593,0.00423818823092835,0.00531500310935873,TRUE,1.30170796508488e-05,0.459694378897102,0.739465158403068,0.80929380413058,0.0188965026603667,0.0122224372460267,0.0188965026603667,0.0122224372460267,0.0166137612152311,0.00560600554862978,0.0166137612152311,0.00560600554862978
0.1,3,"Oracle","exact",316.227766016838,FALSE,1831,593,0.00296861159733483,0.00412257407593279,TRUE,9.78614051228416e-06,0.460515173956145,0.738873821266903,0.807628247834777,0.0144915803037272,0.00811319452010117,0.0144915803037272,0.00811319452010117,0.0145910046237915,0.0051290343332342,0.0145910046237915,0.0051290343332342
0.1,3,"Oracle","exact",1000,TRUE,1831,593,0.0015244494976099,0.00274413819293694,TRUE,1.2719592279585e-05,0.463023210000175,0.736152319180493,0.801798800799467,0.00947083663580917,0.00346286875802315,0.00947083663580917,0.00346286875802315,0.0106896261831253,0.00101363627670348,0.0106896261831253,0.00101363627670348
0.1,3,"Oracle","exact",3162.27766016838,FALSE,1831,593,0.000599471380623759,0.00184861217495315,TRUE,1.63582006081514e-05,0.465509880555462,0.732973640777168,0.796635576282478,0.00624511222118151,0.000487191790973118,0.00624511222118151,0.000487191790973118,0.00525135162557455,-0.00205682970041221,0.00525135162557455,0.00205682970041221
0.1,3,"Oracle","exact",10000,FALSE,1831,593,0.000205290515412797,0.00146299919379623,TRUE,2.82394971673876e-05,0.466777514921169,0.731273305214255,0.794636908727515,0.00486644519774648,-0.000783380595229533,0.00486644519774648,0.000783380595229533,0.00484411010131736,-0.0030374315186984,0.00484411010131736,0.0030374315186984
0.1,3,"SoftProxy","exact",0,FALSE,1831,593,0.00664197227557067,0.00666601952037885,TRUE,1.05052121372752e-13,0.459985191766892,0.739071040888486,0.810293137908061,0.02254500432315,0.0156520704595693,0.02254500432315,0.0156520704595693,0.0208172080416283,0.00671526788917332,0.0208172080416283,0.00671526788917332
0.1,3,"SoftProxy","exact",0.001,FALSE,1831,593,0.00664196787679602,0.00666601508522472,TRUE,1.45599582660193e-07,0.459985189361255,0.739071040888486,0.810293137908061,0.0225449913390178,0.0156520596726002,0.0225449913390178,0.0156520596726002,0.0208172080416283,0.00671526788917332,0.0208172080416283,0.00671526788917332
0.1,3,"SoftProxy","exact",0.00316227766016838,FALSE,1831,593,0.00664195685516327,0.00666600396741472,TRUE,4.15923154761577e-07,0.459985182338563,0.739070880024194,0.810293137908061,0.0225449584527647,0.0156520318268371,0.0225449584527647,0.0156520318268371,0.0208172080416283,0.00671526788917332,0.0208172080416283,0.00671526788917332
0.1,3,"SoftProxy","exact",0.01,FALSE,1831,593,0.0066419219161386,0.00666596872953341,TRUE,1.29991035663061e-06,0.459985160865353,0.739071201752777,0.810293137908061,0.0225448542487169,0.0156519436831454,0.0225448542487169,0.0156519436831454,0.0208172080416283,0.00671526788917332,0.0208172080416283,0.00671526788917332
0.1,3,"SoftProxy","exact",0.0316227766016838,FALSE,1831,593,0.00664181195301971,0.00666585782607274,TRUE,4.09581596581224e-06,0.459985093248794,0.739072488667111,0.810293137908061,0.0225445262391323,0.015651666175523,0.0225445262391323,0.015651666175523,0.0208172080416283,0.00671526788917332,0.0208172080416283,0.00671526788917332
0.1,3,"SoftProxy","exact",0.1,FALSE,1831,593,0.00664146437066426,0.0066655072724281,TRUE,1.29415747960793e-05,0.459984879761289,0.739073453852861,0.810293137908061,0.0225434894464319,0.0156507890525943,0.0225434894464319,0.0156507890525943,0.0208172080416283,0.00671526788917332,0.0208172080416283,0.00671526788917332
0.1,3,"SoftProxy","exact",0.316227766016838,FALSE,1831,593,0.00663685201824543,0.00666086626682162,TRUE,8.7856291838663e-06,0.45998180987353,0.739076027681527,0.810293137908061,0.0225284770858467,0.0156364911034783,0.0225284770858467,0.0156364911034783,0.0208172080416283,0.00671526788917332,0.0208172080416283,0.00671526788917332
0.1,3,"SoftProxy","exact",1,FALSE,1831,593,0.00662548302304817,0.00664942805642807,TRUE,1.03236855280289e-05,0.459973821253306,0.739085036081861,0.810293137908061,0.0224920875623461,0.0156023845305745,0.0224920875623461,0.0156023845305745,0.0208172080416283,0.00671526788917332,0.0208172080416283,0.00671526788917332
0.1,3,"SoftProxy","exact",3.16227766016838,FALSE,1831,593,0.00658887234152158,0.006612616909049,TRUE,1.14715411613225e-05,0.459950676394504,0.739101765968194,0.810459693537642,0.0223837512256875,0.0155002302917537,0.0223837512256875,0.0155002302917537,0.0210930701105938,0.00706357858231177,0.0210930701105938,0.00706357858231177
0.1,3,"SoftProxy","exact",10,FALSE,1831,593,0.00647658400942686,0.00649942297125166,TRUE,1.03314271393214e-05,0.459884543144025,0.739150025255694,0.810293137908061,0.0220449899420087,0.0151822254097621,0.0220449899420087,0.0151822254097621,0.0206727254279541,0.00616063671890155,0.0206727254279541,0.00616063671890155
0.1,3,"SoftProxy","exact",31.6227766016838,FALSE,1831,593,0.00614717562365437,0.00616768111709629,TRUE,1.22858650925928e-05,0.459742586191762,0.739316358933277,0.810459693537642,0.0210459714533787,0.0142467059173123,0.0210459714533787,0.0142467059173123,0.0203706570422227,0.00609630645777304,0.0203706570422227,0.00609630645777304
0.1,3,"SoftProxy","exact",100,FALSE,1831,593,0.00529951875449334,0.00531384876410946,TRUE,1.44230126696387e-05,0.45975214440114,0.739402260465026,0.808794137241839,0.0184561473413066,0.0118434094852201,0.0184561473413066,0.0118434094852201,0.0187813482918062,0.00818617061660265,0.0187813482918062,0.00818617061660265
0.1,3,"SoftProxy","exact",316.227766016838,FALSE,1831,593,0.003695613670776,0.00369605822712278,TRUE,1.83906540643975e-05,0.461281292953119,0.737954964432905,0.803964023984011,0.0134815149905869,0.00730917725665592,0.0134815149905869,0.00730917725665592,0.0165747996115436,0.0064579468446585,0.0165747996115436,0.0064579468446585
0.1,3,"SoftProxy","exact",1000,TRUE,1831,593,0.0018875490951311,0.00186568602345163,TRUE,1.39682735028835e-05,0.465410835579418,0.732972997320001,0.796469020652898,0.00779350796182277,0.0022414631922566,0.00779350796182277,0.0022414631922566,0.0093106637097593,0.000188354368169441,0.0093106637097593,0.000188354368169441
0.1,3,"SoftProxy","exact",3162.27766016838,FALSE,1831,593,0.000740280622008402,0.000700351448509888,TRUE,9.067265365268e-06,0.469367477406822,0.727277275344973,0.790639573617588,0.00413047724616933,-0.000967909368935205,0.00413047724616933,0.000967909368935205,0.00466066588395597,-0.00044393675697818,0.00466066588395597,0.00044393675697818
0.1,3,"SoftProxy","exact",10000,FALSE,1831,593,0.00025335185242459,0.000204623236536846,TRUE,4.02297084064922e-05,0.471359996158651,0.724227127510689,0.788807461692205,0.00256827041095753,-0.00232446541312137,0.00256827041095753,0.00232446541312137,0.00244066617384897,-0.00197916974553625,0.00244066617384897,0.00197916974553625
0.1,3,"IPW","exact",0,FALSE,1831,593,0.00727911409941026,0.0054431128133692,TRUE,1.05052121372752e-13,0.459985191766892,0.739071040888486,0.810293137908061,0.02254500432315,0.0156520704595693,0.02254500432315,0.0156520704595693,0.0208172080416283,0.00671526788917332,0.0208172080416283,0.00671526788917332
0.1,3,"IPW","exact",0.001,FALSE,1831,593,0.00727910455531124,0.00544311158646314,TRUE,2.33864900360574e-07,0.459985189444482,0.739070719159902,0.810293137908061,0.0225449861387863,0.015652055266227,0.0225449861387863,0.015652055266227,0.0208172080416283,0.00671526788917332,0.0208172080416283,0.00671526788917332
0.1,3,"IPW","exact",0.00316227766016838,FALSE,1831,593,0.00727907985890371,0.00544310652170879,TRUE,6.71698293272294e-07,0.459985182832559,0.739071040888486,0.810293137908061,0.0225449401413749,0.0156520160771254,0.0225449401413749,0.0156520160771254,0.0208172080416283,0.00671526788917332,0.0208172080416283,0.00671526788917332
0.1,3,"IPW","exact",0.01,FALSE,1831,593,0.007279002064748,0.00544309153060222,TRUE,2.09458616297483e-06,0.459985162814063,0.739071684345652,0.810293137908061,0.0225447946589284,0.0156518922551657,0.0225447946589284,0.0156518922551657,0.0208172080416283,0.00671526788917332,0.0208172080416283,0.00671526788917332
0.1,3,"IPW","exact",0.0316227766016838,FALSE,1831,593,0.00727875721154293,0.00544304416655384,TRUE,6.59795260493394e-06,0.459985099801984,0.739072971259986,0.810293137908061,0.0225443367602853,0.0156515024618848,0.0225443367602853,0.0156515024618848,0.0208172080416283,0.00671526788917332,0.0208172080416283,0.00671526788917332
0.1,3,"IPW","exact",0.1,FALSE,1831,593,0.00727608173116939,0.00544196055510591,TRUE,9.05185961169192e-06,0.459984497097278,0.739072971259986,0.810293137908061,0.0225395998383863,0.0156470998107756,0.0225395998383863,0.0156470998107756,0.0208172080416283,0.00671526788917332,0.0208172080416283,0.00671526788917332
0.1,3,"IPW","exact",0.316227766016838,FALSE,1831,593,0.00726764049788146,0.00543728488969815,TRUE,1.3632888654868e-05,0.459983083108844,0.739079244967361,0.810293137908061,0.0225237602431517,0.0156317575258204,0.0225237602431517,0.0156317575258204,0.0208172080416283,0.00671526788917332,0.0208172080416283,0.00671526788917332
0.1,3,"IPW","exact",1,FALSE,1831,593,0.00724059116176167,0.00542000171259276,TRUE,1.47602156275573e-05,0.459976578900596,0.739088735960569,0.810459693537642,0.022481550352096,0.01559034715845,0.022481550352096,0.01559034715845,0.0210930701105938,0.00706357858231177,0.0210930701105938,0.00706357858231177
0.1,3,"IPW","exact",3.16227766016838,FALSE,1831,593,0.00715770700668685,0.00536992110501027,TRUE,1.12629128837185e-05,0.459960311562085,0.739078601510194,0.810459693537642,0.022350448911905,0.0154624273702654,0.022350448911905,0.0154624273702654,0.0210930701105938,0.00706357858231177,0.0210930701105938,0.00706357858231177
0.1,3,"IPW","exact",10,FALSE,1831,593,0.00690449435784013,0.00522893686458136,TRUE,1.55199992167379e-05,0.459920919947648,0.739072810395694,0.810959360426382,0.0219556891639139,0.0150799058864779,0.0219556891639139,0.0150799058864779,0.0210799669522113,0.0066509376280447,0.0210799669522113,0.0066509376280447
0.1,3,"IPW","exact",31.6227766016838,FALSE,1831,593,0.00621589688429609,0.00483276534898013,TRUE,1.0502542226265e-05,0.459934281078006,0.739021333822361,0.80962691538974,0.0208753989080934,0.0140334424971896,0.0208753989080934,0.0140334424971896,0.0198058297459091,0.00574799576463481,0.0198058297459091,0.00574799576463481
0.1,3,"IPW","exact",100,FALSE,1831,593,0.00473448088343408,0.00397175191721053,TRUE,1.07532860610702e-05,0.460574098154117,0.73809539895953,0.807628247834777,0.0185533421748193,0.0118016697655137,0.0185533421748193,0.0118016697655137,0.0194906582017946,0.00699924832118304,0.0194906582017946,0.00699924832118304
0.1,3,"IPW","exact",316.227766016838,TRUE,1831,593,0.00270739266274113,0.00281544146056605,TRUE,7.46781218230212e-06,0.462803417655758,0.734906907834413,0.803964023984011,0.0153420740944343,0.00875881034440562,0.0153420740944343,0.00875881034440562,0.0163247959878826,0.0043414232983342,0.0163247959878826,0.0043414232983342
0.1,3,"IPW","exact",1000,FALSE,1831,593,0.00115036326840914,0.00196209319605309,TRUE,1.66025052737466e-05,0.465578267903064,0.730936937980381,0.79746835443038,0.0128281623275045,0.00641609173268687,0.0128281623275045,0.00641609173268687,0.0133165195460281,0.00111563741146603,0.0133165195460281,0.00111563741146603
0.1,3,"IPW","exact",3162.27766016838,FALSE,1831,593,0.000407953588131268,0.00156416323552985,TRUE,1.4433626934153e-05,0.467224685366499,0.728739692620512,0.794970019986676,0.0116086625464291,0.00529107258518446,0.0116086625464291,0.00529107258518446,0.0129223811801541,0.000547676547447029,0.0129223811801541,0.000547676547447029
0.1,3,"IPW","exact",10000,FALSE,1831,593,0.000134141120502095,0.00142083708105808,TRUE,1.57897369497944e-05,0.467884971511355,0.727893546446347,0.794803464357095,0.0111572340628406,0.00487647195804797,0.0111572340628406,0.00487647195804797,0.0126727254279544,0.00116663797884753,0.0126727254279544,0.00116663797884753
0.1,3,"Augmented","exact",0,FALSE,1831,593,0.00627574310179259,0.00378776293058716,TRUE,1.05052121372752e-13,0.459985191766892,0.739071040888486,0.810293137908061,0.02254500432315,0.0156520704595693,0.02254500432315,0.0156520704595693,0.0208172080416283,0.00671526788917332,0.0208172080416283,0.00671526788917332
0.1,3,"Augmented","exact",0.001,FALSE,1831,593,0.00627573924487473,0.00378775996274615,TRUE,1.51271454911831e-07,0.459985189770382,0.739071040888486,0.810293137908061,0.0225449924445466,0.015652060233856,0.0225449924445466,0.015652060233856,0.0208172080416283,0.00671526788917332,0.0208172080416283,0.00671526788917332
0.1,3,"Augmented","exact",0.00316227766016838,FALSE,1831,593,0.00627572878453588,0.0037877520439455,TRUE,4.43814239192121e-07,0.459985184028082,0.739070719159902,0.810293137908061,0.0225449610096163,0.0156520326814685,0.0225449610096163,0.0156520326814685,0.0208172080416283,0.00671526788917332,0.0208172080416283,0.00671526788917332
0.1,3,"Augmented","exact",0.01,FALSE,1831,593,0.00627569600357624,0.0037877269401833,TRUE,1.38514012201917e-06,0.459985166423718,0.739071040888486,0.810293137908061,0.0225448620967722,0.0156519460495959,0.0225448620967722,0.0156519460495959,0.0208172080416283,0.00671526788917332,0.0208172080416283,0.00671526788917332
0.1,3,"Augmented","exact",0.0316227766016838,FALSE,1831,593,0.00627559277777279,0.00378764786074416,TRUE,4.36508048927537e-06,0.45998511097734,0.739072488667111,0.810293137908061,0.0225445506617692,0.0156516732382979,0.0225445506617692,0.0156516732382979,0.0208172080416283,0.00671526788917332,0.0208172080416283,0.00671526788917332
0.1,3,"Augmented","exact",0.1,FALSE,1831,593,0.00627526657065067,0.0037873979105964,TRUE,1.37914457178653e-05,0.459984935873456,0.739074258174319,0.810293137908061,0.0225435664032836,0.0156508110840825,0.0225435664032836,0.0156508110840825,0.0208172080416283,0.00671526788917332,0.0208172080416283,0.00671526788917332
0.1,3,"Augmented","exact",0.316227766016838,FALSE,1831,593,0.00626974035329288,0.00378210869245241,TRUE,1.01253501024924e-05,0.459982373160506,0.739077797188736,0.810293137908061,0.0225277264070848,0.015635483406207,0.0225277264070848,0.015635483406207,0.0208172080416283,0.00671526788917332,0.0208172080416283,0.00671526788917332
0.1,3,"Augmented","exact",1,FALSE,1831,593,0.00625530845517143,0.00376748858998141,TRUE,8.23683854252218e-06,0.459975188325856,0.739079405831652,0.810293137908061,0.0224920284006385,0.015601261795857,0.0224920284006385,0.015601261795857,0.0208172080416283,0.00671526788917332,0.0208172080416283,0.00671526788917332
0.1,3,"Augmented","exact",3.16227766016838,FALSE,1831,593,0.00621108771102992,0.0037240287011617,TRUE,9.94535101642016e-06,0.459953745684843,0.739073453852861,0.810459693537642,0.0223794927348406,0.0154931678468051,0.0223794927348406,0.0154931678468051,0.0210930701105938,0.00706357858231177,0.0210930701105938,0.00706357858231177
0.1,3,"Augmented","exact",10,FALSE,1831,593,0.00607641164952115,0.0035905459193708,TRUE,8.53834660770926e-06,0.459896485751403,0.739062193352444,0.810293137908061,0.0220354807577475,0.0151637947345148,0.0220354807577475,0.0151637947345148,0.020121001290023,0.00581232602576331,0.020121001290023,0.00581232602576331
0.1,3,"Augmented","exact",31.6227766016838,FALSE,1831,593,0.00568929014136605,0.00320713807196962,TRUE,1.20023407826857e-05,0.459787010053632,0.739058010880861,0.810959360426382,0.0210514701281002,0.0142245539088964,0.0210514701281002,0.0142245539088964,0.0202392775869318,0.00609630645777304,0.0202392775869318,0.00609630645777304
0.1,3,"Augmented","exact",100,FALSE,1831,593,0.00475179424028549,0.00224549823433847,TRUE,1.2241042750766e-05,0.459898402653713,0.73859938678532,0.810459693537642,0.0186535304215598,0.0119516503096929,0.0186535304215598,0.0119516503096929,0.0186892783116637,0.0067929278440495,0.0186892783116637,0.0067929278440495
0.1,3,"Augmented","exact",316.227766016838,FALSE,1831,593,0.00315023715182184,0.000547276666443158,TRUE,9.95792654795283e-06,0.461357897320171,0.736330878544243,0.806295802798135,0.014524753087476,0.00809198964373914,0.014524753087476,0.00809198964373914,0.0156944528996537,0.00533535481036762,0.0156944528996537,0.00533535481036762
0.1,3,"Augmented","exact",1000,TRUE,1831,593,0.00153266061559626,0.0011870252082064,TRUE,1.38207885412787e-05,0.464504126545366,0.732072639879545,0.801132578281146,0.0102961502539181,0.00420541722077072,0.0102961502539181,0.00420541722077072,0.0113199692713538,-0.00185050922327901,0.0113199692713538,0.00185050922327901
0.1,3,"Augmented","exact",3162.27766016838,FALSE,1831,593,0.000584315150773925,0.00219759149565515,TRUE,2.17549377608816e-05,0.467142101153763,0.728319354226387,0.79763491005996,0.00778216709847834,0.00192722469623141,0.00778216709847834,0.00192722469623141,0.00770755605803619,-0.00422435381411779,0.00770755605803619,0.00422435381411779
0.1,3,"Augmented","exact",10000,FALSE,1831,593,0.00019763796867474,0.00260715778924704,TRUE,1.35870528412574e-05,0.468389681631027,0.726527647745809,0.79746835443038,0.00674851896143969,0.000996766424171014,0.00674851896143969,0.000996766424171014,0.0071427287617224,-0.00387604312097967,0.0071427287617224,0.00387604312097967
0.1,3,"AugmentedMisspecified","exact",0,FALSE,1831,593,0.00663706001206186,0.00387711573643049,TRUE,1.05052121372752e-13,0.459985191766892,0.739071040888486,0.810293137908061,0.02254500432315,0.0156520704595693,0.02254500432315,0.0156520704595693,0.0208172080416283,0.00671526788917332,0.0208172080416283,0.00671526788917332
0.1,3,"AugmentedMisspecified","exact",0.001,FALSE,1831,593,0.00663705541391105,0.00387711233278515,TRUE,1.61544336707963e-07,0.459985189649705,0.739070880024194,0.810293137908061,0.0225449909232454,0.015652059067161,0.0225449909232454,0.015652059067161,0.0208172080416283,0.00671526788917332,0.0208172080416283,0.00671526788917332
0.1,3,"AugmentedMisspecified","exact",0.00316227766016838,FALSE,1831,593,0.00663704328602172,0.00387710334418364,TRUE,4.69300045554065e-07,0.459985183547887,0.739070719159902,0.810293137908061,0.0225449560424444,0.0156520288547727,0.0225449560424444,0.0156520288547727,0.0208172080416283,0.00671526788917332,0.0208172080416283,0.00671526788917332
0.1,3,"AugmentedMisspecified","exact",0.01,FALSE,1831,593,0.0066370051537727,0.0038770748004577,TRUE,1.46469646717294e-06,0.459985164894263,0.739071040888486,0.810293137908061,0.022544846035028,0.0156519336577475,0.022544846035028,0.0156519336577475,0.0208172080416283,0.00671526788917332,0.0208172080416283,0.00671526788917332
0.1,3,"AugmentedMisspecified","exact",0.0316227766016838,FALSE,1831,593,0.0066368851035966,0.00387698489292407,TRUE,4.61525613459672e-06,0.459985106149843,0.739073132124277,0.810293137908061,0.0225444997066081,0.0156516339058785,0.0225444997066081,0.0156516339058785,0.0208172080416283,0.00671526788917332,0.0208172080416283,0.00671526788917332
0.1,3,"AugmentedMisspecified","exact",0.1,FALSE,1831,593,0.00663650570253605,0.00387670071237013,TRUE,1.45818895290617e-05,0.459984920664096,0.739073775581444,0.810293137908061,0.0225434051186513,0.0156506865700997,0.0225434051186513,0.0156506865700997,0.0208172080416283,0.00671526788917332,0.0208172080416283,0.00671526788917332
0.1,3,"AugmentedMisspecified","exact",0.316227766016838,FALSE,1831,593,0.00663075038699266,0.00387087113960105,TRUE,1.06150481145599e-05,0.459982430474136,0.739076188545819,0.810293137908061,0.0225267704220758,0.0156346886990381,0.0225267704220758,0.0156346886990381,0.0208172080416283,0.00671526788917332,0.0208172080416283,0.00671526788917332
0.1,3,"AugmentedMisspecified","exact",1,FALSE,1831,593,0.00661612503241765,0.00385508231369985,TRUE,1.58151153265458e-05,0.459974583504297,0.739074901631486,0.810293137908061,0.0224848561341167,0.0155951591212909,0.0224848561341167,0.0155951591212909,0.0208172080416283,0.00671526788917332,0.0208172080416283,0.00671526788917332
0.1,3,"AugmentedMisspecified","exact",3.16227766016838,FALSE,1831,593,0.00656998274505703,0.00380820247969958,TRUE,1.22804047094059e-05,0.459954827787482,0.739064284588236,0.810459693537642,0.0223678099189044,0.0154835332671193,0.0223678099189044,0.0154835332671193,0.0210930701105938,0.00706357858231177,0.0210930701105938,0.00706357858231177
0.1,3,"AugmentedMisspecified","exact",10,FALSE,1831,593,0.00642991695045171,0.00366438215396181,TRUE,9.27177775645099e-06,0.459900166065097,0.739041280994527,0.810459693537642,0.0219993308702017,0.0151336956082267,0.0219993308702017,0.0151336956082267,0.0209485874969199,0.00650894741204,0.0209485874969199,0.00650894741204
0.1,3,"AugmentedMisspecified","exact",31.6227766016838,FALSE,1831,593,0.00602604814383041,0.00325042232141388,TRUE,1.15433810405726e-05,0.459804674244981,0.739002351835944,0.810959360426382,0.0209417823582677,0.014132767910692,0.0209417823582677,0.014132767910692,0.0207910017248625,0.00644461715091138,0.0207910017248625,0.00644461715091138
0.1,3,"AugmentedMisspecified","exact",100,FALSE,1831,593,0.00504328531833028,0.00222052565910137,TRUE,1.55971870674265e-05,0.459989840746786,0.738443831015279,0.80962691538974,0.018355410731944,0.011699666558628,0.018355410731944,0.011699666558628,0.0165875548984646,0.0067929278440495,0.0165875548984646,0.0067929278440495
0.1,3,"AugmentedMisspecified","exact",316.227766016838,FALSE,1831,593,0.00335302752991488,0.000412717025498617,TRUE,8.31736784397795e-06,0.461729164383675,0.735866624198494,0.804130579613591,0.0138786724015719,0.00753978170034919,0.0138786724015719,0.00753978170034919,0.0138554883970373,0.00498704411722906,0.0138554883970373,0.00498704411722906
0.1,3,"AugmentedMisspecified","exact",1000,TRUE,1831,593,0.00163586701451005,0.00143918589277621,TRUE,9.78007694394834e-06,0.465386033136961,0.730907338950714,0.799300466355763,0.00927510319736224,0.00332751354742133,0.00927510319736224,0.00332751354742133,0.0118323839341364,-0.0008055771438642,0.0118323839341364,0.0008055771438642
0.1,3,"AugmentedMisspecified","exact",3162.27766016838,FALSE,1831,593,0.000624715645073822,0.00252210110808506,TRUE,1.46744595067795e-05,0.468448986796851,0.726504000694934,0.795802798134577,0.00653069210916546,0.000846307161976978,0.00653069210916546,0.000846307161976978,0.00709031612819055,-0.00394037338210862,0.00709031612819055,0.00394037338210862
0.1,3,"AugmentedMisspecified","exact",10000,FALSE,1831,593,0.000211439969099103,0.0029613431733745,TRUE,1.58399517120555e-05,0.469897198342164,0.724391530816772,0.794636908727515,0.00539948201822382,-0.000170297023514121,0.00539948201822382,0.000170297023514121,0.00678824774245912,-0.00359206268897028,0.00678824774245912,0.00359206268897028
0.2,1,"Unconstrained","exact",0,TRUE,3750,1156,0.00445625735683391,0.00436920343318539,TRUE,1.08513695273046e-13,0.459985191766891,0.739071040888486,0.810293137908061,0.0225450043231494,0.0156520704595688,0.0225450043231494,0.0156520704595688,0.0208172080416283,0.00671526788917332,0.0208172080416283,0.00671526788917332
0.2,1,"Oracle","exact",0,FALSE,3750,1156,0.00529178061490764,0.00629127250049168,TRUE,1.05052121372752e-13,0.459985191766892,0.739071040888486,0.810293137908061,0.02254500432315,0.0156520704595693,0.02254500432315,0.0156520704595693,0.0208172080416283,0.00671526788917332,0.0208172080416283,0.00671526788917332
0.2,1,"Oracle","exact",0.001,FALSE,3750,1156,0.00529177820905107,0.00629127012120198,TRUE,1.11021923359621e-07,0.459985190194421,0.739071040888486,0.810293137908061,0.0225449954653917,0.0156520629158549,0.0225449954653917,0.0156520629158549,0.0208172080416283,0.00671526788917332,0.0208172080416283,0.00671526788917332
0.2,1,"Oracle","exact",0.00316227766016838,FALSE,3750,1156,0.00529177173392345,0.00629126391448259,TRUE,3.27015255675397e-07,0.459985185613298,0.739070880024194,0.810293137908061,0.0225449720466989,0.0156520426163859,0.0225449720466989,0.0156520426163859,0.0208172080416283,0.00671526788917332,0.0208172080416283,0.00671526788917332
0.2,1,"Oracle","exact",0.01,FALSE,3750,1156,0.00529175136616696,0.00629124429197505,TRUE,1.02198254684685e-06,0.459985171551179,0.739071040888486,0.810293137908061,0.0225448981889969,0.0156519786441922,0.0225448981889969,0.0156519786441922,0.0208172080416283,0.00671526788917332,0.0208172080416283,0.00671526788917332
0.2,1,"Oracle","exact",0.0316227766016838,FALSE,3750,1156,0.00529168722448246,0.00629118250464328,TRUE,3.22121257043506e-06,0.459985127257558,0.739072166938527,0.810293137908061,0.022544665617006,0.0156517771643727,0.022544665617006,0.0156517771643727,0.0208172080416283,0.00671526788917332,0.0208172080416283,0.00671526788917332
0.2,1,"Oracle","exact",0.1,FALSE,3750,1156,0.00529148451496665,0.00629098721315148,TRUE,1.01779949552156e-05,0.459984987357526,0.739073936445736,0.810293137908061,0.0225439305655029,0.0156511404026737,0.0225439305655029,0.0156511404026737,0.0208172080416283,0.00671526788917332,0.0208172080416283,0.00671526788917332
0.2,1,"Oracle","exact",0.316227766016838,FALSE,3750,1156,0.0052877286987205,0.00628757386933509,TRUE,7.04374605439898e-06,0.459982676334325,0.739073132124277,0.810293137908061,0.0225308674490009,0.0156386715863113,0.0225308674490009,0.0156386715863113,0.0208172080416283,0.00671526788917332,0.0208172080416283,0.00671526788917332
0.2,1,"Oracle","exact",1,FALSE,3750,1156,0.00527881433635366,0.00627927942073684,TRUE,1.00980212214249e-05,0.459976750441284,0.739083266574652,0.810293137908061,0.0224996613374855,0.0156091517207169,0.0224996613374855,0.0156091517207169,0.0208172080416283,0.00671526788917332,0.0208172080416283,0.00671526788917332
0.2,1,"Oracle","exact",3.16227766016838,FALSE,3750,1156,0.0052503730703072,0.00625317992796339,TRUE,1.07983673725647e-05,0.459956840475952,0.739106591896944,0.810459693537642,0.0224021867558235,0.0155171336742858,0.0224021867558235,0.0155171336742858,0.0210930701105938,0.00706357858231177,0.0210930701105938,0.00706357858231177
0.2,1,"Oracle","exact",10,FALSE,3750,1156,0.00516290222934436,0.00617284288570082,TRUE,1.35711523260974e-05,0.459901923811195,0.739135708333736,0.810126582278481,0.0220998360246384,0.0152315388936607,0.0220998360246384,0.0152315388936607,0.0203968633589886,0.00581232602576331,0.0203968633589886,0.00581232602576331
0.2,1,"Oracle","exact",31.6227766016838,FALSE,3750,1156,0.00490507377328343,0.00593539670106781,TRUE,1.2874457926251e-05,0.459775129966012,0.739278394960443,0.810626249167222,0.0212068762215351,0.0143924036090841,0.0212068762215351,0.0143924036090841,0.0191358293110695,0.00505137437835812,0.0191358293110695,0.00505137437835812
0.2,1,"Oracle","exact",100,FALSE,3750,1156,0.00423818823092835,0.00531500310935873,TRUE,1.30170796508488e-05,0.459694378897102,0.739465158403068,0.80929380413058,0.0188965026603667,0.0122224372460267,0.0188965026603667,0.0122224372460267,0.0166137612152311,0.00560600554862978,0.0166137612152311,0.00560600554862978
0.2,1,"Oracle","exact",316.227766016838,FALSE,3750,1156,0.00296861159733483,0.00412257407593279,TRUE,9.78614051228416e-06,0.460515173956145,0.738873821266903,0.807628247834777,0.0144915803037272,0.00811319452010117,0.0144915803037272,0.00811319452010117,0.0145910046237915,0.0051290343332342,0.0145910046237915,0.0051290343332342
0.2,1,"Oracle","exact",1000,TRUE,3750,1156,0.0015244494976099,0.00274413819293694,TRUE,1.2719592279585e-05,0.463023210000175,0.736152319180493,0.801798800799467,0.00947083663580917,0.00346286875802315,0.00947083663580917,0.00346286875802315,0.0106896261831253,0.00101363627670348,0.0106896261831253,0.00101363627670348
0.2,1,"Oracle","exact",3162.27766016838,FALSE,3750,1156,0.000599471380623759,0.00184861217495315,TRUE,1.63582006081514e-05,0.465509880555462,0.732973640777168,0.796635576282478,0.00624511222118151,0.000487191790973118,0.00624511222118151,0.000487191790973118,0.00525135162557455,-0.00205682970041221,0.00525135162557455,0.00205682970041221
0.2,1,"Oracle","exact",10000,FALSE,3750,1156,0.000205290515412797,0.00146299919379623,TRUE,2.82394971673876e-05,0.466777514921169,0.731273305214255,0.794636908727515,0.00486644519774648,-0.000783380595229533,0.00486644519774648,0.000783380595229533,0.00484411010131736,-0.0030374315186984,0.00484411010131736,0.0030374315186984
0.2,1,"SoftProxy","exact",0,FALSE,3750,1156,0.00445625735683403,0.0043692034331855,TRUE,1.05052121372752e-13,0.459985191766892,0.739071040888486,0.810293137908061,0.02254500432315,0.0156520704595693,0.02254500432315,0.0156520704595693,0.0208172080416283,0.00671526788917332,0.0208172080416283,0.00671526788917332
0.2,1,"SoftProxy","exact",0.001,FALSE,3750,1156,0.00445625501040392,0.00436920109906075,TRUE,9.17134922120336e-08,0.459985190811898,0.739071040888486,0.810293137908061,0.0225449965205249,0.0156520639300488,0.0225449965205249,0.0156520639300488,0.0208172080416283,0.00671526788917332,0.0208172080416283,0.00671526788917332
0.2,1,"SoftProxy","exact",0.00316227766016838,FALSE,3750,1156,0.00445624922666292,0.00436919531617534,TRUE,2.66338776403074e-07,0.459985187910797,0.739070880024194,0.810293137908061,0.0225449767889536,0.0156520470787691,0.0225449767889536,0.0156520470787691,0.0208172080416283,0.00671526788917332,0.0208172080416283,0.00671526788917332
0.2,1,"SoftProxy","exact",0.01,FALSE,3750,1156,0.00445623070322543,0.00436917681034958,TRUE,8.35433649083402e-07,0.459985179086212,0.739071362617069,0.810293137908061,0.022544913950822,0.015651993501037,0.022544913950822,0.015651993501037,0.0208172080416283,0.00671526788917332,0.0208172080416283,0.00671526788917332
0.2,1,"SoftProxy","exact",0.0316227766016838,FALSE,3750,1156,0.00445617239459362,0.0043691185550445,TRUE,2.63341693005021e-06,0.459985151290095,0.739072166938527,0.810293137908061,0.0225447161140125,0.0156518247865479,0.0225447161140125,0.0156518247865479,0.0208172080416283,0.00671526788917332,0.0208172080416283,0.00671526788917332
0.2,1,"SoftProxy","exact",0.1,FALSE,3750,1156,0.00445598806290518,0.00436893439481078,TRUE,8.32136678627881e-06,0.459985063529056,0.739073453852861,0.810293137908061,0.0225440907410861,0.0156512914960828,0.0225440907410861,0.0156512914960828,0.0208172080416283,0.00671526788917332,0.0208172080416283,0.00671526788917332
0.2,1,"SoftProxy","exact",0.316227766016838,FALSE,3750,1156,0.00445312454310596,0.00436602507963356,TRUE,1.3698295832939e-05,0.45998352033685,0.739070880024194,0.810293137908061,0.0225339247826165,0.0156417716305696,0.0225339247826165,0.0156417716305696,0.0208172080416283,0.00671526788917332,0.0208172080416283,0.00671526788917332
0.2,1,"SoftProxy","exact",1,FALSE,3750,1156,0.0044454606660815,0.0043582654018626,TRUE,1.0637268086451e-05,0.459980056721293,0.739072488667111,0.810293137908061,0.0225072638806227,0.0156168644495378,0.0225072638806227,0.0156168644495378,0.0208172080416283,0.00671526788917332,0.0208172080416283,0.00671526788917332
0.2,1,"SoftProxy","exact",3.16227766016838,FALSE,3750,1156,0.00442194536991818,0.00433452351314152,TRUE,1.18259921198301e-05,0.459968481432911,0.739088253367694,0.810459693537642,0.0224277961851639,0.0155432039103083,0.0224277961851639,0.0155432039103083,0.0210930701105938,0.00706357858231177,0.0210930701105938,0.00706357858231177
0.2,1,"SoftProxy","exact",10,FALSE,3750,1156,0.00434953672001508,0.00426138709850322,TRUE,1.2172748020491e-05,0.459937658855481,0.739074097310027,0.810293137908061,0.0221809511646157,0.0153134499186196,0.0221809511646157,0.0153134499186196,0.020121001290023,0.00581232602576331,0.020121001290023,0.00581232602576331
0.2,1,"SoftProxy","exact",31.6227766016838,FALSE,3750,1156,0.00413587691771513,0.00404544996420273,TRUE,1.12727954640074e-05,0.45987104563338,0.73912364351186,0.810459693537642,0.0214520793320488,0.0146362755922929,0.0214520793320488,0.0146362755922929,0.020804104883246,0.00685725810517823,0.020804104883246,0.00685725810517823
0.2,1,"SoftProxy","exact",100,FALSE,3750,1156,0.00358237204767783,0.00348614991957122,TRUE,1.34219295060352e-05,0.459865319860644,0.739195710714527,0.810293137908061,0.0195507616371213,0.012873684807289,0.0195507616371213,0.012873684807289,0.0198058297459091,0.00734755901432127,0.0198058297459091,0.00734755901432127
0.2,1,"SoftProxy","exact",316.227766016838,FALSE,3750,1156,0.00252463400360484,0.00241741301922863,TRUE,1.39282615512556e-05,0.460540266662565,0.738623677293362,0.80962691538974,0.0158759815033611,0.00948796278313513,0.0158759815033611,0.00948796278313513,0.015602382919511,0.00658660736691608,0.015602382919511,0.00658660736691608
0.2,1,"SoftProxy","exact",1000,TRUE,3750,1156,0.00131217127428511,0.00119224232667728,TRUE,1.7470613687738e-05,0.462436459739382,0.736773094482033,0.80346435709527,0.01158495974853,0.00556403939872918,0.01158495974853,0.00556403939872918,0.0094941079271208,-0.00107622788212625,0.0094941079271208,0.00107622788212625
0.2,1,"SoftProxy","exact",3162.27766016838,FALSE,3750,1156,0.000522427256378041,0.000393887416506232,TRUE,1.4140113628908e-05,0.464329830676616,0.734681054368913,0.798967355096602,0.00874280616415957,0.00298008269070971,0.00874280616415957,0.00298008269070971,0.0090999695612467,-0.00102522731474475,0.0090999695612467,0.00102522731474475
0.2,1,"SoftProxy","exact",10000,FALSE,3750,1156,0.000180090811169387,4.79127071028415e-05,TRUE,2.38327881946097e-05,0.465315991216665,0.733555004327249,0.79746835443038,0.00749655765075619,0.00184911504139484,0.00749655765075619,0.00184911504139484,0.0071427287617224,-0.00207015939415955,0.0071427287617224,0.00207015939415955
0.2,1,"IPW","exact",0,FALSE,3750,1156,0.00245379960501444,0.00716440927435287,TRUE,1.05052121372752e-13,0.459985191766892,0.739071040888486,0.810293137908061,0.02254500432315,0.0156520704595693,0.02254500432315,0.0156520704595693,0.0208172080416283,0.00671526788917332,0.0208172080416283,0.00671526788917332
0.2,1,"IPW","exact",0.001,FALSE,3750,1156,0.00245379672431291,0.00716440749852325,TRUE,6.93296276163355e-08,0.459985191709213,0.739071040888486,0.810293137908061,0.0225449985072778,0.0156520655431119,0.0225449985072778,0.0156520655431119,0.0208172080416283,0.00671526788917332,0.0208172080416283,0.00671526788917332
0.2,1,"IPW","exact",0.00316227766016838,FALSE,3750,1156,0.00245379010573419,0.00716440355000316,TRUE,1.9750022076234e-07,0.459985191307099,0.739070880024194,0.810293137908061,0.0225449843989816,0.0156520533246667,0.0225449843989816,0.0156520533246667,0.0208172080416283,0.00671526788917332,0.0208172080416283,0.00671526788917332
0.2,1,"IPW","exact",0.01,FALSE,3750,1156,0.00245376858629567,0.00716439065788759,TRUE,6.21454242064854e-07,0.4599851901888,0.739071362617069,0.810293137908061,0.0225449390647106,0.0156520141971138,0.0225449390647106,0.0156520141971138,0.0208172080416283,0.00671526788917332,0.0208172080416283,0.00671526788917332
0.2,1,"IPW","exact",0.0316227766016838,FALSE,3750,1156,0.00245370088019858,0.00716435010024386,TRUE,1.95857334631795e-06,0.459985186651337,0.739072488667111,0.810293137908061,0.0225447963852684,0.0156518910296662,0.0225447963852684,0.0156518910296662,0.0208172080416283,0.00671526788917332,0.0208172080416283,0.00671526788917332
0.2,1,"IPW","exact",0.1,FALSE,3750,1156,0.0024534867961762,0.00716422184052541,TRUE,6.18891343362939e-06,0.459985175526233,0.739073775581444,0.810293137908061,0.0225443453234406,0.0156515016797608,0.0225443453234406,0.0156515016797608,0.0208172080416283,0.00671526788917332,0.0208172080416283,0.00671526788917332
0.2,1,"IPW","exact",0.316227766016838,FALSE,3750,1156,0.0024507315439024,0.00716282867304432,TRUE,1.175340631929e-05,0.459984711892924,0.739075223360069,0.810293137908061,0.0225377633206882,0.0156452942529411,0.0225377633206882,0.0156452942529411,0.0208172080416283,0.00671526788917332,0.0208172080416283,0.00671526788917332
0.2,1,"IPW","exact",1,FALSE,3750,1156,0.00244266728025002,0.00715833622253178,TRUE,9.39178066947776e-06,0.459983384082851,0.739076188545819,0.810293137908061,0.0225195949253967,0.0156282161806106,0.0225195949253967,0.0156282161806106,0.0208172080416283,0.00671526788917332,0.0208172080416283,0.00671526788917332
0.2,1,"IPW","exact",3.16227766016838,FALSE,3750,1156,0.00241746727424476,0.0071464167582746,TRUE,1.34226331467271e-05,0.459979996172076,0.739109487454194,0.810459693537642,0.0224676955827845,0.0155783670475202,0.0224676955827845,0.0155783670475202,0.0210930701105938,0.00706357858231177,0.0210930701105938,0.00706357858231177
0.2,1,"IPW","exact",10,FALSE,3750,1156,0.00234209050565826,0.00710919769833762,TRUE,1.1807384709285e-05,0.459973772217246,0.739138443026694,0.810293137908061,0.0223104164205711,0.0154281826623712,0.0223104164205711,0.0154281826623712,0.020121001290023,0.00581232602576331,0.020121001290023,0.00581232602576331
0.2,1,"IPW","exact",31.6227766016838,FALSE,3750,1156,0.00213233576968097,0.00700410424845692,TRUE,1.1531240289335e-05,0.459964986834054,0.739230135672944,0.810459693537642,0.0218662575175207,0.015004314470093,0.0218662575175207,0.015004314470093,0.0190044498557782,0.00616063671890144,0.0190044498557782,0.00616063671890144
0.2,1,"IPW","exact",100,FALSE,3750,1156,0.00166120077798656,0.00677051780853904,TRUE,1.37476133321908e-05,0.460007163425282,0.739456310867026,0.80962691538974,0.0208794528607752,0.0140623821279224,0.0208794528607752,0.0140623821279224,0.0192803119247436,0.00546401533262508,0.0192803119247436,0.00546401533262508
0.2,1,"IPW","exact",316.227766016838,TRUE,3750,1156,0.000978674187790841,0.00642668792053188,TRUE,1.17741847210159e-05,0.46023455182849,0.739646774188359,0.808794137241839,0.0194492991122626,0.0126989811480985,0.0194492991122626,0.0126989811480985,0.0167713469872885,0.0047673939463484,0.0167713469872885,0.0047673939463484
0.2,1,"IPW","exact",1000,FALSE,3750,1156,0.00042567912868883,0.00614695313263144,TRUE,1.08531358848403e-05,0.460557615987188,0.739595941072193,0.807461692205197,0.0182921791209977,0.0115974652592362,0.0182921791209977,0.0115974652592362,0.0167713469872885,0.00608297676402569,0.0167713469872885,0.00608297676402569
0.2,1,"IPW","exact",3162.27766016838,FALSE,3750,1156,0.000152737553027695,0.00600838674494703,TRUE,1.01947114031664e-05,0.460763667673253,0.739560390063734,0.807794803464357,0.0177217944122555,0.0110544127507131,0.0177217944122555,0.0110544127507131,0.0162196228493572,0.00698591862743536,0.0162196228493572,0.00698591862743536
0.2,1,"IPW","exact",10000,FALSE,3750,1156,5.03975726735195e-05,0.00595611140341188,TRUE,3.90276965427096e-05,0.460849047018148,0.739541408077318,0.807461692205197,0.0175080419442174,0.010851465947754,0.0175080419442174,0.010851465947754,0.0170603122146367,0.00719223910456923,0.0170603122146367,0.00719223910456923
0.2,1,"Augmented","exact",0,FALSE,3750,1156,0.00449155508216013,0.00661323356968599,TRUE,1.05052121372752e-13,0.459985191766892,0.739071040888486,0.810293137908061,0.02254500432315,0.0156520704595693,0.02254500432315,0.0156520704595693,0.0208172080416283,0.00671526788917332,0.0208172080416283,0.00671526788917332
0.2,1,"Augmented","exact",0.001,FALSE,3750,1156,0.0044915528671312,0.00661323090850601,TRUE,9.97120141194443e-08,0.459985190723441,0.739071040888486,0.810293137908061,0.0225449966299798,0.0156520639236865,0.0225449966299798,0.0156520639236865,0.0208172080416283,0.00671526788917332,0.0208172080416283,0.00671526788917332
0.2,1,"Augmented","exact",0.00316227766016838,FALSE,3750,1156,0.0044915469768912,0.00661322483602692,TRUE,2.95121491597593e-07,0.459985187641341,0.739070880024194,0.810293137908061,0.022544976454932,0.0156520464633511,0.022544976454932,0.0156520464633511,0.0208172080416283,0.00671526788917332,0.0208172080416283,0.00671526788917332
0.2,1,"Augmented","exact",0.01,FALSE,3750,1156,0.00449152834427269,0.0066132051033637,TRUE,9.23802817567359e-07,0.459985178224202,0.739071040888486,0.810293137908061,0.0225449125913263,0.0156519912565265,0.0225449125913263,0.0156519912565265,0.0208172080416283,0.00671526788917332,0.0208172080416283,0.00671526788917332
0.2,1,"Augmented","exact",0.0316227766016838,FALSE,3750,1156,0.00449146966243659,0.00661314300740177,TRUE,2.91220488888318e-06,0.459985148561682,0.739072327802819,0.810293137908061,0.0225447114787257,0.015651817374307,0.0225447114787257,0.015651817374307,0.0208172080416283,0.00671526788917332,0.0208172080416283,0.00671526788917332
0.2,1,"Augmented","exact",0.1,FALSE,3750,1156,0.00449128419339722,0.0066129466417909,TRUE,9.20182692749367e-06,0.459985054883951,0.739073614717152,0.810293137908061,0.0225440758223512,0.0156512678073828,0.0225440758223512,0.0156512678073828,0.0208172080416283,0.00671526788917332,0.0208172080416283,0.00671526788917332
0.2,1,"Augmented","exact",0.316227766016838,FALSE,3750,1156,0.00448755143984902,0.0066101622503041,TRUE,6.46524511405213e-06,0.459983583413697,0.739070397431319,0.810293137908061,0.0225321114980269,0.0156399628727378,0.0225321114980269,0.0156399628727378,0.0208172080416283,0.00671526788917332,0.0208172080416283,0.00671526788917332
0.2,1,"Augmented","exact",1,FALSE,3750,1156,0.00447877535516234,0.0066028006363691,TRUE,1.05955363645216e-05,0.459979768815511,0.739072327802819,0.810293137908061,0.0225038393626618,0.0156135615011587,0.0225038393626618,0.0156135615011587,0.0208172080416283,0.00671526788917332,0.0208172080416283,0.00671526788917332
0.2,1,"Augmented","exact",3.16227766016838,FALSE,3750,1156,0.00445072765926173,0.00657966947112106,TRUE,1.04927051597537e-05,0.45996758648995,0.739081175338861,0.810459693537642,0.0224166758080421,0.0155322962788181,0.0224166758080421,0.0155322962788181,0.0210930701105938,0.00706357858231177,0.0210930701105938,0.00706357858231177
0.2,1,"Augmented","exact",10,FALSE,3750,1156,0.00436446046510902,0.00650981042431783,TRUE,1.26548541037744e-05,0.459934770991234,0.739059780388069,0.810293137908061,0.0221467804526005,0.015280538150506,0.0221467804526005,0.015280538150506,0.020121001290023,0.00581232602576331,0.020121001290023,0.00581232602576331
0.2,1,"Augmented","exact",31.6227766016838,FALSE,3750,1156,0.00411361493806172,0.00630356045427476,TRUE,1.19233610789636e-05,0.459872280666722,0.739071201752777,0.810792804796802,0.0213565200426002,0.0145429456440721,0.0213565200426002,0.0145429456440721,0.019411691380035,0.00539968507149657,0.019411691380035,0.00539968507149657
0.2,1,"Augmented","exact",100,FALSE,3750,1156,0.003484545631776,0.00578026242153623,TRUE,9.99315471102798e-06,0.459897830291065,0.738972431077694,0.810293137908061,0.0193713196098085,0.0126966384507794,0.0193713196098085,0.0126966384507794,0.0198058297459091,0.00734755901432127,0.0198058297459091,0.00734755901432127
0.2,1,"Augmented","exact",316.227766016838,FALSE,3750,1156,0.00235509280322872,0.0048182090999167,TRUE,1.48476283727549e-05,0.460622543792287,0.738074969194488,0.80962691538974,0.0157848140081485,0.0093821925498081,0.0157848140081485,0.0093821925498081,0.0157468655331852,0.00623829667377773,0.0157468655331852,0.00623829667377773
0.2,1,"Augmented","exact",1000,TRUE,3750,1156,0.00116459593366067,0.00376904393438899,TRUE,1.16439480776303e-05,0.462340332562768,0.735974564138202,0.803964023984011,0.0119764163478548,0.00589126557909025,0.0119764163478548,0.00589126557909025,0.00808859126552719,0.000317014890426903,0.00808859126552719,0.000317014890426903
0.2,1,"Augmented","exact",3162.27766016838,FALSE,3750,1156,0.00044783644498017,0.00312046621203116,TRUE,9.7065142973914e-06,0.463848295003941,0.734163714806915,0.801632245169887,0.00967010440638638,0.00378950352240326,0.00967010440638638,0.00378950352240326,0.00393755707266175,-0.00476565529064243,0.00393755707266175,0.00476565529064243
0.2,1,"Augmented","exact",10000,FALSE,3750,1156,0.000151934517415926,0.00284771115682489,TRUE,1.3205417319946e-05,0.464575479951034,0.733286843553042,0.800799467021985,0.00871324503610615,0.00292035617169351,0.00871324503610615,0.00292035617169351,0.00337272977634784,-0.00511396598378067,0.00337272977634784,0.00511396598378067
0.2,1,"AugmentedMisspecified","exact",0,FALSE,3750,1156,0.00453509260865519,0.00650521225703895,TRUE,1.05052121372752e-13,0.459985191766892,0.739071040888486,0.810293137908061,0.02254500432315,0.0156520704595693,0.02254500432315,0.0156520704595693,0.0208172080416283,0.00671526788917332,0.0208172080416283,0.00671526788917332
0.2,1,"AugmentedMisspecified","exact",0.001,FALSE,3750,1156,0.00453509010265447,0.00650520925867505,TRUE,1.03235438631578e-07,0.459985190726792,0.739071040888486,0.810293137908061,0.0225449961541493,0.015652063553961,0.0225449961541493,0.015652063553961,0.0208172080416283,0.00671526788917332,0.0208172080416283,0.00671526788917332
0.2,1,"AugmentedMisspecified","exact",0.00316227766016838,FALSE,3750,1156,0.00453508361069588,0.00650520256826729,TRUE,3.04089779846959e-07,0.459985187611678,0.739070880024194,0.810293137908061,0.0225449750288361,0.0156520453453592,0.0225449750288361,0.0156520453453592,0.0208172080416283,0.00671526788917332,0.0208172080416283,0.00671526788917332
0.2,1,"AugmentedMisspecified","exact",0.01,FALSE,3750,1156,0.00453506297962389,0.00650518073608239,TRUE,9.52607738993292e-07,0.459985178109066,0.739071040888486,0.810293137908061,0.0225449079879012,0.0156519876410114,0.0225449079879012,0.0156519876410114,0.0208172080416283,0.00671526788917332,0.0208172080416283,0.00671526788917332
0.2,1,"AugmentedMisspecified","exact",0.0316227766016838,FALSE,3750,1156,0.00453499801369349,0.00650511204514143,TRUE,3.00299131343573e-06,0.459985148174795,0.739072166938527,0.810293137908061,0.022544696886262,0.0156518059055114,0.022544696886262,0.0156518059055114,0.0208172080416283,0.00671526788917332,0.0208172080416283,0.00671526788917332
0.2,1,"AugmentedMisspecified","exact",0.1,FALSE,3750,1156,0.0045347926663325,0.00650489480932562,TRUE,9.48881696199099e-06,0.459985053649546,0.739073453852861,0.810293137908061,0.0225440296275708,0.0156512314939157,0.0225440296275708,0.0156512314939157,0.0208172080416283,0.00671526788917332,0.0208172080416283,0.00671526788917332
0.2,1,"AugmentedMisspecified","exact",0.316227766016838,FALSE,3750,1156,0.00453085130307551,0.00650207811268334,TRUE,7.18394065263777e-06,0.459983486959697,0.739071040888486,0.810293137908061,0.0225317888563233,0.0156396682040091,0.0225317888563233,0.0156396682040091,0.0208172080416283,0.00671526788917332,0.0208172080416283,0.00671526788917332
0.2,1,"AugmentedMisspecified","exact",1,FALSE,3750,1156,0.00452151168244325,0.00649446731492571,TRUE,1.14354338297036e-05,0.4599794601106,0.739074740767194,0.810293137908061,0.022502695659536,0.0156125179316227,0.022502695659536,0.0156125179316227,0.0208172080416283,0.00671526788917332,0.0208172080416283,0.00671526788917332
0.2,1,"AugmentedMisspecified","exact",3.16227766016838,FALSE,3750,1156,0.00449171821488668,0.00647106591602663,TRUE,1.26490142712425e-05,0.459966617120997,0.739085196946152,0.810459693537642,0.0224132541439638,0.0155288730441335,0.0224132541439638,0.0155288730441335,0.0210930701105938,0.00706357858231177,0.0210930701105938,0.00706357858231177
0.2,1,"AugmentedMisspecified","exact",10,FALSE,3750,1156,0.00440047125112299,0.00640102671649693,TRUE,1.15629064103168e-05,0.459933317830125,0.739071362617069,0.810293137908061,0.022137992362347,0.0152714006890352,0.022137992362347,0.0152714006890352,0.020121001290023,0.00581232602576331,0.020121001290023,0.00581232602576331
0.2,1,"AugmentedMisspecified","exact",31.6227766016838,FALSE,3750,1156,0.00413440170572604,0.00619341410534144,TRUE,1.16472649475369e-05,0.459867080211201,0.739109970047069,0.810459693537642,0.0213289776032869,0.0145137542607112,0.0213289776032869,0.0145137542607112,0.0201078981316404,0.00595431624176823,0.0201078981316404,0.00595431624176823
0.2,1,"AugmentedMisspecified","exact",100,FALSE,3750,1156,0.00347285955235104,0.00567162458747384,TRUE,8.98222351130794e-06,0.459897694428117,0.739081979660319,0.80979347101932,0.0193157314135216,0.0126354020080911,0.0193157314135216,0.0126354020080911,0.0186892783116637,0.00699924832118304,0.0186892783116637,0.00699924832118304
0.2,1,"AugmentedMisspecified","exact",316.227766016838,FALSE,3750,1156,0.00230682364656853,0.00473299130215222,TRUE,1.21816554873808e-05,0.460638975194817,0.738329617368196,0.809127248500999,0.015751524713277,0.00933234490377421,0.015751524713277,0.00933234490377421,0.0161672102158249,0.00644461715091149,0.0161672102158249,0.00644461715091149
0.2,1,"AugmentedMisspecified","exact",1000,TRUE,3750,1156,0.00111697381130845,0.00374864733143926,TRUE,1.28958132292342e-05,0.462300306806688,0.736455065777409,0.804463690872751,0.0120947522174744,0.00597217966815078,0.0120947522174744,0.00597217966815078,0.0083644533344932,0.00101363627670348,0.0083644533344932,0.00101363627670348
0.2,1,"AugmentedMisspecified","exact",3162.27766016838,FALSE,3750,1156,0.000423877637741456,0.00316248082939959,TRUE,3.03045930556656e-05,0.463689641603007,0.734822936674163,0.801798800799467,0.0099543336087704,0.0040191349251919,0.0099543336087704,0.0040191349251919,0.00615755678276864,-0.00226315017754564,0.00615755678276864,0.00226315017754564
0.2,1,"AugmentedMisspecified","exact",10000,FALSE,3750,1156,0.000143037029898875,0.00292377259573589,TRUE,1.48547492665634e-05,0.464338247856207,0.734036149423623,0.799800133244504,0.00908658593461653,0.00322854182084753,0.00908658593461653,0.00322854182084753,0.00447617805220935,-0.0045593348135089,0.00447617805220935,0.0045593348135089
0.2,2,"Unconstrained","exact",0,TRUE,3539,1192,0.00464490496784657,0.00482758230907159,TRUE,1.08513695273046e-13,0.459985191766891,0.739071040888486,0.810293137908061,0.0225450043231494,0.0156520704595688,0.0225450043231494,0.0156520704595688,0.0208172080416283,0.00671526788917332,0.0208172080416283,0.00671526788917332
0.2,2,"Oracle","exact",0,FALSE,3539,1192,0.00529178061490764,0.00629127250049168,TRUE,1.05052121372752e-13,0.459985191766892,0.739071040888486,0.810293137908061,0.02254500432315,0.0156520704595693,0.02254500432315,0.0156520704595693,0.0208172080416283,0.00671526788917332,0.0208172080416283,0.00671526788917332
0.2,2,"Oracle","exact",0.001,FALSE,3539,1192,0.00529177820905107,0.00629127012120198,TRUE,1.11021923359621e-07,0.459985190194421,0.739071040888486,0.810293137908061,0.0225449954653917,0.0156520629158549,0.0225449954653917,0.0156520629158549,0.0208172080416283,0.00671526788917332,0.0208172080416283,0.00671526788917332
0.2,2,"Oracle","exact",0.00316227766016838,FALSE,3539,1192,0.00529177173392345,0.00629126391448259,TRUE,3.27015255675397e-07,0.459985185613298,0.739070880024194,0.810293137908061,0.0225449720466989,0.0156520426163859,0.0225449720466989,0.0156520426163859,0.0208172080416283,0.00671526788917332,0.0208172080416283,0.00671526788917332
0.2,2,"Oracle","exact",0.01,FALSE,3539,1192,0.00529175136616696,0.00629124429197505,TRUE,1.02198254684685e-06,0.459985171551179,0.739071040888486,0.810293137908061,0.0225448981889969,0.0156519786441922,0.0225448981889969,0.0156519786441922,0.0208172080416283,0.00671526788917332,0.0208172080416283,0.00671526788917332
0.2,2,"Oracle","exact",0.0316227766016838,FALSE,3539,1192,0.00529168722448246,0.00629118250464328,TRUE,3.22121257043506e-06,0.459985127257558,0.739072166938527,0.810293137908061,0.022544665617006,0.0156517771643727,0.022544665617006,0.0156517771643727,0.0208172080416283,0.00671526788917332,0.0208172080416283,0.00671526788917332
0.2,2,"Oracle","exact",0.1,FALSE,3539,1192,0.00529148451496665,0.00629098721315148,TRUE,1.01779949552156e-05,0.459984987357526,0.739073936445736,0.810293137908061,0.0225439305655029,0.0156511404026737,0.0225439305655029,0.0156511404026737,0.0208172080416283,0.00671526788917332,0.0208172080416283,0.00671526788917332
0.2,2,"Oracle","exact",0.316227766016838,FALSE,3539,1192,0.0052877286987205,0.00628757386933509,TRUE,7.04374605439898e-06,0.459982676334325,0.739073132124277,0.810293137908061,0.0225308674490009,0.0156386715863113,0.0225308674490009,0.0156386715863113,0.0208172080416283,0.00671526788917332,0.0208172080416283,0.00671526788917332
0.2,2,"Oracle","exact",1,FALSE,3539,1192,0.00527881433635366,0.00627927942073684,TRUE,1.00980212214249e-05,0.459976750441284,0.739083266574652,0.810293137908061,0.0224996613374855,0.0156091517207169,0.0224996613374855,0.0156091517207169,0.0208172080416283,0.00671526788917332,0.0208172080416283,0.00671526788917332
0.2,2,"Oracle","exact",3.16227766016838,FALSE,3539,1192,0.0052503730703072,0.00625317992796339,TRUE,1.07983673725647e-05,0.459956840475952,0.739106591896944,0.810459693537642,0.0224021867558235,0.0155171336742858,0.0224021867558235,0.0155171336742858,0.0210930701105938,0.00706357858231177,0.0210930701105938,0.00706357858231177
0.2,2,"Oracle","exact",10,FALSE,3539,1192,0.00516290222934436,0.00617284288570082,TRUE,1.35711523260974e-05,0.459901923811195,0.739135708333736,0.810126582278481,0.0220998360246384,0.0152315388936607,0.0220998360246384,0.0152315388936607,0.0203968633589886,0.00581232602576331,0.0203968633589886,0.00581232602576331
0.2,2,"Oracle","exact",31.6227766016838,FALSE,3539,1192,0.00490507377328343,0.00593539670106781,TRUE,1.2874457926251e-05,0.459775129966012,0.739278394960443,0.810626249167222,0.0212068762215351,0.0143924036090841,0.0212068762215351,0.0143924036090841,0.0191358293110695,0.00505137437835812,0.0191358293110695,0.00505137437835812
0.2,2,"Oracle","exact",100,FALSE,3539,1192,0.00423818823092835,0.00531500310935873,TRUE,1.30170796508488e-05,0.459694378897102,0.739465158403068,0.80929380413058,0.0188965026603667,0.0122224372460267,0.0188965026603667,0.0122224372460267,0.0166137612152311,0.00560600554862978,0.0166137612152311,0.00560600554862978
0.2,2,"Oracle","exact",316.227766016838,FALSE,3539,1192,0.00296861159733483,0.00412257407593279,TRUE,9.78614051228416e-06,0.460515173956145,0.738873821266903,0.807628247834777,0.0144915803037272,0.00811319452010117,0.0144915803037272,0.00811319452010117,0.0145910046237915,0.0051290343332342,0.0145910046237915,0.0051290343332342
0.2,2,"Oracle","exact",1000,TRUE,3539,1192,0.0015244494976099,0.00274413819293694,TRUE,1.2719592279585e-05,0.463023210000175,0.736152319180493,0.801798800799467,0.00947083663580917,0.00346286875802315,0.00947083663580917,0.00346286875802315,0.0106896261831253,0.00101363627670348,0.0106896261831253,0.00101363627670348
0.2,2,"Oracle","exact",3162.27766016838,FALSE,3539,1192,0.000599471380623759,0.00184861217495315,TRUE,1.63582006081514e-05,0.465509880555462,0.732973640777168,0.796635576282478,0.00624511222118151,0.000487191790973118,0.00624511222118151,0.000487191790973118,0.00525135162557455,-0.00205682970041221,0.00525135162557455,0.00205682970041221
0.2,2,"Oracle","exact",10000,FALSE,3539,1192,0.000205290515412797,0.00146299919379623,TRUE,2.82394971673876e-05,0.466777514921169,0.731273305214255,0.794636908727515,0.00486644519774648,-0.000783380595229533,0.00486644519774648,0.000783380595229533,0.00484411010131736,-0.0030374315186984,0.00484411010131736,0.0030374315186984
0.2,2,"SoftProxy","exact",0,FALSE,3539,1192,0.00464490496784672,0.00482758230907175,TRUE,1.05052121372752e-13,0.459985191766892,0.739071040888486,0.810293137908061,0.02254500432315,0.0156520704595693,0.02254500432315,0.0156520704595693,0.0208172080416283,0.00671526788917332,0.0208172080416283,0.00671526788917332
0.2,2,"SoftProxy","exact",0.001,FALSE,3539,1192,0.00464490250520568,0.00482757988648795,TRUE,9.97069212169441e-08,0.45998519011501,0.739071040888486,0.810293137908061,0.0225449969410162,0.0156520642912616,0.0225449969410162,0.0156520642912616,0.0208172080416283,0.00671526788917332,0.0208172080416283,0.00671526788917332
0.2,2,"SoftProxy","exact",0.00316227766016838,FALSE,3539,1192,0.00464489621944268,0.00482757367274581,TRUE,2.90385675675078e-07,0.459985185181116,0.739070880024194,0.810293137908061,0.0225449781731391,0.0156520482660758,0.0225449781731391,0.0156520482660758,0.0208172080416283,0.00671526788917332,0.0208172080416283,0.00671526788917332
0.2,2,"SoftProxy","exact",0.01,FALSE,3539,1192,0.00464487623283913,0.00482755393371409,TRUE,9.08594101003408e-07,0.459985170035555,0.739071201752777,0.810293137908061,0.0225449183921788,0.0156519972871502,0.0225449183921788,0.0156519972871502,0.0208172080416283,0.00671526788917332,0.0208172080416283,0.00671526788917332
0.2,2,"SoftProxy","exact",0.0316227766016838,FALSE,3539,1192,0.00464481331777639,0.00482749179621807,TRUE,2.8632933516581e-06,0.45998512233927,0.739072166938527,0.810293137908061,0.0225447301692296,0.0156518367394077,0.0225447301692296,0.0156518367394077,0.0208172080416283,0.00671526788917332,0.0208172080416283,0.00671526788917332
0.2,2,"SoftProxy","exact",0.1,FALSE,3539,1192,0.00464461445646476,0.00482729539583654,TRUE,9.04703040115807e-06,0.459984971714803,0.739072971259986,0.810293137908061,0.0225441351937077,0.0156513292669047,0.0225441351937077,0.0156513292669047,0.0208172080416283,0.00671526788917332,0.0208172080416283,0.00671526788917332
0.2,2,"SoftProxy","exact",0.316227766016838,FALSE,3539,1192,0.00464131129039084,0.00482400372330498,TRUE,6.74709208295387e-06,0.459982349352342,0.739072327802819,0.810293137908061,0.0225336739493333,0.0156413065848336,0.0225336739493333,0.0156413065848336,0.0208172080416283,0.00671526788917332,0.0208172080416283,0.00671526788917332
0.2,2,"SoftProxy","exact",1,FALSE,3539,1192,0.00463337635629212,0.00481610514680937,TRUE,1.08521121183952e-05,0.459976271904187,0.739083910031819,0.810293137908061,0.0225082049304273,0.0156172334855358,0.0225082049304273,0.0156172334855358,0.0208172080416283,0.00671526788917332,0.0208172080416283,0.00671526788917332
0.2,2,"SoftProxy","exact",3.16227766016838,FALSE,3539,1192,0.00460827747655371,0.00479113067210704,TRUE,1.14971901177235e-05,0.459956720372624,0.739102892018236,0.810293137908061,0.0224310378958098,0.0155447990236948,0.0224310378958098,0.0155447990236948,0.0208172080416283,0.00671526788917332,0.0208172080416283,0.00671526788917332
0.2,2,"SoftProxy","exact",10,FALSE,3539,1192,0.00453121268465478,0.00471451159024307,TRUE,9.72529760431866e-06,0.459900244750653,0.739156781555944,0.80979347101932,0.0221900753522236,0.0153177676536264,0.0221900753522236,0.0153177676536264,0.0205413459726628,0.00601864650289696,0.0205413459726628,0.00601864650289696
0.2,2,"SoftProxy","exact",31.6227766016838,FALSE,3539,1192,0.00430399337925982,0.0044885159011438,TRUE,1.12648235220374e-05,0.459761905723464,0.739305259297152,0.810459693537642,0.0214806092126775,0.0146501957897943,0.0214806092126775,0.0146501957897943,0.0201078981316404,0.00595431624176823,0.0201078981316404,0.00595431624176823
0.2,2,"SoftProxy","exact",100,FALSE,3539,1192,0.00371719201862067,0.00390523100100541,TRUE,8.46115287514261e-06,0.459583939338685,0.739555403270693,0.80946035976016,0.0196369467488037,0.0129210006456696,0.0196369467488037,0.0129210006456696,0.017441347422128,0.00630262693490646,0.017441347422128,0.00630262693490646
0.2,2,"SoftProxy","exact",316.227766016838,FALSE,3539,1192,0.00260454541936064,0.00279939712019604,TRUE,1.1457264150134e-05,0.459988165222695,0.739539155977235,0.808627581612258,0.0160981458194657,0.00962432306112804,0.0160981458194657,0.00962432306112804,0.0153134176921627,0.00714123853718795,0.0153134176921627,0.00714123853718795
0.2,2,"SoftProxy","exact",1000,TRUE,3539,1192,0.00134317640228581,0.00154380279118625,TRUE,1.05704917637242e-05,0.461625677334289,0.738147036397155,0.80363091272485,0.0120065532202133,0.0058374108095286,0.0120065532202133,0.0058374108095286,0.0144465220101174,0.00671526788917332,0.0144465220101174,0.00671526788917332
0.2,2,"SoftProxy","exact",3162.27766016838,FALSE,3539,1192,0.000531295631146483,0.00073220414118101,TRUE,1.25687209827096e-05,0.463353530789046,0.736082825806493,0.799633577614923,0.00933149926360366,0.00336698431257443,0.00933149926360366,0.00336698431257443,0.0120951428447192,0.00510237494573951,0.0120951428447192,0.00510237494573951
0.2,2,"SoftProxy","exact",10000,FALSE,3539,1192,0.000182512866767803,0.000382244357320972,TRUE,2.60244027614409e-05,0.464259813600842,0.734907390427288,0.798301132578281,0.00817347912036415,0.00229768167859723,0.00817347912036415,0.00229768167859723,0.0121213491614848,0.00557934616113498,0.0121213491614848,0.00557934616113498
0.2,2,"IPW","exact",0,FALSE,3539,1192,0.00487258368793186,0.00500148776045646,TRUE,1.05052121372752e-13,0.459985191766892,0.739071040888486,0.810293137908061,0.02254500432315,0.0156520704595693,0.02254500432315,0.0156520704595693,0.0208172080416283,0.00671526788917332,0.0208172080416283,0.00671526788917332
0.2,2,"IPW","exact",0.001,FALSE,3539,1192,0.00487258081104216,0.00500148582181027,TRUE,1.30483323596412e-07,0.459985189255768,0.739071040888486,0.810293137908061,0.0225449971416327,0.0156520643392097,0.0225449971416327,0.0156520643392097,0.0208172080416283,0.00671526788917332,0.0208172080416283,0.00671526788917332
0.2,2,"IPW","exact",0.00316227766016838,FALSE,3539,1192,0.00487257241852111,0.00500148035949862,TRUE,3.89677029818055e-07,0.459985182063141,0.739070719159902,0.810293137908061,0.0225449768499751,0.0156520468554723,0.0225449768499751,0.0156520468554723,0.0208172080416283,0.00671526788917332,0.0208172080416283,0.00671526788917332
0.2,2,"IPW","exact",0.01,FALSE,3539,1192,0.00487254630386345,0.00500146329876818,TRUE,1.215707609553e-06,0.459985159824348,0.739071040888486,0.810293137908061,0.0225449135223118,0.0156519922555393,0.0225449135223118,0.0156519922555393,0.0208172080416283,0.00671526788917332,0.0208172080416283,0.00671526788917332
0.2,2,"IPW","exact",0.0316227766016838,FALSE,3539,1192,0.00487246403493262,0.00500140955742156,TRUE,3.83142363906599e-06,0.459985089802673,0.739071362617069,0.810293137908061,0.0225447140476513,0.0156518202480966,0.0225447140476513,0.0156518202480966,0.0208172080416283,0.00671526788917332,0.0208172080416283,0.00671526788917332
0.2,2,"IPW","exact",0.1,FALSE,3539,1192,0.00487220410804712,0.0050012397414109,TRUE,1.2104914246479e-05,0.45998486861734,0.739072971259986,0.810293137908061,0.022544083750075,0.0156512767481829,0.022544083750075,0.0156512767481829,0.0208172080416283,0.00671526788917332,0.0208172080416283,0.00671526788917332
0.2,2,"IPW","exact",0.316227766016838,FALSE,3539,1192,0.00486659552907356,0.00499781607451823,TRUE,1.0008220030242e-05,0.45998139326656,0.739075866817236,0.810293137908061,0.0225316284662598,0.0156396617216797,0.0225316284662598,0.0156396617216797,0.0208172080416283,0.00671526788917332,0.0208172080416283,0.00671526788917332
0.2,2,"IPW","exact",1,FALSE,3539,1192,0.00485155463145952,0.00498769225405842,TRUE,1.07357981037838e-05,0.459974244651341,0.739067984466944,0.810293137908061,0.0225033842921694,0.0156139011559823,0.0225033842921694,0.0156139011559823,0.0208172080416283,0.00671526788917332,0.0208172080416283,0.00671526788917332
0.2,2,"IPW","exact",3.16227766016838,FALSE,3539,1192,0.00480604966259988,0.00495752859376937,TRUE,1.19692164627142e-05,0.459951921680321,0.739069753974152,0.810293137908061,0.022413307788184,0.0155310161162493,0.022413307788184,0.0155310161162493,0.0208172080416283,0.00671526788917332,0.0208172080416283,0.00671526788917332
0.2,2,"IPW","exact",10,FALSE,3539,1192,0.00466828233785973,0.0048668833849192,TRUE,8.55431094805156e-06,0.459890125641649,0.739044659144652,0.810293137908061,0.0221367077878115,0.0152755889948242,0.0221367077878115,0.0152755889948242,0.0194247945384181,0.0058123260257632,0.0194247945384181,0.0058123260257632
0.2,2,"IPW","exact",31.6227766016838,FALSE,3539,1192,0.0042799754984928,0.00461434775653638,TRUE,1.24915678402438e-05,0.459757289428313,0.738940579947944,0.810126582278481,0.0213685919838268,0.0145701480578703,0.0213685919838268,0.0145701480578703,0.0199634155179665,0.00595431624176823,0.0199634155179665,0.00595431624176823
0.2,2,"IPW","exact",100,FALSE,3539,1192,0.00339153496063925,0.00403635871313091,TRUE,1.04184397018856e-05,0.459704450303926,0.73846619115182,0.80979347101932,0.0196028425712363,0.0129559204496746,0.0196028425712363,0.0129559204496746,0.0201078981316404,0.00796652044572188,0.0201078981316404,0.00796652044572188
0.2,2,"IPW","exact",316.227766016838,TRUE,3539,1192,0.0020536564429838,0.00317394397345147,TRUE,1.02685366199284e-05,0.460280232022815,0.73687894318595,0.810293137908061,0.0169408068009939,0.0105445065659676,0.0169408068009939,0.0105445065659676,0.0172837616500705,0.00658660736691596,0.0172837616500705,0.00658660736691596
0.2,2,"IPW","exact",1000,FALSE,3539,1192,0.000916060233870359,0.00244865225969059,TRUE,1.32121400364333e-05,0.461396366686222,0.734932002663913,0.808127914723518,0.0146832028277502,0.00851751349512342,0.0146832028277502,0.00851751349512342,0.0199634155179664,0.00747621953657862,0.0199634155179664,0.00747621953657862
0.2,2,"IPW","exact",3162.27766016838,FALSE,3539,1192,0.000333264078650073,0.00207913106985296,TRUE,1.85237160157862e-05,0.462192595912797,0.733750293577332,0.807461692205197,0.0135228627946875,0.00748026707090987,0.0135228627946875,0.00748026707090987,0.0195561739937092,0.00788886049084558,0.0195561739937092,0.00788886049084558
0.2,2,"IPW","exact",10000,FALSE,3539,1192,0.000110719892265879,0.00193833658235905,TRUE,1.28952262271444e-05,0.462535850557427,0.733216063264709,0.806962025316456,0.0130772711051684,0.00708223194481783,0.0130772711051684,0.00708223194481783,0.0202654839036974,0.00830150144511277,0.0202654839036974,0.00830150144511277
0.2,2,"Augmented","exact",0,FALSE,3539,1192,0.0043282112456253,0.00422232374550349,TRUE,1.05052121372752e-13,0.459985191766892,0.739071040888486,0.810293137908061,0.02254500432315,0.0156520704595693,0.02254500432315,0.0156520704595693,0.0208172080416283,0.00671526788917332,0.0208172080416283,0.00671526788917332
0.2,2,"Augmented","exact",0.001,FALSE,3539,1192,0.0043282093384332,0.00422232206281619,TRUE,9.86582705736643e-08,0.459985190209186,0.739071040888486,0.810293137908061,0.0225449981285621,0.0156520650968479,0.0225449981285621,0.0156520650968479,0.0208172080416283,0.00671526788917332,0.0208172080416283,0.00671526788917332
0.2,2,"Augmented","exact",0.00316227766016838,FALSE,3539,1192,0.00432820394713351,0.0042223174677054,TRUE,2.94713384101694e-07,0.459985185639099,0.739070880024194,0.810293137908061,0.0225449813215981,0.0156520502816935,0.0225449813215981,0.0156520502816935,0.0208172080416283,0.00671526788917332,0.0208172080416283,0.00671526788917332
0.2,2,"Augmented","exact",0.01,FALSE,3539,1192,0.00432818704137241,0.00422230297790375,TRUE,9.20981453791317e-07,0.459985171542873,0.739070880024194,0.810293137908061,0.022544928303325,0.0156520035743692,0.022544928303325,0.0156520035743692,0.0208172080416283,0.00671526788917332,0.0208172080416283,0.00671526788917332
0.2,2,"Augmented","exact",0.0316227766016838,FALSE,3539,1192,0.00432813378504196,0.00422225733290125,TRUE,2.90299428763506e-06,0.459985127147621,0.739071362617069,0.810293137908061,0.0225447613023423,0.0156518564223692,0.0225447613023423,0.0156518564223692,0.0208172080416283,0.00671526788917332,0.0208172080416283,0.00671526788917332
0.2,2,"Augmented","exact",0.1,FALSE,3539,1192,0.00432796549949413,0.00422211307751506,TRUE,9.17216222962942e-06,0.45998498691529,0.739072488667111,0.810293137908061,0.0225442335121638,0.0156513913766397,0.0225442335121638,0.0156513913766397,0.0208172080416283,0.00671526788917332,0.0208172080416283,0.00671526788917332
0.2,2,"Augmented","exact",0.316227766016838,FALSE,3539,1192,0.00432481622859506,0.00421956636222347,TRUE,1.12105417220656e-05,0.45998260161681,0.739070719159902,0.810293137908061,0.0225351291173805,0.0156427973402579,0.0225351291173805,0.0156427973402579,0.0208172080416283,0.00671526788917332,0.0208172080416283,0.00671526788917332
0.2,2,"Augmented","exact",1,FALSE,3539,1192,0.0043155663255953,0.00421163604202668,TRUE,9.17601273367669e-06,0.459976562862076,0.739076992867277,0.810293137908061,0.0225072843873204,0.0156160308654208,0.0225072843873204,0.0156160308654208,0.0208172080416283,0.00671526788917332,0.0208172080416283,0.00671526788917332
0.2,2,"Augmented","exact",3.16227766016838,FALSE,3539,1192,0.00428787331814179,0.00418909360001686,TRUE,1.06626815461502e-05,0.459957593209849,0.739088896824861,0.810293137908061,0.0224275192396566,0.0155401026955619,0.0224275192396566,0.0155401026955619,0.0208172080416283,0.00671526788917332,0.0208172080416283,0.00671526788917332
0.2,2,"Augmented","exact",10,FALSE,3539,1192,0.00420293599477324,0.00411970120154131,TRUE,1.1107266975854e-05,0.459903079879611,0.739115761161569,0.80979347101932,0.0221797230460896,0.015303811632029,0.0221797230460896,0.015303811632029,0.0205413459726628,0.00601864650289696,0.0205413459726628,0.00601864650289696
0.2,2,"Augmented","exact",31.6227766016838,FALSE,3539,1192,0.00395705297468013,0.00391915876558219,TRUE,1.04184117911018e-05,0.459772543628065,0.739189758735735,0.810459693537642,0.021457559241706,0.0146167126985959,0.021457559241706,0.0146167126985959,0.0183082431041733,0.00435475299208177,0.0183082431041733,0.00435475299208177
0.2,2,"Augmented","exact",100,FALSE,3539,1192,0.0033459766821442,0.00342060833052426,TRUE,9.37430707671471e-06,0.459615659357616,0.739186702314194,0.80946035976016,0.0196599458747106,0.0129112316590666,0.0196599458747106,0.0129112316590666,0.0177303126494761,0.00560600554862978,0.0177303126494761,0.00560600554862978
0.2,2,"Augmented","exact",316.227766016838,FALSE,3539,1192,0.00226507394569707,0.00253071608761966,TRUE,1.29887794496128e-05,0.459956198264064,0.738572522448612,0.80962691538974,0.0164237122484712,0.00985321963291241,0.0164237122484712,0.00985321963291241,0.0161803133742088,0.00519336459436293,0.0161803133742088,0.00519336459436293
0.2,2,"Augmented","exact",1000,TRUE,3539,1192,0.00113077482745921,0.00158608107649797,TRUE,1.12496962575066e-05,0.461186844377539,0.736966775089199,0.806962025316456,0.0129576592802589,0.0065937291333712,0.0129576592802589,0.0065937291333712,0.0138027278920436,0.00490938416235343,0.0138027278920436,0.00490938416235343
0.2,2,"Augmented","exact",3162.27766016838,FALSE,3539,1192,0.000439110915197434,0.00100536208263812,TRUE,1.15308274574182e-05,0.462389496124312,0.735406552324328,0.805463024650233,0.010809073727825,0.00457957142595833,0.010809073727825,0.00457957142595833,0.0113199692713538,0.00448341351433923,0.0113199692713538,0.00448341351433923
0.2,2,"Augmented","exact",10000,FALSE,3539,1192,0.000149756229502707,0.00076075228018689,TRUE,1.48959932125248e-05,0.462995576385547,0.734641481753163,0.804630246502332,0.0099005437622991,0.00372835600823607,0.0099005437622991,0.00372835600823607,0.0114775550434117,0.00419943308232906,0.0114775550434117,0.00419943308232906
0.2,2,"AugmentedMisspecified","exact",0,FALSE,3539,1192,0.00432794489323796,0.00433702697441239,TRUE,1.05052121372752e-13,0.459985191766892,0.739071040888486,0.810293137908061,0.02254500432315,0.0156520704595693,0.02254500432315,0.0156520704595693,0.0208172080416283,0.00671526788917332,0.0208172080416283,0.00671526788917332
0.2,2,"AugmentedMisspecified","exact",0.001,FALSE,3539,1192,0.00432794298373968,0.00433702524911213,TRUE,9.8094444929051e-08,0.459985190266365,0.739071040888486,0.810293137908061,0.0225449980781621,0.0156520650837016,0.0225449980781621,0.0156520650837016,0.0208172080416283,0.00671526788917332,0.0208172080416283,0.00671526788917332
0.2,2,"AugmentedMisspecified","exact",0.00316227766016838,FALSE,3539,1192,0.00432793761421551,0.00433702054983478,TRUE,2.92772328108033e-07,0.459985185853589,0.739070880024194,0.810293137908061,0.0225449812022539,0.0156520502923724,0.0225449812022539,0.0156520502923724,0.0208172080416283,0.00671526788917332,0.0208172080416283,0.00671526788917332
0.2,2,"AugmentedMisspecified","exact",0.01,FALSE,3539,1192,0.00432792076329973,0.00433700573077386,TRUE,9.14982020078316e-07,0.459985172246914,0.739070880024194,0.810293137908061,0.022544927931071,0.0156520036304491,0.022544927931071,0.0156520036304491,0.0208172080416283,0.00671526788917332,0.0208172080416283,0.00671526788917332
0.2,2,"AugmentedMisspecified","exact",0.0316227766016838,FALSE,3539,1192,0.00432786768161799,0.00433695905026116,TRUE,2.88406386285451e-06,0.459985129391256,0.739071684345652,0.810293137908061,0.0225447601367426,0.0156518566236715,0.0225447601367426,0.0156518566236715,0.0208172080416283,0.00671526788917332,0.0208172080416283,0.00671526788917332
0.2,2,"AugmentedMisspecified","exact",0.1,FALSE,3539,1192,0.00432769994561566,0.004336811521945,TRUE,9.11236637255843e-06,0.459984994022641,0.739072810395694,0.810293137908061,0.022544229831968,0.0156513920297046,0.022544229831968,0.0156513920297046,0.0208172080416283,0.00671526788917332,0.0208172080416283,0.00671526788917332
0.2,2,"AugmentedMisspecified","exact",0.316227766016838,FALSE,3539,1192,0.00432460037027004,0.00433424513733572,TRUE,1.15907340813933e-05,0.459982674352716,0.739070880024194,0.810293137908061,0.0225351899325541,0.0156429038756906,0.0225351899325541,0.0156429038756906,0.0208172080416283,0.00671526788917332,0.0208172080416283,0.00671526788917332
0.2,2,"AugmentedMisspecified","exact",1,FALSE,3539,1192,0.0043154303204833,0.00432620839882757,TRUE,9.5483973240554e-06,0.459976641265878,0.739078601510194,0.810293137908061,0.0225071476873767,0.0156160169720043,0.0225071476873767,0.0156160169720043,0.0208172080416283,0.00671526788917332,0.0208172080416283,0.00671526788917332
0.2,2,"AugmentedMisspecified","exact",3.16227766016838,FALSE,3539,1192,0.00428811024058884,0.00430335028684775,TRUE,9.89030104252698e-06,0.459957500708093,0.739089701146319,0.810293137908061,0.0224271721216071,0.0155398617932437,0.0224271721216071,0.0155398617932437,0.0208172080416283,0.00671526788917332,0.0208172080416283,0.00671526788917332
0.2,2,"AugmentedMisspecified","exact",10,FALSE,3539,1192,0.00420430116893426,0.00423267386577126,TRUE,1.08479999260178e-05,0.459902418325257,0.739118978447402,0.80979347101932,0.0221779768306282,0.0153024954854901,0.0221779768306282,0.0153024954854901,0.0205413459726628,0.00601864650289696,0.0205413459726628,0.00601864650289696
0.2,2,"AugmentedMisspecified","exact",31.6227766016838,FALSE,3539,1192,0.00396154775008316,0.00402863975182971,TRUE,8.76426329906697e-06,0.459770305659678,0.739200375778985,0.810459693537642,0.0214538836322359,0.014613728216978,0.0214538836322359,0.014613728216978,0.0191489324694528,0.00490938416235343,0.0191489324694528,0.00490938416235343
0.2,2,"AugmentedMisspecified","exact",100,FALSE,3539,1192,0.00335804837468716,0.00352003425896593,TRUE,9.95811406307614e-06,0.459608108987086,0.739247830745027,0.80929380413058,0.0196485048781625,0.0128996033579648,0.0196485048781625,0.0128996033579648,0.0177434158078591,0.00546401533262519,0.0177434158078591,0.00546401533262519
0.2,2,"AugmentedMisspecified","exact",316.227766016838,FALSE,3539,1192,0.0022868378716764,0.00261069009455584,TRUE,1.57090197231358e-05,0.459933347734227,0.738684805724195,0.80929380413058,0.0163901636264021,0.00981839731221179,0.0163901636264021,0.00981839731221179,0.0163247959878827,0.00449674320808635,0.0163247959878827,0.00449674320808635
0.2,2,"AugmentedMisspecified","exact",1000,TRUE,3539,1192,0.00115114226674987,0.00163560761538513,TRUE,7.50342621578913e-06,0.461168350529182,0.737179920275657,0.806962025316456,0.0128686167979423,0.00650280347751309,0.0128686167979423,0.00650280347751309,0.0136844515951358,0.00441908325321028,0.0136844515951358,0.00441908325321028
0.2,2,"AugmentedMisspecified","exact",3162.27766016838,FALSE,3539,1192,0.000449820575501336,0.00102826208194425,TRUE,1.78454636588685e-05,0.462401755845295,0.735572242544744,0.805463024650233,0.0106583918326066,0.00442861333016842,0.0106583918326066,0.00442861333016842,0.011057210360772,0.00434142329833409,0.011057210360772,0.00434142329833409
0.2,2,"AugmentedMisspecified","exact",10000,FALSE,3539,1192,0.000153718686536341,0.000770840531003066,TRUE,1.56635894436857e-05,0.463033273330498,0.73472609637058,0.805129913391073,0.0097173670037568,0.00354581275468413,0.0097173670037568,0.00354581275468413,0.013027554318679,0.00530869542287293,0.013027554318679,0.00530869542287293
0.2,3,"Unconstrained","exact",0,TRUE,3566,1197,0.00464481335271172,0.0046696412085007,TRUE,1.08513695273046e-13,0.459985191766891,0.739071040888486,0.810293137908061,0.0225450043231494,0.0156520704595688,0.0225450043231494,0.0156520704595688,0.0208172080416283,0.00671526788917332,0.0208172080416283,0.00671526788917332
0.2,3,"Oracle","exact",0,FALSE,3566,1197,0.00529178061490764,0.00629127250049168,TRUE,1.05052121372752e-13,0.459985191766892,0.739071040888486,0.810293137908061,0.02254500432315,0.0156520704595693,0.02254500432315,0.0156520704595693,0.0208172080416283,0.00671526788917332,0.0208172080416283,0.00671526788917332
0.2,3,"Oracle","exact",0.001,FALSE,3566,1197,0.00529177820905107,0.00629127012120198,TRUE,1.11021923359621e-07,0.459985190194421,0.739071040888486,0.810293137908061,0.0225449954653917,0.0156520629158549,0.0225449954653917,0.0156520629158549,0.0208172080416283,0.00671526788917332,0.0208172080416283,0.00671526788917332
0.2,3,"Oracle","exact",0.00316227766016838,FALSE,3566,1197,0.00529177173392345,0.00629126391448259,TRUE,3.27015255675397e-07,0.459985185613298,0.739070880024194,0.810293137908061,0.0225449720466989,0.0156520426163859,0.0225449720466989,0.0156520426163859,0.0208172080416283,0.00671526788917332,0.0208172080416283,0.00671526788917332
0.2,3,"Oracle","exact",0.01,FALSE,3566,1197,0.00529175136616696,0.00629124429197505,TRUE,1.02198254684685e-06,0.459985171551179,0.739071040888486,0.810293137908061,0.0225448981889969,0.0156519786441922,0.0225448981889969,0.0156519786441922,0.0208172080416283,0.00671526788917332,0.0208172080416283,0.00671526788917332
0.2,3,"Oracle","exact",0.0316227766016838,FALSE,3566,1197,0.00529168722448246,0.00629118250464328,TRUE,3.22121257043506e-06,0.459985127257558,0.739072166938527,0.810293137908061,0.022544665617006,0.0156517771643727,0.022544665617006,0.0156517771643727,0.0208172080416283,0.00671526788917332,0.0208172080416283,0.00671526788917332
0.2,3,"Oracle","exact",0.1,FALSE,3566,1197,0.00529148451496665,0.00629098721315148,TRUE,1.01779949552156e-05,0.459984987357526,0.739073936445736,0.810293137908061,0.0225439305655029,0.0156511404026737,0.0225439305655029,0.0156511404026737,0.0208172080416283,0.00671526788917332,0.0208172080416283,0.00671526788917332
0.2,3,"Oracle","exact",0.316227766016838,FALSE,3566,1197,0.0052877286987205,0.00628757386933509,TRUE,7.04374605439898e-06,0.459982676334325,0.739073132124277,0.810293137908061,0.0225308674490009,0.0156386715863113,0.0225308674490009,0.0156386715863113,0.0208172080416283,0.00671526788917332,0.0208172080416283,0.00671526788917332
0.2,3,"Oracle","exact",1,FALSE,3566,1197,0.00527881433635366,0.00627927942073684,TRUE,1.00980212214249e-05,0.459976750441284,0.739083266574652,0.810293137908061,0.0224996613374855,0.0156091517207169,0.0224996613374855,0.0156091517207169,0.0208172080416283,0.00671526788917332,0.0208172080416283,0.00671526788917332
0.2,3,"Oracle","exact",3.16227766016838,FALSE,3566,1197,0.0052503730703072,0.00625317992796339,TRUE,1.07983673725647e-05,0.459956840475952,0.739106591896944,0.810459693537642,0.0224021867558235,0.0155171336742858,0.0224021867558235,0.0155171336742858,0.0210930701105938,0.00706357858231177,0.0210930701105938,0.00706357858231177
0.2,3,"Oracle","exact",10,FALSE,3566,1197,0.00516290222934436,0.00617284288570082,TRUE,1.35711523260974e-05,0.459901923811195,0.739135708333736,0.810126582278481,0.0220998360246384,0.0152315388936607,0.0220998360246384,0.0152315388936607,0.0203968633589886,0.00581232602576331,0.0203968633589886,0.00581232602576331
0.2,3,"Oracle","exact",31.6227766016838,FALSE,3566,1197,0.00490507377328343,0.00593539670106781,TRUE,1.2874457926251e-05,0.459775129966012,0.739278394960443,0.810626249167222,0.0212068762215351,0.0143924036090841,0.0212068762215351,0.0143924036090841,0.0191358293110695,0.00505137437835812,0.0191358293110695,0.00505137437835812
0.2,3,"Oracle","exact",100,FALSE,3566,1197,0.00423818823092835,0.00531500310935873,TRUE,1.30170796508488e-05,0.459694378897102,0.739465158403068,0.80929380413058,0.0188965026603667,0.0122224372460267,0.0188965026603667,0.0122224372460267,0.0166137612152311,0.00560600554862978,0.0166137612152311,0.00560600554862978
0.2,3,"Oracle","exact",316.227766016838,FALSE,3566,1197,0.00296861159733483,0.00412257407593279,TRUE,9.78614051228416e-06,0.460515173956145,0.738873821266903,0.807628247834777,0.0144915803037272,0.00811319452010117,0.0144915803037272,0.00811319452010117,0.0145910046237915,0.0051290343332342,0.0145910046237915,0.0051290343332342
0.2,3,"Oracle","exact",1000,TRUE,3566,1197,0.0015244494976099,0.00274413819293694,TRUE,1.2719592279585e-05,0.463023210000175,0.736152319180493,0.801798800799467,0.00947083663580917,0.00346286875802315,0.00947083663580917,0.00346286875802315,0.0106896261831253,0.00101363627670348,0.0106896261831253,0.00101363627670348
0.2,3,"Oracle","exact",3162.27766016838,FALSE,3566,1197,0.000599471380623759,0.00184861217495315,TRUE,1.63582006081514e-05,0.465509880555462,0.732973640777168,0.796635576282478,0.00624511222118151,0.000487191790973118,0.00624511222118151,0.000487191790973118,0.00525135162557455,-0.00205682970041221,0.00525135162557455,0.00205682970041221
0.2,3,"Oracle","exact",10000,FALSE,3566,1197,0.000205290515412797,0.00146299919379623,TRUE,2.82394971673876e-05,0.466777514921169,0.731273305214255,0.794636908727515,0.00486644519774648,-0.000783380595229533,0.00486644519774648,0.000783380595229533,0.00484411010131736,-0.0030374315186984,0.00484411010131736,0.0030374315186984
0.2,3,"SoftProxy","exact",0,FALSE,3566,1197,0.00464481335271181,0.00466964120850078,TRUE,1.05052121372752e-13,0.459985191766892,0.739071040888486,0.810293137908061,0.02254500432315,0.0156520704595693,0.02254500432315,0.0156520704595693,0.0208172080416283,0.00671526788917332,0.0208172080416283,0.00671526788917332
0.2,3,"SoftProxy","exact",0.001,FALSE,3566,1197,0.00464481144433431,0.00466963931044273,TRUE,9.05998206564095e-08,0.459985190596979,0.739071040888486,0.810293137908061,0.0225449968514629,0.0156520639708049,0.0225449968514629,0.0156520639708049,0.0208172080416283,0.00671526788917332,0.0208172080416283,0.00671526788917332
0.2,3,"SoftProxy","exact",0.00316227766016838,FALSE,3566,1197,0.00464480641408915,0.0046696342927335,TRUE,2.65454658288809e-07,0.459985187134329,0.739070880024194,0.810293137908061,0.0225449773262003,0.0156520466592731,0.0225449773262003,0.0156520466592731,0.0208172080416283,0.00671526788917332,0.0208172080416283,0.00671526788917332
0.2,3,"SoftProxy","exact",0.01,FALSE,3566,1197,0.00464479052727137,0.00466961845512211,TRUE,8.29689957366487e-07,0.459985176517419,0.739071040888486,0.810293137908061,0.0225449156289761,0.015651992033611,0.0225449156289761,0.015651992033611,0.0208172080416283,0.00671526788917332,0.0208172080416283,0.00671526788917332
0.2,3,"SoftProxy","exact",0.0316227766016838,FALSE,3566,1197,0.00464474050705867,0.00466956858962397,TRUE,2.61472129634785e-06,0.459985143071911,0.739072327802819,0.810293137908061,0.0225447213782338,0.0156518200150523,0.0225447213782338,0.0156518200150523,0.0208172080416283,0.00671526788917332,0.0208172080416283,0.00671526788917332
0.2,3,"SoftProxy","exact",0.1,FALSE,3566,1197,0.00464458241912679,0.00466941099269339,TRUE,8.2615540712209e-06,0.459985037438833,0.739073614717152,0.810293137908061,0.0225441074321668,0.0156512763614848,0.0225441074321668,0.0156512763614848,0.0208172080416283,0.00671526788917332,0.0208172080416283,0.00671526788917332
0.2,3,"SoftProxy","exact",0.316227766016838,FALSE,3566,1197,0.00464193888407461,0.00466676714936461,TRUE,1.06486046024884e-05,0.459983240197221,0.739072006074236,0.810293137908061,0.0225342485234353,0.0156416236717569,0.0225342485234353,0.0156416236717569,0.0208172080416283,0.00671526788917332,0.0208172080416283,0.00671526788917332
0.2,3,"SoftProxy","exact",1,FALSE,3566,1197,0.00463525055887731,0.00466012003316029,TRUE,1.08656767700778e-05,0.45997853159853,0.739085036081861,0.810293137908061,0.0225089493813415,0.0156169901001694,0.0225089493813415,0.0156169901001694,0.0208172080416283,0.00671526788917332,0.0208172080416283,0.00671526788917332
0.2,3,"SoftProxy","exact",3.16227766016838,FALSE,3566,1197,0.00461423562238317,0.00463930145989666,TRUE,9.66089608430281e-06,0.459963270082723,0.739109326589902,0.810293137908061,0.0224323963134855,0.0155425341003795,0.0224323963134855,0.0155425341003795,0.0208172080416283,0.00671526788917332,0.0208172080416283,0.00671526788917332
0.2,3,"SoftProxy","exact",10,FALSE,3566,1197,0.00454933453786745,0.00457500553807908,TRUE,8.84645145987958e-06,0.45992010103915,0.739158068470277,0.810459693537642,0.0221936755398418,0.0153098284557803,0.0221936755398418,0.0153098284557803,0.02094858749692,0.00650894741204,0.02094858749692,0.00650894741204
0.2,3,"SoftProxy","exact",31.6227766016838,FALSE,3566,1197,0.00435568959757358,0.00438309913669966,TRUE,1.24731719728014e-05,0.459815143446199,0.73933887993411,0.810626249167222,0.0214815061079774,0.0146165295839135,0.0214815061079774,0.0146165295839135,0.0196875534490009,0.00539968507149657,0.0196875534490009,0.00539968507149657
0.2,3,"SoftProxy","exact",100,FALSE,3566,1197,0.00383884798532539,0.00387115809241482,TRUE,9.99417347151396e-06,0.459703142780044,0.739686346804109,0.809960026648901,0.0195777412007281,0.0127667870078002,0.0195777412007281,0.0127667870078002,0.0184134162426983,0.00519336459436293,0.0184134162426983,0.00519336459436293
0.2,3,"SoftProxy","exact",316.227766016838,FALSE,3566,1197,0.00279178602785416,0.00283461366713596,TRUE,1.18417639817216e-05,0.46022795256485,0.73989402260465,0.808461025982678,0.0157081396911061,0.00902185071830719,0.0157081396911061,0.00902185071830719,0.0169554869475727,0.00797985013946911,0.0169554869475727,0.00797985013946911
0.2,3,"SoftProxy","exact",1000,TRUE,3566,1197,0.00150076268566599,0.00155616759029522,TRUE,1.20690475591419e-05,0.462265845115636,0.738545658111904,0.799966688874084,0.0108941142208753,0.00438915377289217,0.0108941142208753,0.00438915377289217,0.0140130741690946,0.00392878234406724,0.0140130741690946,0.00392878234406724
0.2,3,"SoftProxy","exact",3162.27766016838,FALSE,3566,1197,0.000609867419251524,0.000672806597166995,TRUE,1.36069574573393e-05,0.464578834981152,0.736180792160118,0.796135909393737,0.00753459056140771,0.00117013176426806,0.00753459056140771,0.00117013176426806,0.0084565233146352,-0.000947567359868784,0.0084565233146352,0.000947567359868784
0.2,3,"SoftProxy","exact",10000,FALSE,3566,1197,0.000212045133123122,0.000277842639005191,TRUE,1.30558406124494e-05,0.465852096196275,0.734674458932955,0.795136575616256,0.00602205457111582,-0.000275889915424044,0.00602205457111582,0.000275889915424044,0.00691962719775019,-0.00164418874614525,0.00691962719775019,0.00164418874614525
0.2,3,"IPW","exact",0,FALSE,3566,1197,0.0067115709244142,0.00751134183976411,TRUE,1.05052121372752e-13,0.459985191766892,0.739071040888486,0.810293137908061,0.02254500432315,0.0156520704595693,0.02254500432315,0.0156520704595693,0.0208172080416283,0.00671526788917332,0.0208172080416283,0.00671526788917332
0.2,3,"IPW","exact",0.001,FALSE,3566,1197,0.00671156539866949,0.0075113370979654,TRUE,1.68361340907665e-07,0.459985188979339,0.739070880024194,0.810293137908061,0.0225449892629451,0.015652057683486,0.0225449892629451,0.015652057683486,0.0208172080416283,0.00671526788917332,0.0208172080416283,0.00671526788917332
0.2,3,"IPW","exact",0.00316227766016838,FALSE,3566,1197,0.00671155147025483,0.00751132515736402,TRUE,4.82639993666146e-07,0.459985180740256,0.739070880024194,0.810293137908061,0.0225449508661552,0.0156520244325608,0.0225449508661552,0.0156520244325608,0.0208172080416283,0.00671526788917332,0.0208172080416283,0.00671526788917332
0.2,3,"IPW","exact",0.01,FALSE,3566,1197,0.00671150729332011,0.00751128734543987,TRUE,1.50774243938828e-06,0.459985155495675,0.739071523481361,0.810293137908061,0.0225448292633477,0.0156519192768689,0.0225448292633477,0.0156519192768689,0.0208172080416283,0.00671526788917332,0.0208172080416283,0.00671526788917332
0.2,3,"IPW","exact",0.0316227766016838,FALSE,3566,1197,0.00671136826222601,0.00751116835197895,TRUE,4.74992598685532e-06,0.459985076000923,0.739072327802819,0.810293137908061,0.0225444464952852,0.0156515882155658,0.0225444464952852,0.0156515882155658,0.0208172080416283,0.00671526788917332,0.0208172080416283,0.00671526788917332
0.2,3,"IPW","exact",0.1,FALSE,3566,1197,0.00671092881769416,0.0075107922468041,TRUE,1.50074680128479e-05,0.45998482502937,0.739073453852861,0.810293137908061,0.0225432366641676,0.0156505418679698,0.0225432366641676,0.0156505418679698,0.0208172080416283,0.00671526788917332,0.0208172080416283,0.00671526788917332
0.2,3,"IPW","exact",0.316227766016838,FALSE,3566,1197,0.00670496174990555,0.00750601862385271,TRUE,9.93189713120255e-06,0.4599808907468,0.739073936445736,0.810293137908061,0.0225254814892617,0.0156332608375206,0.0225254814892617,0.0156332608375206,0.0208172080416283,0.00671526788917332,0.0208172080416283,0.00671526788917332
0.2,3,"IPW","exact",1,FALSE,3566,1197,0.00669024075717461,0.00749427247215141,TRUE,1.14822028236803e-05,0.459971006480868,0.739087449046236,0.810293137908061,0.022481269392456,0.0155908148046574,0.022481269392456,0.0155908148046574,0.0208172080416283,0.00671526788917332,0.0208172080416283,0.00671526788917332
0.2,3,"IPW","exact",3.16227766016838,FALSE,3566,1197,0.00664315089579469,0.00745875018178869,TRUE,1.37779950533552e-05,0.459942918809071,0.73911785239736,0.810293137908061,0.0223424748366137,0.0154571935809906,0.0223424748366137,0.0154571935809906,0.0213689321795596,0.00706357858231177,0.0213689321795596,0.00706357858231177
0.2,3,"IPW","exact",10,FALSE,3566,1197,0.00649692260350422,0.00734560975357642,TRUE,1.19423948870846e-05,0.45986921037717,0.739224344558444,0.810459693537642,0.0219114226004117,0.0150418507853268,0.0219114226004117,0.0150418507853268,0.0202523807453144,0.00560600554862978,0.0202523807453144,0.00560600554862978
0.2,3,"IPW","exact",31.6227766016838,FALSE,3566,1197,0.0060740446296024,0.00702044158783768,TRUE,8.76759443208833e-06,0.459723129565862,0.739513739419151,0.810459693537642,0.0206708571998414,0.0138486669716683,0.0206708571998414,0.0138486669716683,0.0195299676769434,0.00554167528750116,0.0195299676769434,0.00554167528750116
0.2,3,"IPW","exact",100,FALSE,3566,1197,0.00502565390052007,0.00621995311879107,TRUE,1.1504079863919e-05,0.459822627127465,0.739937295099108,0.809127248500999,0.0176206589455391,0.0109200545566803,0.0176206589455391,0.0109200545566803,0.0198847965676684,0.00832816083260746,0.0198847965676684,0.00832816083260746
0.2,3,"IPW","exact",316.227766016838,TRUE,3566,1197,0.00322788781208353,0.00487182584371609,TRUE,1.38590330234427e-05,0.461502382493682,0.739308476582985,0.804963357761492,0.0124550947851656,0.00596920919482735,0.0124550947851656,0.00596920919482735,0.0164565233146355,0.00610963615152038,0.0164565233146355,0.00610963615152038
0.2,3,"IPW","exact",1000,FALSE,3566,1197,0.00150404444758321,0.00360612432374716,TRUE,1.26746383709509e-05,0.464844770346179,0.735703346942452,0.796469020652898,0.00754524595904871,0.00126249417014845,0.00754524595904871,0.00126249417014845,0.0154058355437667,0.00498704411722939,0.0154058355437667,0.00498704411722939
0.2,3,"IPW","exact",3162.27766016838,FALSE,3566,1197,0.000558109143517004,0.00292307518752896,TRUE,1.49624583270602e-05,0.467381919485254,0.732227230463836,0.793637574950033,0.00485516726860602,-0.00132064518374497,0.00485516726860602,0.00132064518374497,0.0110972155788436,0.00330982091266707,0.0110972155788436,0.00330982091266707
0.2,3,"IPW","exact",10000,FALSE,3566,1197,0.00018670810390481,0.00265677781906137,TRUE,1.83526844216615e-05,0.468513270713218,0.73054587688734,0.792638241172552,0.00379823078155039,-0.00233539256662629,0.00379823078155039,0.00233539256662629,0.00804962966183986,0.00121995675383735,0.00804962966183986,0.00121995675383735
0.2,3,"Augmented","exact",0,FALSE,3566,1197,0.00533960141289116,0.00755689463584507,TRUE,1.05052121372752e-13,0.459985191766892,0.739071040888486,0.810293137908061,0.02254500432315,0.0156520704595693,0.02254500432315,0.0156520704595693,0.0208172080416283,0.00671526788917332,0.0208172080416283,0.00671526788917332
0.2,3,"Augmented","exact",0.001,FALSE,3566,1197,0.00533959867190224,0.00755689155242432,TRUE,1.17384314620639e-07,0.459985190187301,0.739071040888486,0.810293137908061,0.0225449946955072,0.0156520621228573,0.0225449946955072,0.0156520621228573,0.0208172080416283,0.00671526788917332,0.0208172080416283,0.00671526788917332
0.2,3,"Augmented","exact",0.00316227766016838,FALSE,3566,1197,0.00533959133956065,0.00755688340096797,TRUE,3.45079265561267e-07,0.459985185589807,0.739070880024194,0.810293137908061,0.0225449693356085,0.0156520397301634,0.0225449693356085,0.0156520397301634,0.0208172080416283,0.00671526788917332,0.0208172080416283,0.00671526788917332
0.2,3,"Augmented","exact",0.01,FALSE,3566,1197,0.0053395682679778,0.0075568577558599,TRUE,1.07854233395081e-06,0.45998517149444,0.739071040888486,0.810293137908061,0.0225448893826969,0.0156519692013538,0.0225448893826969,0.0156519692013538,0.0208172080416283,0.00671526788917332,0.0208172080416283,0.00671526788917332
0.2,3,"Augmented","exact",0.0316227766016838,FALSE,3566,1197,0.0053394956134178,0.00755677701650489,TRUE,3.39956475451979e-06,0.459985127097151,0.739072649531402,0.810293137908061,0.0225446376374057,0.0156517470876952,0.0225446376374057,0.0156517470876952,0.0208172080416283,0.00671526788917332,0.0208172080416283,0.00671526788917332
0.2,3,"Augmented","exact",0.1,FALSE,3566,1197,0.00533926599576148,0.00755652185068048,TRUE,1.07416398973296e-05,0.459984986877691,0.739073614717152,0.810293137908061,0.0225438419919584,0.0156510451227676,0.0225438419919584,0.0156510451227676,0.0208172080416283,0.00671526788917332,0.0208172080416283,0.00671526788917332
0.2,3,"Augmented","exact",0.316227766016838,FALSE,3566,1197,0.00533506657460955,0.00755235321278626,TRUE,7.80920818150828e-06,0.459982728805599,0.739070880024194,0.810293137908061,0.0225301072994398,0.0156375693409583,0.0225301072994398,0.0156375693409583,0.0208172080416283,0.00671526788917332,0.0208172080416283,0.00671526788917332
0.2,3,"Augmented","exact",1,FALSE,3566,1197,0.00532503853275538,0.00754263582658085,TRUE,1.26957176152985e-05,0.459976982478345,0.739090827196361,0.810293137908061,0.0224975171195633,0.0156059096303209,0.0224975171195633,0.0156059096303209,0.0208172080416283,0.00671526788917332,0.0208172080416283,0.00671526788917332
0.2,3,"Augmented","exact",3.16227766016838,FALSE,3566,1197,0.00529298382900126,0.0075117763021333,TRUE,1.0313329164905e-05,0.459958440728377,0.73910337461111,0.810459693537642,0.0223961654547552,0.015507259583492,0.0223961654547552,0.015507259583492,0.0210930701105938,0.00706357858231177,0.0210930701105938,0.00706357858231177
0.2,3,"Augmented","exact",10,FALSE,3566,1197,0.00519426064197107,0.00741621726333349,TRUE,1.47955655824413e-05,0.459907874676202,0.739145360191235,0.810459693537642,0.0220809588566947,0.0152005806712224,0.0220809588566947,0.0152005806712224,0.02094858749692,0.00650894741204,0.02094858749692,0.00650894741204
0.2,3,"Augmented","exact",31.6227766016838,FALSE,3566,1197,0.00490414994126377,0.00713540877905411,TRUE,1.22692234983645e-05,0.459803419108744,0.739283542617777,0.810459693537642,0.0211538282567673,0.0143011186113008,0.0211538282567673,0.0143011186113008,0.0192672087663611,0.00539968507149657,0.0192672087663611,0.00539968507149657
0.2,3,"Augmented","exact",100,FALSE,3566,1197,0.00417235950828437,0.00642073339842961,TRUE,1.06892619795435e-05,0.459792797903568,0.739563446485276,0.808960692871419,0.0188097166971416,0.0120362954917969,0.0188097166971416,0.0120362954917969,0.0174282442637445,0.00574799576463481,0.0174282442637445,0.00574799576463481
0.2,3,"Augmented","exact",316.227766016838,FALSE,3566,1197,0.00284023882288614,0.00510157449237383,TRUE,9.47656405282463e-06,0.460742179489145,0.73916321612761,0.806962025316456,0.0145117994127308,0.00791401592646912,0.0145117994127308,0.00791401592646912,0.0167979011755156,0.00763153944633077,0.0167979011755156,0.00763153944633077
0.2,3,"Augmented","exact",1000,TRUE,3566,1197,0.00141695628555982,0.00366916839533517,TRUE,8.58034266296969e-06,0.463148120810366,0.736928006794908,0.799467021985343,0.00985598548701427,0.00348417408244095,0.00985598548701427,0.00348417408244095,0.0137110057833633,0.00587665628689227,0.0137110057833633,0.00587665628689227
0.2,3,"Augmented","exact",3162.27766016838,FALSE,3566,1197,0.000548736129430518,0.00278535946385473,TRUE,1.65212232932636e-05,0.465328164996131,0.734296427847539,0.795969353764157,0.00697448558911895,0.000754076365061751,0.00697448558911895,0.000754076365061751,0.0102430751837197,0.00225155913950437,0.0102430751837197,0.00225155913950437
0.2,3,"Augmented","exact",10000,FALSE,3566,1197,0.000186995220580368,0.00241475117183,TRUE,4.59488799045194e-05,0.46639714193274,0.732950315454876,0.795136575616256,0.00576058725152429,-0.000394702368475164,0.00576058725152429,0.000394702368475164,0.00927100636314881,0.00120662706008956,0.00927100636314881,0.00120662706008956
0.2,3,"AugmentedMisspecified","exact",0,FALSE,3566,1197,0.00502611640679477,0.00779154369978482,TRUE,1.05052121372752e-13,0.459985191766892,0.739071040888486,0.810293137908061,0.02254500432315,0.0156520704595693,0.02254500432315,0.0156520704595693,0.0208172080416283,0.00671526788917332,0.0208172080416283,0.00671526788917332
0.2,3,"AugmentedMisspecified","exact",0.001,FALSE,3566,1197,0.00502611397314383,0.00779154083469573,TRUE,1.08714391389232e-07,0.459985190356858,0.739071040888486,0.810293137908061,0.0225449956581059,0.0156520629276744,0.0225449956581059,0.0156520629276744,0.0208172080416283,0.00671526788917332,0.0208172080416283,0.00671526788917332
0.2,3,"AugmentedMisspecified","exact",0.00316227766016838,FALSE,3566,1197,0.00502610740136406,0.00779153320804931,TRUE,3.20194346042116e-07,0.459985186269339,0.739070880024194,0.810293137908061,0.0225449727528306,0.0156520426245204,0.0225449727528306,0.0156520426245204,0.0208172080416283,0.00671526788917332,0.0208172080416283,0.00671526788917332
0.2,3,"AugmentedMisspecified","exact",0.01,FALSE,3566,1197,0.00502608675340572,0.00779150924671806,TRUE,1.00051031304055e-06,0.459985173738919,0.739071040888486,0.810293137908061,0.0225449005930327,0.0156519787196956,0.0225449005930327,0.0156519787196956,0.0208172080416283,0.00671526788917332,0.0208172080416283,0.00671526788917332
0.2,3,"AugmentedMisspecified","exact",0.0316227766016838,FALSE,3566,1197,0.00502602172802898,0.00779143380730302,TRUE,3.1535962337541e-06,0.459985134271532,0.739072488667111,0.810293137908061,0.022544673382994,0.0156517774634891,0.022544673382994,0.0156517774634891,0.0208172080416283,0.00671526788917332,0.0208172080416283,0.00671526788917332
0.2,3,"AugmentedMisspecified","exact",0.1,FALSE,3566,1197,0.00502581622802552,0.00779119539815902,TRUE,9.96439184300496e-06,0.45998500961673,0.739074097310027,0.810293137908061,0.022543955291307,0.0156511414237248,0.022543955291307,0.0156511414237248,0.0208172080416283,0.00671526788917332,0.0208172080416283,0.00671526788917332
0.2,3,"AugmentedMisspecified","exact",0.316227766016838,FALSE,3566,1197,0.00502197954018682,0.00778728110346773,TRUE,7.64567438213084e-06,0.459983055942404,0.739071684345652,0.810293137908061,0.0225315261545916,0.0156388680609114,0.0225315261545916,0.0156388680609114,0.0208172080416283,0.00671526788917332,0.0208172080416283,0.00671526788917332
0.2,3,"AugmentedMisspecified","exact",1,FALSE,3566,1197,0.00501272825714085,0.00777828048897848,TRUE,9.62801283036225e-06,0.459977725044383,0.739088092503402,0.810293137908061,0.022501882919654,0.0156098864127528,0.022501882919654,0.0156098864127528,0.0208172080416283,0.00671526788917332,0.0208172080416283,0.00671526788917332
0.2,3,"AugmentedMisspecified","exact",3.16227766016838,FALSE,3566,1197,0.00498306040114693,0.00774929558730658,TRUE,1.20707043627757e-05,0.459961351235308,0.739104983254027,0.810459693537642,0.0224098246847517,0.0155195578681371,0.0224098246847517,0.0155195578681371,0.0210930701105938,0.00706357858231177,0.0210930701105938,0.00706357858231177
0.2,3,"AugmentedMisspecified","exact",10,FALSE,3566,1197,0.00489206664662946,0.00765989381345997,TRUE,1.31603774753844e-05,0.459916503612869,0.739130078083527,0.810293137908061,0.0221244867536696,0.0152396456901787,0.0221244867536696,0.0152396456901787,0.0206727254279541,0.00616063671890166,0.0206727254279541,0.00616063671890166
0.2,3,"AugmentedMisspecified","exact",31.6227766016838,FALSE,3566,1197,0.00462460398244098,0.00739715087112693,TRUE,1.06794931499865e-05,0.459822401987918,0.739258126059694,0.810459693537642,0.021282829609181,0.0144168412879374,0.021282829609181,0.0144168412879374,0.0192672087663611,0.00539968507149657,0.0192672087663611,0.00539968507149657
0.2,3,"AugmentedMisspecified","exact",100,FALSE,3566,1197,0.00394896341359425,0.00672633758095819,TRUE,8.47544589288887e-06,0.459802720728107,0.73947786668211,0.80946035976016,0.019145148029986,0.0123358187523518,0.019145148029986,0.0123358187523518,0.0184003130843157,0.00644461715091138,0.0184003130843157,0.00644461715091138
0.2,3,"AugmentedMisspecified","exact",316.227766016838,FALSE,3566,1197,0.00271150295714084,0.00547560377776635,TRUE,1.35877689681961e-05,0.460616798244585,0.739100157325277,0.807794803464357,0.0151756599254206,0.0085024110350812,0.0151756599254206,0.0085024110350812,0.0152741082170138,0.00707690827605889,0.0152741082170138,0.00707690827605889
0.2,3,"AugmentedMisspecified","exact",1000,TRUE,3566,1197,0.00136707135301276,0.00408984533233218,TRUE,1.03504731588605e-05,0.462768964713793,0.73718603311874,0.801632245169887,0.0107692260343627,0.00428382205479272,0.0107692260343627,0.00428382205479272,0.0144203156933514,0.00636695719603508,0.0144203156933514,0.00636695719603508
0.2,3,"AugmentedMisspecified","exact",3162.27766016838,FALSE,3566,1197,0.000533322637684407,0.00322144135955003,TRUE,1.83729646604148e-05,0.464771354030951,0.734885191155038,0.798134576948701,0.00798748279414441,0.00163512404118882,0.00798748279414441,0.00163512404118882,0.0106634198663595,0.00253553957151398,0.0106634198663595,0.00253553957151398
0.2,3,"AugmentedMisspecified","exact",10000,FALSE,3566,1197,0.000182204545170775,0.00285309440393383,TRUE,4.50537429702844e-05,0.465772755402799,0.733718764176166,0.796469020652898,0.00680059461961269,0.000506792811489354,0.00680059461961269,0.000506792811489354,0.00900824745256645,0.000651995889818013,0.00900824745256645,0.000651995889818013
